日期,小区负载电量_kWh,光伏实际电量_kWh,计划购电量_kWh,紧急购电量_kWh,充电量_kWh,放电量_kWh,弃光量_kWh,0:00储电量_kWh,24:00储电量_kWh,计划购电费_元,紧急购电费_元,总购电费_元,最大电能平衡残差_kWh,最大SOC递推残差_kWh,最大充电功率_kW,最大放电功率_kW,求解状态
2025-01-01,127286.15238333333,35250.98236666667,96853.44019506172,0.0,25359.31672839506,20541.04655,0.0,6000.0,6000.000000000002,61778.212383179496,0.0,61778.212383179496,2.2737367544323206e-13,0.0,5000.0,5000.0,Optimization terminated successfully. (HiGHS Status 7: Optimal)
2025-01-02,127657.07848333333,34771.83921666667,97716.68498333333,0.0,25428.661666666663,20597.215949999998,0.0,6000.0,6000.000000000002,62514.1874347,0.0,62514.1874347,2.2737367544323206e-13,0.0,5000.0,5000.0,Optimization terminated successfully. (HiGHS Status 7: Optimal)
2025-01-03,81883.55671666666,36378.61534999999,49567.02851604938,0.0,21379.406049382713,17317.3189,0.0,6000.0,6000.0000000000055,25862.568474702595,0.0,25862.568474702595,1.1368683772161603e-13,0.0,5000.0,3777.0474999999997,Optimization terminated successfully. (HiGHS Status 7: Optimal)
2025-01-04,81891.73006666667,37126.1277,48829.22963415638,0.0,21387.51193415638,17323.884666666665,0.0,6000.0,6000.000000000004,25639.923802645986,0.0,25639.923802645986,1.5916157281026244e-12,0.0,5000.0,3820.582499999999,Optimization terminated successfully. (HiGHS Status 7: Optimal)
2025-01-05,127674.11883333333,36638.408533333335,95844.12025637858,0.0,25307.420823045264,20499.010866666667,0.0,6000.0,6000.000000000002,61265.91007510396,0.0,61265.91007510396,2.2737367544323206e-13,0.0,5000.0,5000.0,Optimization terminated successfully. (HiGHS Status 7: Optimal)
2025-01-06,126826.69011666666,36194.20901666666,95366.59013333332,0.0,24916.36333333333,20182.2543,0.0,6000.0,6000.000000000001,60953.20908067499,0.0,60953.20908067499,2.2737367544323206e-13,0.0,5000.0,5000.0,Optimization terminated successfully. (HiGHS Status 7: Optimal)
2025-01-07,126927.46215,34360.5612,97417.3340664609,0.0,25528.59534979424,20678.162233333333,0.0,6000.0,6000.000000000002,62182.65356800331,0.0,62182.65356800331,2.2737367544323206e-13,0.0,5000.000000000001,5000.0,Optimization terminated successfully. (HiGHS Status 7: Optimal)
2025-01-08,126695.94395,37169.94263333333,94288.21830884773,0.0,25064.299958847736,20302.08296666667,0.0,6000.0,6000.000000000004,60205.65231981754,0.0,60205.65231981754,2.2737367544323206e-13,0.0,5000.0,5000.0,Optimization terminated successfully. (HiGHS Status 7: Optimal)
2025-01-09,127066.6182,35975.06208333334,95915.8294037037,0.0,25390.912037037036,20566.63875,0.0,6000.0,6000.000000000001,61262.8653165787,0.0,61262.8653165787,2.2737367544323206e-13,0.0,5000.0,5000.0,Optimization terminated successfully. (HiGHS Status 7: Optimal)
2025-01-10,81486.63841666667,35995.971699999995,49602.22554218107,0.0,21639.78329218107,17528.224466666667,0.0,6000.0,6000.000000000001,25846.829285757838,0.0,25846.829285757838,2.2737367544323206e-13,0.0,5000.0,3678.0862,Optimization terminated successfully. (HiGHS Status 7: Optimal)
2025-01-11,81610.19496666666,36744.30835,48946.68565802469,0.0,21477.889691358025,17397.09065,0.0,6000.0,6000.000000000004,25510.14660504629,0.0,25510.14660504629,1.1368683772161603e-13,0.0,5000.0,3640.2300000000005,Optimization terminated successfully. (HiGHS Status 7: Optimal)
2025-01-12,126519.32696666666,35653.438566666664,95627.80670905349,0.0,25062.72794238683,20300.809633333334,0.0,6000.0,6000.000000000001,60914.19058149756,0.0,60914.19058149756,1.9326762412674725e-12,0.0,5000.0,5000.0,Optimization terminated successfully. (HiGHS Status 7: Optimal)
2025-01-13,126980.35978333332,38706.40281666667,93019.60147469134,0.0,24977.07635802469,20231.43185,0.0,6000.0,6000.000000000001,58935.87735745246,0.0,58935.87735745246,2.2737367544323206e-13,0.0,5000.0,5000.0,Optimization terminated successfully. (HiGHS Status 7: Optimal)
2025-01-14,127109.49061666666,37829.17768333333,94066.1230308642,0.0,25188.474197530864,20402.6641,0.0,6000.0,6000.000000000008,59821.84395650475,0.0,59821.84395650475,2.2737367544323206e-13,0.0,5000.0,5000.0,Optimization terminated successfully. (HiGHS Status 7: Optimal)
2025-01-15,126963.89896666666,36893.55603333333,94885.29059032921,0.0,25341.82977366255,20526.882116666668,0.0,6000.0,6000.000000000002,60654.52225891403,0.0,60654.52225891403,2.2737367544323206e-13,0.0,5000.0,5000.0,Optimization terminated successfully. (HiGHS Status 7: Optimal)
2025-01-16,126807.76418333333,37733.612733333335,93784.07180617284,0.0,24789.054506172837,20079.134149999998,0.0,6000.0,6000.000000000001,59897.96464273611,0.0,59897.96464273611,1.1368683772161603e-13,0.0,5000.0,5000.0,Optimization terminated successfully. (HiGHS Status 7: Optimal)
2025-01-17,80876.07620000001,38186.962733333334,46660.0965973251,0.0,20899.91121399177,16928.928083333332,0.0,6000.0,6000.000000000004,24151.477066522777,0.0,24151.477066522777,1.1368683772161603e-13,0.0,5000.0,3745.2124999999996,Optimization terminated successfully. (HiGHS Status 7: Optimal)
2025-01-18,81208.0575,37965.54848333333,47133.6517781893,0.0,20479.698744855967,16588.555983333332,0.0,6000.0,6000.000000000002,24499.984406913518,0.0,24499.984406913518,1.1368683772161603e-13,0.0,5000.0,3727.185,Optimization terminated successfully. (HiGHS Status 7: Optimal)
2025-01-19,126210.84621666666,37527.70675,93497.81931748969,0.0,25340.420267489706,20525.740416666664,0.0,6000.0,6000.000000000001,59564.853651013414,0.0,59564.853651013414,2.2737367544323206e-13,0.0,5000.0,5000.0,Optimization terminated successfully. (HiGHS Status 7: Optimal)
2025-01-20,126565.66615,38498.5896,92792.18694876542,0.0,24869.00209876543,20143.8917,0.0,6000.0,6000.0,59077.18768872321,0.0,59077.18768872321,2.2737367544323206e-13,0.0,5000.0,5000.0,Optimization terminated successfully. (HiGHS Status 7: Optimal)
2025-01-21,125750.14588333332,42274.24119999999,88150.62883744856,0.0,24603.81133744856,19929.087183333337,0.0,6000.0,6000.0,55609.7261103474,0.0,55609.7261103474,1.1368683772161603e-13,0.0,5000.0,5000.0,Optimization terminated successfully. (HiGHS Status 7: Optimal)
2025-01-22,126679.58854999999,37780.82418333333,93694.33326296296,0.0,25239.836296296293,20444.2674,0.0,6000.0,6000.0,59545.65556482129,0.0,59545.65556482129,2.2737367544323206e-13,0.0,5000.0,5000.0,Optimization terminated successfully. (HiGHS Status 7: Optimal)
2025-01-23,126355.43114999999,36789.505549999994,94311.85542078188,0.0,24978.578004115225,20232.648183333335,0.0,6000.0,6000.000000000002,59864.32411290874,0.0,59864.32411290874,2.2737367544323206e-13,0.0,5000.000000000001,5000.0,Optimization terminated successfully. (HiGHS Status 7: Optimal)
2025-01-24,80339.53570000001,40510.12255,43882.746483333336,0.0,21333.333333333332,17280.0,0.0,6000.0,6000.000000000002,22620.421427091667,0.0,22620.421427091667,1.1368683772161603e-13,0.0,5000.0,3637.2875,Optimization terminated successfully. (HiGHS Status 7: Optimal)
2025-01-25,80632.06428333334,42192.488816666664,42454.44430473251,0.0,21130.88862139918,17116.019783333333,0.0,6000.0,5999.999999999999,22026.390199955844,0.0,22026.390199955844,1.1368683772161603e-13,0.0,5000.0,3680.715,Optimization terminated successfully. (HiGHS Status 7: Optimal)
2025-01-26,126385.04864999998,38686.05861666666,92429.38073148148,0.0,24896.79314814815,20166.40245,0.0,6000.0,6000.000000000003,58327.183679966474,0.0,58327.183679966474,1.8189894035458565e-12,0.0,5000.0,5000.0,Optimization terminated successfully. (HiGHS Status 7: Optimal)
2025-01-27,125642.95023333332,41448.03345,88913.25011666665,0.0,24833.333333333332,20115.0,0.0,6000.0,6000.0,55757.136742143324,0.0,55757.136742143324,2.2737367544323206e-13,0.0,5000.0,5000.0,Optimization terminated successfully. (HiGHS Status 7: Optimal)
2025-01-28,126496.61093333333,39516.211566666665,91705.84946666667,0.0,24870.789999999997,20145.3399,0.0,6000.0,6000.0,57885.75753343833,0.0,57885.75753343833,1.1368683772161603e-13,0.0,5000.0,5000.0,Optimization terminated successfully. (HiGHS Status 7: Optimal)
2025-01-29,125425.44486666666,44040.24381666666,85922.8607366255,0.0,23882.419403292177,19344.759716666667,0.0,6000.0,6000.000000000002,53480.99203729096,0.0,53480.99203729096,1.1368683772161603e-13,0.0,5000.0,5000.0,Optimization terminated successfully. (HiGHS Status 7: Optimal)
2025-01-30,126011.04995,42268.46716666666,88379.69341152263,0.0,24405.845411522634,19768.734783333333,0.0,6000.0,6000.000000000001,55776.294636459075,0.0,55776.294636459075,2.2737367544323206e-13,0.0,5000.0,5000.0,Optimization terminated successfully. (HiGHS Status 7: Optimal)
2025-01-31,80009.91998333334,41245.59693333333,42735.17722304526,0.0,20899.232489711932,16928.378316666665,0.0,6000.0,6000.0000000000055,21920.54860819623,0.0,21920.54860819623,1.1368683772161603e-13,0.0,5000.0,3552.155,Optimization terminated successfully. (HiGHS Status 7: Optimal)
2025-02-01,76305.20628333333,41927.03035,38118.750153292174,0.0,19687.232736625516,15946.658516666666,0.0,6000.0,6000.000000000002,19758.970907472758,0.0,19758.970907472758,1.1368683772161603e-13,0.0,5000.0,3312.25,Optimization terminated successfully. (HiGHS Status 7: Optimal)
2025-02-02,121705.97265,43349.69469999999,82850.75756028807,0.0,23655.155843621396,19160.67623333333,0.0,6000.0,6000.000000000002,51624.00166161489,0.0,51624.00166161489,1.1368683772161603e-13,0.0,5000.0,5000.0,Optimization terminated successfully. (HiGHS Status 7: Optimal)
2025-02-03,122603.769,42386.85249999999,84738.34209794237,0.0,23796.97683127572,19275.55123333333,0.0,6000.0,6000.000000000003,52913.519604326684,0.0,52913.519604326684,1.7053025658242404e-12,0.0,5000.0,5000.0,Optimization terminated successfully. (HiGHS Status 7: Optimal)
2025-02-04,121578.09884999998,40383.2349,85886.57458497942,0.0,24693.213868312756,20001.503233333333,0.0,6000.0,6000.000000000004,53862.47241810629,0.0,53862.47241810629,2.2737367544323206e-13,0.0,5000.0,5000.0,Optimization terminated successfully. (HiGHS Status 7: Optimal)
2025-02-05,121991.08443333334,41242.65745,85326.53203641975,0.0,24095.289753086417,19517.1847,0.0,6000.0,6000.000000000001,53226.510077463885,0.0,53226.510077463885,2.2737367544323206e-13,0.0,5000.0,5000.0,Optimization terminated successfully. (HiGHS Status 7: Optimal)
2025-02-06,122252.1627,41981.10548333333,84904.19486666666,0.0,24384.934999999998,19751.79735,0.0,6000.0,6000.000000000001,52920.926524869996,0.0,52920.926524869996,1.1368683772161603e-13,0.0,5000.000000000001,5000.0,Optimization terminated successfully. (HiGHS Status 7: Optimal)
2025-02-07,76168.59693333332,44362.91726666666,37301.77925658436,0.0,19807.173806584367,16043.810783333332,1732.7365666666628,6000.0,6000.0,19281.98641668218,0.0,19281.98641668218,1.1368683772161603e-13,0.0,5000.0,3216.2246999999998,Optimization terminated successfully. (HiGHS Status 7: Optimal)
2025-02-08,75746.78751666666,44169.6248,36149.9894255144,0.0,18862.86495884773,15278.920616666666,988.8823666666688,6000.0,6000.000000000002,18716.962525502102,0.0,18716.962525502102,2.8705926524708048e-12,0.0,5000.0,3114.9713,Optimization terminated successfully. (HiGHS Status 7: Optimal)
2025-02-09,121547.90356666666,41992.48759999999,84164.65257839505,0.0,24259.14006172839,19649.903449999998,0.0,6000.0,6000.0,52321.89858070111,0.0,52321.89858070111,2.2737367544323206e-13,0.0,5000.0,5000.0,Optimization terminated successfully. (HiGHS Status 7: Optimal)
2025-02-10,121477.56451666665,47150.92693333333,78754.46615202674,0.0,23304.360887860083,18876.53231916667,0.0,6000.0,6000.000000000002,48580.478000605784,0.0,48580.478000605784,1.7053025658242404e-12,0.0,5000.0,5000.0,Optimization terminated successfully. (HiGHS Status 7: Optimal)
2025-02-11,121441.28161666667,46220.68448333333,79653.054687,0.0,23328.723966666665,18896.266412999998,0.0,6000.0,6000.000000000002,49400.79003884996,0.0,49400.79003884996,2.2737367544323206e-13,0.0,5000.0,5000.0,Optimization terminated successfully. (HiGHS Status 7: Optimal)
2025-02-12,121363.85288333334,46097.116749999994,79728.79091229217,0.0,23484.498836625517,19022.444057666668,0.0,6000.0,5999.999999999999,49579.93238381816,0.0,49579.93238381816,2.2737367544323206e-13,0.0,5000.0,5000.0,Optimization terminated successfully. (HiGHS Status 7: Optimal)
2025-02-13,121310.28371666666,49980.80469999999,75732.75893580247,0.0,23175.157469135796,18771.877549999997,0.0,6000.0,6000.000000000001,46458.950858412834,0.0,46458.950858412834,2.2737367544323206e-13,0.0,5000.0,5000.0,Optimization terminated successfully. (HiGHS Status 7: Optimal)
2025-02-14,75872.63794999999,46070.83613333333,35461.096156790125,0.0,18519.266790123456,15000.606099999997,2140.633649999999,6000.0,6000.000000000003,18353.92223435037,0.0,18353.92223435037,2.2737367544323206e-13,0.0,5000.0,3358.6035,Optimization terminated successfully. (HiGHS Status 7: Optimal)
2025-02-15,76054.55225,46774.46115,35408.19319670781,0.0,18099.82226337449,14660.856033333333,2689.1358666666715,6000.0,6000.000000000006,18391.79908877815,0.0,18391.79908877815,9.322320693172514e-12,0.0,5000.0,3283.8999999999996,Optimization terminated successfully. (HiGHS Status 7: Optimal)
2025-02-16,121276.97728333331,45899.59818333333,79784.84820833334,0.0,23197.205833333337,18789.736725000002,0.0,6000.0,6000.0000000000055,49255.77292625416,0.0,49255.77292625416,4.320099833421409e-12,0.0,5000.0,5000.0,Optimization terminated successfully. (HiGHS Status 7: Optimal)
2025-02-17,120960.37281666666,49776.50964999999,75551.92707839506,0.0,22989.810061728393,18621.74615,0.0,6000.0,6000.0,46165.47320020266,0.0,46165.47320020266,1.1368683772161603e-13,0.0,5000.0,5000.0,Optimization terminated successfully. (HiGHS Status 7: Optimal)
2025-02-18,121331.27123333333,49239.883449999994,76516.32402233333,0.0,23289.138099999996,18864.201861,0.0,6000.0,6000.0,46872.60267735722,0.0,46872.60267735722,1.1368683772161603e-13,0.0,5000.0,5000.0,Optimization terminated successfully. (HiGHS Status 7: Optimal)
2025-02-19,121866.79411666666,48987.466733333335,77312.77026116668,0.0,23333.909883333334,18900.4670055,0.0,6000.0,6000.000000000002,47747.74807026143,0.0,47747.74807026143,1.5916157281026244e-12,0.0,5000.0,5000.0,Optimization terminated successfully. (HiGHS Status 7: Optimal)
2025-02-20,121105.25703333333,50112.12329999999,75284.12561893003,0.0,22584.167818930044,18293.175933333332,0.0,6000.0,6000.000000000002,46140.41701296883,0.0,46140.41701296883,1.5916157281026244e-12,0.0,5000.0,5000.0,Optimization terminated successfully. (HiGHS Status 7: Optimal)
2025-02-21,75802.00203333332,50241.74,34203.35629794239,0.0,17883.01016460905,14485.238233333333,5245.3223333333335,6000.0,5999.999999999998,17456.796932609257,0.0,17456.796932609257,7.389644451905042e-13,0.0,5000.0,3210.228,Optimization terminated successfully. (HiGHS Status 7: Optimal)
2025-02-22,75682.24226666667,47837.47938333333,34304.39170514403,0.0,17560.124588477363,14223.700916666665,3123.2051500000007,6000.0,6000.0,17670.66426709364,0.0,17670.66426709364,2.2737367544323206e-13,0.0,5000.0,3181.83,Optimization terminated successfully. (HiGHS Status 7: Optimal)
2025-02-23,121142.14093333333,49610.287249999994,75879.23237716049,0.0,22880.940493827162,18533.5618,0.0,6000.0,6000.000000000002,46347.115263186235,0.0,46347.115263186235,1.7053025658242404e-12,0.0,5000.0,5000.0,Optimization terminated successfully. (HiGHS Status 7: Optimal)
2025-02-24,120628.98854999998,52425.954933333334,72455.7649755144,0.0,22382.7966255144,18130.065266666665,0.0,6000.0,6000.000000000001,44260.517889688286,0.0,44260.517889688286,1.1368683772161603e-13,0.0,5000.0,5000.0,Optimization terminated successfully. (HiGHS Status 7: Optimal)
2025-02-25,121093.33288333332,55272.00965,69963.59451893004,0.0,21801.427818930046,17659.156533333335,0.0,6000.0,6000.000000000002,42744.70436229883,0.0,42744.70436229883,1.4779288903810084e-12,0.0,5000.0,5000.0,Optimization terminated successfully. (HiGHS Status 7: Optimal)
2025-02-26,121060.73411666666,52245.88608333333,73051.7041063786,0.0,22299.242489711934,18062.386416666668,0.0,6000.0,6000.0,44493.955400694584,0.0,44493.955400694584,1.1368683772161603e-13,0.0,5000.0,5000.0,Optimization terminated successfully. (HiGHS Status 7: Optimal)
2025-02-27,120599.48893333334,53642.90473333333,71295.69138847735,0.0,22837.40625514403,18498.299066666666,0.0,6000.0,6000.0,43958.97476370339,0.0,43958.97476370339,1.1368683772161603e-13,0.0,5000.0,5000.0,Optimization terminated successfully. (HiGHS Status 7: Optimal)
2025-02-28,75385.10795,52092.51439999999,33066.97930514403,0.0,17216.8179218107,13945.622516666668,6503.190349999997,6000.0,6000.0,16908.656253755304,0.0,16908.656253755304,4.547473508864641e-13,0.0,5000.0,3125.8428,Optimization terminated successfully. (HiGHS Status 7: Optimal)
2025-03-01,72244.16014999998,48585.39421666667,31761.184128806584,0.0,16498.768106995885,13364.002166666665,4967.652255144032,6000.0,6000.000000000002,16474.82802527422,0.0,16474.82802527422,3.979039320256561e-13,0.0,5000.0,2873.681,Optimization terminated successfully. (HiGHS Status 7: Optimal)
2025-03-02,117860.41708333333,45502.110016666666,76899.62196117284,0.0,23901.65733950617,19360.342444999995,0.0,6000.0,6000.000000000001,47119.42583996161,0.0,47119.42583996161,2.2737367544323206e-13,0.0,5000.0,4799.2939,Optimization terminated successfully. (HiGHS Status 7: Optimal)
2025-03-03,117958.7456,45941.59896666666,76455.76642216666,0.0,23361.156783333332,18922.536994500002,0.0,6000.0,6000.0,47074.32950029356,0.0,47074.32950029356,1.1368683772161603e-13,0.0,5000.0,4957.8463,Optimization terminated successfully. (HiGHS Status 7: Optimal)
2025-03-04,118139.02498333334,48939.56705,73594.1394757716,0.0,23129.90285493827,18735.2213125,0.0,6000.0,6000.0,44684.76334995734,0.0,44684.76334995734,1.1368683772161603e-13,0.0,5000.0,5000.0,Optimization terminated successfully. (HiGHS Status 7: Optimal)
2025-03-05,118073.44383333332,51942.971816666664,70403.03592345679,0.0,22487.178456790123,18214.614550000002,0.0,6000.0,6000.0,42698.19761432364,0.0,42698.19761432364,1.1368683772161603e-13,0.0,5000.0,5000.0,Optimization terminated successfully. (HiGHS Status 7: Optimal)
2025-03-06,117673.59855,51732.944416666665,70201.85109465019,0.0,22427.352427983533,18166.155466666663,0.0,6000.0,6000.000000000003,42563.358236403845,0.0,42563.358236403845,1.1368683772161603e-13,0.0,5000.0,4685.75,Optimization terminated successfully. (HiGHS Status 7: Optimal)
2025-03-07,71680.36145,50758.07591666667,30515.55733333333,0.0,16000.000000000002,12959.999999999996,6553.271799999999,6000.0,6000.000000000003,15759.921515528335,0.0,15759.921515528335,3.069544618483633e-12,0.0,5000.0,2779.7824,Optimization terminated successfully. (HiGHS Status 7: Optimal)
2025-03-08,72344.71158333334,53281.57206666666,30849.246999999996,0.0,16000.000000000004,12960.0,8746.10748333333,6000.0,6000.0000000000055,15840.040295948334,0.0,15840.040295948334,1.5916157281026244e-12,0.0,5000.0,2787.7660000000005,Optimization terminated successfully. (HiGHS Status 7: Optimal)
2025-03-09,117692.9865,54359.461449999995,67505.11242860083,0.0,21955.72304526749,17784.135666666665,0.0,6000.0,6000.000000000002,40918.96204784654,0.0,40918.96204784654,1.1368683772161603e-13,0.0,5000.0,4684.99,Optimization terminated successfully. (HiGHS Status 7: Optimal)
2025-03-10,117943.06436666666,49900.99291666666,72193.89355473252,0.0,21851.69528806585,17699.873183333333,0.0,6000.0,6000.000000000002,43540.56016815212,0.0,43540.56016815212,1.1368683772161603e-13,0.0,5000.0,4933.3973000000005,Optimization terminated successfully. (HiGHS Status 7: Optimal)
2025-03-11,117499.55295,53560.63415,68151.60794423867,0.0,22172.048127572012,17959.35898333333,0.0,6000.0,6000.000000000004,41108.339856562525,0.0,41108.339856562525,2.2737367544323206e-13,0.0,5000.0,4729.3891,Optimization terminated successfully. (HiGHS Status 7: Optimal)
2025-03-12,118112.23683333333,55676.70215,66583.05862057614,0.0,21829.073353909458,17681.549416666665,0.0,6000.0,6000.000000000001,40254.33209753691,0.0,40254.33209753691,1.1368683772161603e-13,0.0,5000.0,4773.84,Optimization terminated successfully. (HiGHS Status 7: Optimal)
2025-03-13,118237.27705,50691.65903333333,71714.23138312757,0.0,21940.070349794238,17771.45698333333,0.0,6000.0,6000.000000000003,43369.98645543226,0.0,43369.98645543226,1.1368683772161603e-13,0.0,5000.0,4976.26,Optimization terminated successfully. (HiGHS Status 7: Optimal)
2025-03-14,72108.86895,56079.44296666667,29797.969450000004,0.0,15999.999999999996,12960.0,10728.543466666666,6000.0,6000.0,15290.543238074999,0.0,15290.543238074999,9.094947017729282e-13,0.0,5000.0,2980.29,Optimization terminated successfully. (HiGHS Status 7: Optimal)
2025-03-15,72724.98178333332,51800.85663333333,30580.968799999995,0.0,16000.0,12959.999999999998,6616.843649999999,6000.0,6000.0,15690.03603018,0.0,15690.03603018,1.1368683772161603e-13,0.0,5000.0,3051.8942,Optimization terminated successfully. (HiGHS Status 7: Optimal)
2025-03-16,117983.21598333333,54632.16905,67534.66638634156,0.0,22019.049752674895,17835.430299666667,0.0,6000.0,6000.000000000005,40559.71445867016,0.0,40559.71445867016,1.1368683772161603e-13,0.0,5000.0,5000.0,Optimization terminated successfully. (HiGHS Status 7: Optimal)
2025-03-17,117693.6218,59835.490366666665,61920.60853230451,0.0,21381.45841563786,17318.981316666668,0.0,6000.0,6000.0,37256.24961675932,0.0,37256.24961675932,1.1368683772161603e-13,0.0,5000.0,4752.779100000001,Optimization terminated successfully. (HiGHS Status 7: Optimal)
2025-03-18,117253.42358333332,56127.465216666664,65242.808000205754,0.0,21667.62965020576,17550.780016666668,0.0,6000.0,5999.999999999998,39284.67042704414,0.0,39284.67042704414,2.2737367544323206e-13,0.0,5000.000000000001,4809.182499999999,Optimization terminated successfully. (HiGHS Status 7: Optimal)
2025-03-19,117281.55799999999,57816.08755,63589.131552263374,0.0,21703.47948559671,17579.81838333333,0.0,6000.0,6000.0000000000055,38292.69975361882,0.0,38292.69975361882,1.5916157281026244e-12,0.0,5000.0,4940.67,Optimization terminated successfully. (HiGHS Status 7: Optimal)
2025-03-20,117648.38173333331,55439.41991666666,66322.04493868313,0.0,21647.805905349793,17534.72278333333,0.0,6000.0,6000.000000000002,39945.115383710865,0.0,39945.115383710865,2.2737367544323206e-13,0.0,5000.0,4962.09,Optimization terminated successfully. (HiGHS Status 7: Optimal)
2025-03-21,72593.53221666666,60560.06769999999,29342.28328333333,0.0,16000.0,12960.0,14268.818766666662,6000.0,5999.999999999999,14859.575526866665,0.0,14859.575526866665,1.1368683772161603e-13,0.0,5000.0,2968.95,Optimization terminated successfully. (HiGHS Status 7: Optimal)
2025-03-22,71936.92953333333,56055.7298,29118.46443333333,0.0,16000.000000000004,12959.999999999998,10197.264699999998,6000.0,6000.0,14721.50856912,0.0,14721.50856912,1.5916157281026244e-12,0.0,5000.0,2830.8751,Optimization terminated successfully. (HiGHS Status 7: Optimal)
2025-03-23,117739.97726666665,58970.257150000005,62823.96558292181,0.0,21338.134032921807,17283.88856666666,0.0,6000.0,6000.000000000005,37602.779747540066,0.0,37602.779747540066,1.1368683772161603e-13,0.0,5000.0,4906.1392,Optimization terminated successfully. (HiGHS Status 7: Optimal)
2025-03-24,117425.17061666667,59426.67353333333,62125.47424074073,0.0,21720.932407407407,17593.95525,0.0,6000.0,6000.0,37322.65741493889,0.0,37322.65741493889,1.1368683772161603e-13,0.0,5000.0,4834.11,Optimization terminated successfully. (HiGHS Status 7: Optimal)
2025-03-25,118053.16781666665,57103.043099999995,65038.542883127564,0.0,21517.990349794236,17429.572183333334,0.0,6000.0,6000.0,39028.2746422792,0.0,39028.2746422792,1.1368683772161603e-13,0.0,5000.0,4801.155,Optimization terminated successfully. (HiGHS Status 7: Optimal)
2025-03-26,117704.62779999999,62112.07293333333,59645.88819999999,0.0,21333.33333333333,17280.0,0.0,6000.0,6000.000000000002,35825.891056116656,0.0,35825.891056116656,1.1368683772161603e-13,0.0,5000.0,4727.602500000001,Optimization terminated successfully. (HiGHS Status 7: Optimal)
2025-03-27,117952.59836666666,59235.60896666667,62782.36383086419,0.0,21396.707530864194,17331.3331,0.0,6000.0,6000.000000000004,37579.566514977036,0.0,37579.566514977036,1.5916157281026244e-12,0.0,5000.0,4600.3525,Optimization terminated successfully. (HiGHS Status 7: Optimal)
2025-03-28,71891.76726666666,61069.8865,28590.554249999997,0.0,16000.000000000002,12959.999999999998,14728.673483333334,6000.0,6000.000000000003,14324.334863913333,0.0,14324.334863913333,2.8990143619012088e-12,0.0,5000.0,2903.24,Optimization terminated successfully. (HiGHS Status 7: Optimal)
2025-03-29,72118.27746666667,64411.06828333333,28764.37406666666,0.0,16000.0,12960.000000000004,18017.16488333333,6000.0,6000.0,14549.743858856662,0.0,14549.743858856662,1.1368683772161603e-13,0.0,5000.0,2893.47,Optimization terminated successfully. (HiGHS Status 7: Optimal)
2025-03-30,117994.70585,62649.086149999996,59444.9587419753,0.0,21575.46864197531,17476.1296,0.0,6000.0,6000.0,35453.303980412835,0.0,35453.303980412835,1.1368683772161603e-13,0.0,5000.0,4569.474799999999,Optimization terminated successfully. (HiGHS Status 7: Optimal)
2025-03-31,117075.66561666667,60124.27613333333,60835.70197160493,0.0,20443.7499382716,16559.437449999998,0.0,6000.0,6000.000000000004,36378.77139161031,0.0,36378.77139161031,1.5916157281026244e-12,0.0,5000.0,4776.2825,Optimization terminated successfully. (HiGHS Status 7: Optimal)
2025-04-01,117967.1463,57758.29478333333,64105.87067716049,0.0,20510.62716049383,16613.608,0.0,6000.0,6000.000000000003,37969.6231816637,0.0,37969.6231816637,1.7053025658242404e-12,0.0,5000.0,4632.2187,Optimization terminated successfully. (HiGHS Status 7: Optimal)
2025-04-02,117986.62945,57551.29404999999,64488.66873333333,0.0,21333.333333333325,17280.0,0.0,6000.0,5999.999999999995,38224.948857384996,0.0,38224.948857384996,3.296918293926865e-12,0.0,5000.0,4730.4775,Optimization terminated successfully. (HiGHS Status 7: Optimal)
2025-04-03,117884.45609999998,62020.92583333333,59938.64670123457,0.0,21447.981234567902,17372.864799999996,0.0,6000.0,6000.0,35928.448186044814,0.0,35928.448186044814,1.1368683772161603e-13,0.0,5000.0,4677.277500000001,Optimization terminated successfully. (HiGHS Status 7: Optimal)
2025-04-04,71735.75181666667,65304.949566666655,27599.074266666667,0.0,16000.000000000002,12959.999999999998,18128.27201666667,6000.0,6000.000000000003,13643.616372631666,0.0,13643.616372631666,1.5916157281026244e-12,0.0,5000.0,3021.02,Optimization terminated successfully. (HiGHS Status 7: Optimal)
2025-04-05,72602.74256666665,60558.62758333332,28008.27665,0.0,16000.0,12959.999999999998,12924.161666666665,6000.0,6000.000000000003,13996.047944378335,0.0,13996.047944378335,3.410605131648481e-13,0.0,5000.0,2926.2443,Optimization terminated successfully. (HiGHS Status 7: Optimal)
2025-04-06,117205.43058333333,62795.354316666664,58379.05006522633,0.0,20889.335781893,16920.361983333336,0.0,6000.0,5999.999999999999,34860.37837279969,0.0,34860.37837279969,1.1368683772161603e-13,0.0,5000.0,4635.19,Optimization terminated successfully. (HiGHS Status 7: Optimal)
2025-04-07,117015.14203333334,63772.422750000005,57177.76261604938,0.0,20710.754382716048,16775.71105,0.0,6000.0,6000.000000000002,33967.30224917646,0.0,33967.30224917646,1.1368683772161603e-13,0.0,5000.0,4410.1141,Optimization terminated successfully. (HiGHS Status 7: Optimal)
2025-04-08,117713.29026666666,63360.09664999999,58406.62510493827,0.0,21333.849938271604,17280.41845,0.0,6000.0,6000.0,35145.43950781926,0.0,35145.43950781926,1.1368683772161603e-13,0.0,5000.0,4479.03,Optimization terminated successfully. (HiGHS Status 7: Optimal)
2025-04-09,117677.52253333332,58543.21151666666,63187.48751790123,0.0,21332.507901234563,17279.331399999995,0.0,6000.0,6000.000000000002,37247.05756652259,0.0,37247.05756652259,1.2505552149377763e-12,0.0,5000.0,4497.9315,Optimization terminated successfully. (HiGHS Status 7: Optimal)
2025-04-10,117668.70068333333,63208.06278333333,58434.66604259259,0.0,20915.937592592592,16941.90945,0.0,6000.0,6000.0,35110.73194389709,0.0,35110.73194389709,1.1368683772161603e-13,0.0,5000.0,4601.8015,Optimization terminated successfully. (HiGHS Status 7: Optimal)
2025-04-11,72091.99675,66775.34658333333,27351.018900000003,0.0,16000.000000000002,12959.999999999998,18994.36873333333,6000.0,6000.000000000005,13453.510044655,0.0,13453.510044655,1.2505552149377763e-12,0.0,5000.000000000004,2958.92,Optimization terminated successfully. (HiGHS Status 7: Optimal)
2025-04-12,71957.17576666665,62932.01521666667,26760.829299999998,0.0,16000.0,12960.0,14695.668749999983,6000.0,6000.0,13223.568652835,0.0,13223.568652835,8.213874025386758e-12,0.0,5000.0,2856.9235999999996,Optimization terminated successfully. (HiGHS Status 7: Optimal)
2025-04-13,117283.06219999999,63006.703716666656,58147.88091049383,0.0,20376.433827160494,16504.911399999997,0.0,6000.0,6000.0,34633.14007570389,0.0,34633.14007570389,2.2737367544323206e-13,0.0,5000.0,4493.88,Optimization terminated successfully. (HiGHS Status 7: Optimal)
2025-04-14,117901.37268333332,65373.34088333332,56471.8242845,0.0,20756.802549999997,16813.0100655,0.0,6000.0,5999.999999999998,33325.5881396926,0.0,33325.5881396926,1.1368683772161603e-13,0.0,5000.0,4555.9,Optimization terminated successfully. (HiGHS Status 7: Optimal)
2025-04-15,117056.90516666666,66917.47633333332,53870.70395288066,0.0,19638.29010288066,15907.014983333334,0.0,6000.0,6000.000000000005,32588.550718110928,0.0,32588.550718110928,1.1368683772161603e-13,0.0,5000.0,4506.4415,Optimization terminated successfully. (HiGHS Status 7: Optimal)
2025-04-16,117924.88506666665,62145.29311666667,59563.367275308636,0.0,19914.60697530864,16130.831650000002,0.0,6000.0,6000.000000000001,35111.28013211191,0.0,35111.28013211191,1.1368683772161603e-13,0.0,5000.0,4489.844000000001,Optimization terminated successfully. (HiGHS Status 7: Optimal)
2025-04-17,117487.04263333333,64618.700283333324,56711.92385087037,0.0,20229.376320370364,16385.794819499995,0.0,6000.0,6000.000000000004,33918.57950667051,0.0,33918.57950667051,1.1368683772161603e-13,0.0,5000.0,4505.26,Optimization terminated successfully. (HiGHS Status 7: Optimal)
2025-04-18,71490.16935,65136.05216666666,26183.020083333333,0.0,16000.0,12960.0,16788.9029,6000.0,6000.000000000002,12663.063005741667,0.0,12663.063005741667,1.1368683772161603e-13,0.0,5000.0,2851.56,Optimization terminated successfully. (HiGHS Status 7: Optimal)
2025-04-19,71905.41535,65120.736099999995,26129.841716666666,0.0,16000.0,12959.999999999996,16305.162466666663,6000.0,6000.0,12587.052291783333,0.0,12587.052291783333,2.8421709430404007e-12,0.0,5000.0,2851.6119,Optimization terminated successfully. (HiGHS Status 7: Optimal)
2025-04-20,117197.81635000001,65240.07146666667,55924.31232407406,0.0,20876.670740740738,16910.103300000002,0.0,6000.0,5999.999999999998,33029.33664787111,0.0,33029.33664787111,1.1368683772161603e-13,0.0,5000.0,4329.2694,Optimization terminated successfully. (HiGHS Status 7: Optimal)
2025-04-21,118481.63788333331,69964.7275,52187.45722592592,0.0,19318.667592592596,15648.120749999998,0.0,6000.0,6000.0,31292.739511962776,0.0,31292.739511962776,1.1368683772161603e-13,0.0,5000.0,4446.0993,Optimization terminated successfully. (HiGHS Status 7: Optimal)
2025-04-22,117811.00101666666,65658.0717,55926.29128930041,0.0,19859.799855967074,16086.437883333332,0.0,6000.0,6000.0,33002.261001174775,0.0,33002.261001174775,1.1368683772161603e-13,0.0,5000.0,4416.9422,Optimization terminated successfully. (HiGHS Status 7: Optimal)
2025-04-23,118030.51476666666,66630.59805,55109.21359012345,0.0,19522.615123456784,15813.31825,0.0,6000.0,5999.999999999999,32439.241011750877,0.0,32439.241011750877,2.2737367544323206e-13,0.0,5000.0,4490.2167,Optimization terminated successfully. (HiGHS Status 7: Optimal)
2025-04-24,117497.77966666667,70407.67296666667,51017.28200925925,0.0,19186.224259259252,15540.841649999997,281.79270000000093,6000.0,5999.999999999998,30787.898070282776,0.0,30787.898070282776,1.1368683772161603e-13,0.0,5000.0,4473.01,Optimization terminated successfully. (HiGHS Status 7: Optimal)
2025-04-25,71763.3212,69762.96354999999,25359.897329166663,0.0,16003.852083333335,12963.1201875,20318.80778333333,6000.0,6000.0,12194.357906677082,0.0,12194.357906677082,1.1368683772161603e-13,0.0,5000.0,2941.25,Optimization terminated successfully. (HiGHS Status 7: Optimal)
2025-04-26,72100.92436666667,72030.73073333333,25859.066199999994,0.0,16000.000000000002,12960.0,22748.872566666658,6000.0,6000.0,12572.808112591665,0.0,12572.808112591665,6.366462912410498e-12,0.0,5000.0,2904.7994,Optimization terminated successfully. (HiGHS Status 7: Optimal)
2025-04-27,117032.52253333334,68459.05135,52697.78056213992,0.0,19870.58602880658,16095.174683333333,348.8980333333334,6000.0,6000.000000000001,31786.20454984829,0.0,31786.20454984829,1.1368683772161603e-13,0.0,5000.0,4403.1787,Optimization terminated successfully. (HiGHS Status 7: Optimal)
2025-04-28,117537.3008,60915.33348333332,60394.60001769547,0.0,19855.961584362136,16083.328883333334,0.0,6000.0,6000.0,35286.53346710364,0.0,35286.53346710364,1.1368683772161603e-13,0.0,5000.0,4385.35,Optimization terminated successfully. (HiGHS Status 7: Optimal)
2025-04-29,117252.75871666666,69819.545,50974.52469423869,0.0,17898.378127572014,14497.686283333333,140.61913333333487,6000.0,6000.000000000002,31137.241198877036,0.0,31137.241198877036,1.1368683772161603e-13,0.0,5000.0,4493.95,Optimization terminated successfully. (HiGHS Status 7: Optimal)
2025-04-30,117682.88071666665,69426.02628333334,51743.305869958844,0.0,18349.74440329218,14863.292966666666,0.0,6000.0,6000.000000000004,30734.121245942755,0.0,30734.121245942755,2.2737367544323206e-13,0.0,5000.0,4481.027000000001,Optimization terminated successfully. (HiGHS Status 7: Optimal)
2025-05-01,120364.58391666666,69353.20511666666,55378.7076701646,0.0,19876.107386831274,16099.646983333332,590.868466666669,6000.0,6000.0000000000055,34406.9828589823,0.0,34406.9828589823,3.296918293926865e-12,0.0,5000.0,5000.0,Optimization terminated successfully. (HiGHS Status 7: Optimal)
2025-05-02,74761.02673333333,60470.70664999999,29185.56943333333,0.0,16000.000000000005,12960.0,11855.24935,6000.0,6000.000000000006,15326.642885554998,0.0,15326.642885554998,5.7980287238024175e-12,0.0,5000.0,3278.4932999999996,Optimization terminated successfully. (HiGHS Status 7: Optimal)
2025-05-03,74894.84928333333,66027.67763333333,28327.73958333333,0.0,15999.999999999996,12960.0,16420.567933333336,6000.0,6000.0,14741.949280164998,0.0,14741.949280164998,1.1368683772161603e-13,0.0,5000.0,3435.05,Optimization terminated successfully. (HiGHS Status 7: Optimal)
2025-05-04,120670.08423333333,68935.4169,55121.11565555555,0.0,17823.41222222222,14436.9639,0.0,6000.0,5999.999999999998,33879.37628983944,0.0,33879.37628983944,2.2737367544323206e-13,0.0,5000.0,4823.247600000001,Optimization terminated successfully. (HiGHS Status 7: Optimal)
2025-05-05,120612.16386666667,65536.15706666667,58908.16594979423,0.0,20169.25868312757,16337.09953333333,0.0,6000.0,6000.000000000005,35634.821855125745,0.0,35634.821855125745,1.8189894035458565e-12,0.0,5000.0,4881.439,Optimization terminated successfully. (HiGHS Status 7: Optimal)
2025-05-06,121017.19009999999,68147.10773333334,56765.23992592592,0.0,20500.82925925925,16605.6717,0.0,6000.0,6000.0,34535.0778060837,0.0,34535.0778060837,1.1368683772161603e-13,0.0,5000.0,4885.615,Optimization terminated successfully. (HiGHS Status 7: Optimal)
2025-05-07,121160.21501666667,66092.36906666667,58866.411262345675,0.0,19992.449012345678,16193.8837,0.0,6000.0,6000.0,36069.76815596738,0.0,36069.76815596738,1.1368683772161603e-13,0.0,5000.0,4998.07,Optimization terminated successfully. (HiGHS Status 7: Optimal)
2025-05-08,120445.47738333332,64618.964983333324,59525.95660351028,0.0,19470.75896584362,15771.314762333333,0.0,6000.0,6000.0,35933.819109855256,0.0,35933.819109855256,1.1368683772161603e-13,0.0,5000.0,5000.0,Optimization terminated successfully. (HiGHS Status 7: Optimal)
2025-05-09,74253.82544999999,65754.4396,27923.891066666667,0.0,16000.000000000002,12959.999999999998,16384.50521666666,6000.0,6000.000000000001,14443.894035366668,0.0,14443.894035366668,1.8474111129762605e-13,0.0,5000.0,3364.7508,Optimization terminated successfully. (HiGHS Status 7: Optimal)
2025-05-10,74647.98705,62526.941766666656,28004.130541666666,0.0,16005.942499999996,12964.813425,12841.956183333332,6000.0,6000.000000000002,14445.458129441668,0.0,14445.458129441668,1.1368683772161603e-13,0.0,5000.0,3324.0296999999996,Optimization terminated successfully. (HiGHS Status 7: Optimal)
2025-05-11,120743.09041666667,65259.01133333333,59113.431271399175,0.0,19101.853621399176,15472.501433333331,0.0,6000.0,6000.000000000004,35752.2434049492,0.0,35752.2434049492,1.1368683772161603e-13,0.0,5000.0,5000.0,Optimization terminated successfully. (HiGHS Status 7: Optimal)
2025-05-12,120448.60361666666,68517.40838333333,55169.03001234568,0.0,17041.235679012345,13803.400899999999,0.0,6000.0,5999.999999999998,33836.69674703451,0.0,33836.69674703451,2.2737367544323206e-13,0.0,5000.0,4916.1872,Optimization terminated successfully. (HiGHS Status 7: Optimal)
2025-05-13,120269.6316,67140.41883333333,56756.27899670781,0.0,19089.82226337448,15462.756033333331,0.0,6000.0,6000.0,34285.32026772757,0.0,34285.32026772757,1.1368683772161603e-13,0.0,5000.0,4952.8874000000005,Optimization terminated successfully. (HiGHS Status 7: Optimal)
2025-05-14,120592.00526666666,67577.85648333334,56580.91014711933,0.0,18772.428230452668,15205.666866666666,0.0,6000.0,5999.999999999999,34207.21703855662,0.0,34207.21703855662,1.1368683772161603e-13,0.0,5000.0,4938.05,Optimization terminated successfully. (HiGHS Status 7: Optimal)
2025-05-15,119598.30981666666,66833.25153333333,56389.68504629629,0.0,19076.98296296296,15452.356200000002,0.0,6000.0,5999.999999999994,34265.898822829215,0.0,34265.898822829215,1.1368683772161603e-13,0.0,5000.0,4833.73,Optimization terminated successfully. (HiGHS Status 7: Optimal)
2025-05-16,74681.34474999999,71965.83821666666,26936.66370833333,0.0,16001.52583333333,12961.235925,21180.86726666666,6000.0,5999.999999999993,13626.497703650832,0.0,13626.497703650832,7.617018127348274e-12,0.0,5000.0,3396.6799999999994,Optimization terminated successfully. (HiGHS Status 7: Optimal)
2025-05-17,75274.53043333333,64825.73134999999,27881.532083333328,0.0,15999.999999999998,12960.0,14392.732999999998,6000.0,6000.000000000001,14479.49334510833,0.0,14479.49334510833,6.821210263296962e-13,0.0,5000.0,3559.9646,Optimization terminated successfully. (HiGHS Status 7: Optimal)
2025-05-18,120687.037,67010.8689,57331.5518127572,0.0,19238.861646090532,15583.477933333332,0.0,6000.0,6000.0,34102.0071346052,0.0,34102.0071346052,1.1368683772161603e-13,0.0,5000.0,5000.0,Optimization terminated successfully. (HiGHS Status 7: Optimal)
2025-05-19,120072.38798333332,72557.17143333334,51483.59013518518,0.0,18043.218888888892,14615.0073,540.1619962962945,6000.0,6000.0,31747.725578481666,0.0,31747.725578481666,1.1368683772161603e-13,0.0,5000.0,5000.0,Optimization terminated successfully. (HiGHS Status 7: Optimal)
2025-05-20,120437.57771666667,65910.18289999999,58020.22213724279,0.0,18383.301687242798,14890.474366666667,0.0,6000.0,6000.000000000001,34946.366644249065,0.0,34946.366644249065,1.1368683772161603e-13,0.0,5000.0,4989.44,Optimization terminated successfully. (HiGHS Status 7: Optimal)
2025-05-21,120283.05128333332,68920.43599999999,54668.38152469135,0.0,17398.769691358022,14093.003449999998,0.0,6000.0,6000.0,33694.35317542481,0.0,33694.35317542481,1.1368683772161603e-13,0.0,5000.0,4866.026,Optimization terminated successfully. (HiGHS Status 7: Optimal)
2025-05-22,119729.68001666665,68913.0492,54250.98105144032,0.0,18075.527551440322,14641.177316666666,0.0,6000.0,6000.0,33154.22098184516,0.0,33154.22098184516,1.1368683772161603e-13,0.0,5000.0,5000.0,Optimization terminated successfully. (HiGHS Status 7: Optimal)
2025-05-23,74983.38438333332,68562.43549999999,26848.31641666666,0.0,15999.999999999998,12960.0,17387.367533333334,6000.0,6000.000000000002,13622.327405994998,0.0,13622.327405994998,1.1368683772161603e-13,0.0,5000.0,3307.8843999999995,Optimization terminated successfully. (HiGHS Status 7: Optimal)
2025-05-24,74693.81781666665,70939.31643333333,26746.795916666662,0.0,16000.000000000002,12959.999999999998,19952.29453333333,6000.0,6000.000000000002,13428.772998153334,0.0,13428.772998153334,1.3642420526593924e-12,0.0,5000.0,3308.5706000000005,Optimization terminated successfully. (HiGHS Status 7: Optimal)
2025-05-25,120319.8776,71774.86741666666,51860.12998004114,0.0,17447.998930041147,14132.879133333332,0.0,6000.0,6000.000000000001,32070.989909947464,0.0,32070.989909947464,1.1368683772161603e-13,0.0,5000.0,4864.7361,Optimization terminated successfully. (HiGHS Status 7: Optimal)
2025-05-26,119407.96936666666,64828.13641666666,58135.645323666664,0.0,18714.801966666666,15158.989592999998,0.0,6000.0,6000.0000000000055,34826.395438862266,0.0,34826.395438862266,2.2737367544323206e-13,0.0,5000.0,4949.6,Optimization terminated successfully. (HiGHS Status 7: Optimal)
2025-05-27,120046.82734999999,70656.46005,52742.1722537037,0.0,17641.078703703697,14289.27375,0.0,6000.0,5999.999999999995,32221.626192856107,0.0,32221.626192856107,3.865352482534945e-12,0.0,5000.0,4915.65,Optimization terminated successfully. (HiGHS Status 7: Optimal)
2025-05-28,119921.84721666666,67648.02311666666,55860.25418950617,0.0,18875.94783950617,15289.517749999999,0.0,6000.0,6000.000000000001,33612.33954908784,0.0,33612.33954908784,1.1368683772161603e-13,0.0,5000.0,4954.6952,Optimization terminated successfully. (HiGHS Status 7: Optimal)
2025-05-29,120439.31426666665,66329.19076666667,57825.45373033333,0.0,19554.369633333332,15839.039402999999,0.0,6000.0,6000.000000000004,34933.85034360427,0.0,34933.85034360427,1.1368683772161603e-13,0.0,5000.0,5000.0,Optimization terminated successfully. (HiGHS Status 7: Optimal)
2025-05-30,74612.22448333332,68015.99121666666,27002.043700000002,0.0,15999.999999999998,12959.999999999996,17365.81043333334,6000.0,6000.000000000004,13763.728929289999,0.0,13763.728929289999,3.751665644813329e-12,0.0,5000.0,3247.2655,Optimization terminated successfully. (HiGHS Status 7: Optimal)
2025-05-31,74778.33258333334,66389.15103333333,27003.09442083333,0.0,16031.166250000004,12985.244662499998,15567.991283333331,6000.0,6000.0000000000055,13501.446273809584,0.0,13501.446273809584,3.979039320256561e-12,0.0,5000.0,3307.6821,Optimization terminated successfully. (HiGHS Status 7: Optimal)
2025-06-01,128248.56003333331,57023.73373333333,75357.98791831276,0.0,21753.48220164609,17620.32058333333,0.0,6000.0,6000.0,46024.73814716356,0.0,46024.73814716356,1.1368683772161603e-13,0.0,5000.0,5000.0,Optimization terminated successfully. (HiGHS Status 7: Optimal)
2025-06-02,128080.53698333334,59439.72953333333,72824.1264020576,0.0,22017.468168724277,17834.149216666665,0.0,6000.0,6000.000000000002,45130.15754571487,0.0,45130.15754571487,1.1368683772161603e-13,0.0,5000.0,5000.0,Optimization terminated successfully. (HiGHS Status 7: Optimal)
2025-06-03,128076.84056666667,59884.473733333325,72370.41353168724,0.0,21989.71946502058,17811.672766666667,0.0,6000.0,6000.0,44492.65337592024,0.0,44492.65337592024,1.1368683772161603e-13,0.0,5000.0,5000.0,Optimization terminated successfully. (HiGHS Status 7: Optimal)
2025-06-04,128539.84358333334,58894.58276666666,73729.06518888888,0.0,21493.70722222222,17409.90285,0.0,6000.0,6000.000000000001,44940.0008862194,0.0,44940.0008862194,1.0231815394945443e-12,0.0,5000.0,5000.0,Optimization terminated successfully. (HiGHS Status 7: Optimal)
2025-06-05,128455.92066666666,57306.60264999999,75449.38315288065,0.0,22631.92176954732,18331.85663333333,0.0,6000.0,6000.000000000002,46275.69609120535,0.0,46275.69609120535,1.1368683772161603e-13,0.0,5000.0,5000.0,Optimization terminated successfully. (HiGHS Status 7: Optimal)
2025-06-06,82747.41500000001,51892.419599999994,36061.41473333333,0.0,15999.999999999998,12960.0,2166.4193333333355,6000.0,5999.999999999998,20768.270737159997,0.0,20768.270737159997,1.1368683772161603e-13,0.0,5000.0,3973.0099999999998,Optimization terminated successfully. (HiGHS Status 7: Optimal)
2025-06-07,83156.75975,52030.246583333326,34886.991533333334,0.0,16000.0,12959.999999999998,720.4783666666685,6000.0,5999.999999999998,19763.338698988333,0.0,19763.338698988333,4.789058039023075e-12,0.0,5000.0,3959.6465,Optimization terminated successfully. (HiGHS Status 7: Optimal)
2025-06-08,128266.94665,63082.023383333326,68837.21361522633,0.0,19222.580781892997,15570.290433333334,0.0,6000.0,6000.000000000002,42668.260588259436,0.0,42668.260588259436,1.1368683772161603e-13,0.0,5000.0,5000.0,Optimization terminated successfully. (HiGHS Status 7: Optimal)
2025-06-09,128169.18798333332,57236.47525,75145.91841063375,0.0,22174.76672263374,17961.561045333336,0.0,6000.0,6000.000000000004,46499.1155199839,0.0,46499.1155199839,1.1368683772161603e-13,0.0,5000.000000000001,5000.0,Optimization terminated successfully. (HiGHS Status 7: Optimal)
2025-06-10,127414.49178333333,55796.047549999996,75864.92148415637,0.0,22349.88026748971,18103.403016666663,0.0,6000.0,6000.000000000002,46588.34166359055,0.0,46588.34166359055,1.5916157281026244e-12,0.0,5000.0,5000.0,Optimization terminated successfully. (HiGHS Status 7: Optimal)
2025-06-11,128236.67731666667,52152.23099999999,80551.369136214,0.0,23510.120102880654,19043.19728333333,0.0,6000.0,6000.0,50338.36698852465,0.0,50338.36698852465,2.2737367544323206e-13,0.0,5000.000000000001,5000.0,Optimization terminated successfully. (HiGHS Status 7: Optimal)
2025-06-12,127721.81298333334,55269.42154999999,76814.77547098765,0.0,22959.91598765432,18597.531949999997,0.0,6000.0,6000.0,47572.45548153599,0.0,47572.45548153599,1.1368683772161603e-13,0.0,5000.000000000001,5000.0,Optimization terminated successfully. (HiGHS Status 7: Optimal)
2025-06-13,81889.59039999999,53544.276699999995,34437.9784,0.0,16017.110884773661,12973.859816666663,3049.4136318930045,6000.0,6000.000000000004,19625.029802713332,0.0,19625.029802713332,1.1368683772161603e-13,0.0,5000.0,3827.6256999999996,Optimization terminated successfully. (HiGHS Status 7: Optimal)
2025-06-14,82253.15711666667,56059.81436666666,34545.18075,0.0,16000.000000000002,12960.0,5311.838000000002,6000.0,6000.0,19545.59953555833,0.0,19545.59953555833,2.3874235921539366e-12,0.0,5000.0,3932.4898,Optimization terminated successfully. (HiGHS Status 7: Optimal)
2025-06-15,127368.88451666664,56741.91018333333,74870.30766666666,0.0,22333.333333333332,18090.0,0.0,6000.0,6000.000000000004,45832.600968976665,0.0,45832.600968976665,2.2737367544323206e-13,0.0,5000.0,5000.0,Optimization terminated successfully. (HiGHS Status 7: Optimal)
2025-06-16,127618.63201666667,54924.57919999999,77041.00669101851,0.0,22878.704601851852,18531.750727499995,0.0,6000.0,6000.000000000002,47555.57013669848,0.0,47555.57013669848,2.2737367544323206e-13,0.0,5000.0,5000.0,Optimization terminated successfully. (HiGHS Status 7: Optimal)
2025-06-17,127311.75459999999,52674.743383333334,79029.95067901234,0.0,23120.734012345674,18727.79455,0.0,6000.0,6000.000000000002,48968.13145417487,0.0,48968.13145417487,2.2737367544323206e-13,0.0,5000.0,5000.0,Optimization terminated successfully. (HiGHS Status 7: Optimal)
2025-06-18,126909.07891666667,55980.68801666667,75093.52139444445,0.0,21921.739444444444,17756.608949999998,0.0,6000.0,6000.0,46025.515622875944,0.0,46025.515622875944,2.2737367544323206e-13,0.0,5000.0,5000.0,Optimization terminated successfully. (HiGHS Status 7: Optimal)
2025-06-19,127349.06689999998,59089.562699999995,72443.913931893,0.0,22023.209115226335,17838.79938333333,0.0,6000.0,6000.000000000003,44653.612333569545,0.0,44653.612333569545,2.8421709430404007e-12,0.0,5000.0,5000.0,Optimization terminated successfully. (HiGHS Status 7: Optimal)
2025-06-20,81137.07971666666,58736.49886666666,32745.001033333327,0.0,16000.0,12960.0,7304.420183333334,6000.0,6000.000000000004,18335.659951821664,0.0,18335.659951821664,7.958078640513122e-13,0.0,5000.0,3816.69,Optimization terminated successfully. (HiGHS Status 7: Optimal)
2025-06-21,81408.0648,62073.3244,32667.359783333333,0.0,16000.0,12959.999999999998,10292.619383333333,6000.0,6000.000000000002,17813.638424176665,0.0,17813.638424176665,1.0231815394945443e-12,0.0,5000.0,4004.9442,Optimization terminated successfully. (HiGHS Status 7: Optimal)
2025-06-22,126539.46191666665,59082.12081666666,71419.90716419753,0.0,20855.61086419753,16893.044799999996,0.0,6000.0,6000.0,43826.62402285282,0.0,43826.62402285282,2.2737367544323206e-13,0.0,5000.0,5000.0,Optimization terminated successfully. (HiGHS Status 7: Optimal)
2025-06-23,126690.87308333332,59629.587083333325,71213.11094300411,0.0,21851.710226337447,17699.88528333333,0.0,6000.0,6000.0,44177.15844942335,0.0,44177.15844942335,1.1368683772161603e-13,0.0,5000.0,5000.0,Optimization terminated successfully. (HiGHS Status 7: Optimal)
2025-06-24,127112.84501666666,50844.05276666667,80710.86312037037,0.0,23379.32037037037,18937.249499999998,0.0,6000.0,6000.000000000003,50044.6551138663,0.0,50044.6551138663,1.1368683772161603e-13,0.0,5000.0,5000.0,Optimization terminated successfully. (HiGHS Status 7: Optimal)
2025-06-25,126310.40843333333,55872.98706666667,74689.18837566666,0.0,22377.7211,18125.954091,0.0,6000.0,6000.0,45523.0293161861,0.0,45523.0293161861,1.1368683772161603e-13,0.0,5000.000000000001,5000.0,Optimization terminated successfully. (HiGHS Status 7: Optimal)
2025-06-26,126697.44536666665,59150.061533333326,71646.08862508848,0.0,21572.13048292181,17473.425691166667,0.0,6000.0,6000.0,43982.561613002996,0.0,43982.561613002996,2.2737367544323206e-13,0.0,5000.0,5000.0,Optimization terminated successfully. (HiGHS Status 7: Optimal)
2025-06-27,79563.255,59791.60913333333,32044.655233333327,0.0,15999.999999999995,12960.000000000002,9233.00936666667,6000.0,5999.999999999998,17719.822175141664,0.0,17719.822175141664,7.958078640513122e-13,0.0,5000.0,3848.9299999999994,Optimization terminated successfully. (HiGHS Status 7: Optimal)
2025-06-28,80661.5728,58884.64668333333,32577.260683333327,0.0,16000.000000000002,12960.000000000002,7760.334566666665,6000.0,5999.999999999998,17831.958826629998,0.0,17831.958826629998,4.547473508864641e-13,0.0,5000.0,3768.0616999999997,Optimization terminated successfully. (HiGHS Status 7: Optimal)
2025-06-29,126384.80871666667,57117.04018333333,73432.04752674897,0.0,21917.257860082296,17752.978866666665,0.0,6000.0,6000.0,44675.48897941987,0.0,44675.48897941987,1.1368683772161603e-13,0.0,5000.0,5000.0,Optimization terminated successfully. (HiGHS Status 7: Optimal)
2025-06-30,125947.32058333333,56069.6366,73965.5016668354,0.0,21514.829913168724,17427.012229666663,0.0,6000.0,6000.0,45221.60922329842,0.0,45221.60922329842,1.1368683772161603e-13,0.0,5000.0,5000.0,Optimization terminated successfully. (HiGHS Status 7: Optimal)
2025-07-01,141546.85106666666,62680.30703333333,83048.94832773661,0.0,22012.654181069956,17830.24988666667,0.0,6000.0,6000.0,51727.012620562564,0.0,51727.012620562564,2.2737367544323206e-13,0.0,5000.0,5000.0,Optimization terminated successfully. (HiGHS Status 7: Optimal)
2025-07-02,141198.65821666666,68293.89184999999,76674.80568888888,0.0,19842.312222222223,16072.2729,0.0,6000.0,6000.0,47979.92620403,0.0,47979.92620403,1.4210854715202004e-13,0.0,5000.000000000001,5000.0,Optimization terminated successfully. (HiGHS Status 7: Optimal)
2025-07-03,141565.53863333334,61805.119699999996,84073.47879650822,0.0,22700.315069341566,18387.25520616667,0.0,6000.0,6000.000000000004,52622.29121247774,0.0,52622.29121247774,2.2737367544323206e-13,0.0,5000.0,5000.0,Optimization terminated successfully. (HiGHS Status 7: Optimal)
2025-07-04,95795.06574999998,66914.19828333333,41681.856999999996,0.0,16000.000000000005,12959.999999999996,9760.989533333328,6000.0,6000.000000000005,24369.395924496665,0.0,24369.395924496665,1.7053025658242404e-12,0.0,5000.0,4675.25,Optimization terminated successfully. (HiGHS Status 7: Optimal)
2025-07-05,95872.83489999999,67082.75493333332,42193.76993333333,0.0,15999.999999999985,12959.999999999998,10363.689966666667,6000.0,5999.9999999999945,24715.559219496667,0.0,24715.559219496667,1.1596057447604835e-11,0.0,5000.0,4451.8592,Optimization terminated successfully. (HiGHS Status 7: Optimal)
2025-07-06,141244.57465,61450.5931,84210.76863950616,0.0,23246.24783950617,18829.46075,0.0,6000.0,6000.0,53087.51988061765,0.0,53087.51988061765,2.2737367544323206e-13,0.0,5000.000000000001,5000.0,Optimization terminated successfully. (HiGHS Status 7: Optimal)
2025-07-07,141495.39415,68085.91138333332,77134.5571462963,0.0,19605.65462962963,15880.58025,0.0,6000.0,5999.999999999999,48177.57962264833,0.0,48177.57962264833,1.1368683772161603e-13,0.0,5000.0,5000.0,Optimization terminated successfully. (HiGHS Status 7: Optimal)
2025-07-08,141285.227,65713.83998333334,79827.89146666665,0.0,22402.655,18146.15055,0.0,6000.0,6000.0,50474.0887628,0.0,50474.0887628,2.2737367544323206e-13,0.0,5000.0,5000.0,Optimization terminated successfully. (HiGHS Status 7: Optimal)
2025-07-09,140590.70496666664,66531.97995,78126.35943106996,0.0,21408.60218106996,17340.967766666665,0.0,6000.0,6000.0,48920.47410227354,0.0,48920.47410227354,1.1368683772161603e-13,0.0,5000.0,5000.0,Optimization terminated successfully. (HiGHS Status 7: Optimal)
2025-07-10,140463.54225,67609.91886666667,76855.51191790124,0.0,21062.571234567902,17060.682699999998,0.0,6000.0,6000.000000000002,48585.85843945888,0.0,48585.85843945888,1.5916157281026244e-12,0.0,5000.0,5000.0,Optimization terminated successfully. (HiGHS Status 7: Optimal)
2025-07-11,94741.0884,62222.31125,41840.415616666665,0.0,16000.0,12959.999999999998,6281.638466666662,6000.0,6000.000000000001,24330.96882796,0.0,24330.96882796,1.7621459846850485e-12,0.0,5000.0,4445.5504,Optimization terminated successfully. (HiGHS Status 7: Optimal)
2025-07-12,95318.37109999999,64234.12776666666,42140.49083333333,0.0,16000.000000000004,12959.999999999996,8016.247499999997,6000.0,6000.000000000005,24696.864551888335,0.0,24696.864551888335,1.7053025658242404e-12,0.0,5000.0,4361.927,Optimization terminated successfully. (HiGHS Status 7: Optimal)
2025-07-13,139893.36648333335,70625.64608333333,73134.25132777778,0.0,20350.16277777778,16483.631849999998,0.0,6000.0,6000.0,46587.915196712594,0.0,46587.915196712594,1.1368683772161603e-13,0.0,5000.0,5000.0,Optimization terminated successfully. (HiGHS Status 7: Optimal)
2025-07-14,141062.42346666666,69254.74424999999,75491.74679156378,0.0,19389.82934156378,15705.761766666665,0.0,6000.0,6000.0,47724.13387926043,0.0,47724.13387926043,1.1368683772161603e-13,0.0,5000.0,5000.0,Optimization terminated successfully. (HiGHS Status 7: Optimal)
2025-07-15,139545.16266666667,66796.11208333334,76481.49049670782,0.0,19644.42059670782,15911.980683333333,0.0,6000.0,6000.0,48003.21139504185,0.0,48003.21139504185,1.1368683772161603e-13,0.0,5000.0,5000.0,Optimization terminated successfully. (HiGHS Status 7: Optimal)
2025-07-16,140365.26538333332,68230.702,75858.83712016461,0.0,19601.440720164606,15877.166983333333,0.0,6000.0,6000.0,47808.490982253206,0.0,47808.490982253206,2.2737367544323206e-13,0.0,5000.000000000001,5000.0,Optimization terminated successfully. (HiGHS Status 7: Optimal)
2025-07-17,139569.15928333334,66848.74321666667,76776.83087942385,0.0,21349.55164609053,17293.136833333334,0.0,6000.0,6000.0,48528.09456951883,0.0,48528.09456951883,2.2737367544323206e-13,0.0,5000.0,5000.0,Optimization terminated successfully. (HiGHS Status 7: Optimal)
2025-07-18,93698.0732,62423.8251,40565.783266666665,0.0,16000.000000000002,12959.999999999998,6251.535166666663,6000.0,6000.000000000001,23621.912615125,0.0,23621.912615125,1.1368683772161603e-13,0.0,5000.0,4452.266100000001,Optimization terminated successfully. (HiGHS Status 7: Optimal)
2025-07-19,94564.52240000002,67381.70335,41227.0314,0.0,16000.000000000002,12959.999999999998,11004.212349999998,6000.0,6000.000000000001,24325.221752941667,0.0,24325.221752941667,2.9558577807620168e-12,0.0,5000.000000000001,4450.0148,Optimization terminated successfully. (HiGHS Status 7: Optimal)
2025-07-20,138750.53876666666,66660.56055,75926.3621063786,0.0,20191.494156378594,16355.110266666665,0.0,6000.0,6000.000000000002,47513.69498444376,0.0,47513.69498444376,2.2737367544323206e-13,0.0,5000.0,5000.0,Optimization terminated successfully. (HiGHS Status 7: Optimal)
2025-07-21,138442.8198,64453.070449999985,77969.66336419753,0.0,20946.915864197534,16967.001849999997,0.0,6000.0,6000.0,48949.73999248982,0.0,48949.73999248982,1.1368683772161603e-13,0.0,5000.0,5000.0,Optimization terminated successfully. (HiGHS Status 7: Optimal)
2025-07-22,139514.85881666664,65719.71419999999,77787.68139423868,0.0,21013.351460905345,17020.814683333334,0.0,6000.0,5999.999999999997,48694.18693395362,0.0,48694.18693395362,2.2737367544323206e-13,0.0,5000.0,5000.0,Optimization terminated successfully. (HiGHS Status 7: Optimal)
2025-07-23,139450.03365,65233.48653333333,78376.81931893004,0.0,21896.169485596707,17735.897283333332,0.0,6000.0,5999.999999999997,49306.71520725274,0.0,49306.71520725274,1.1368683772161603e-13,0.0,5000.0,5000.0,Optimization terminated successfully. (HiGHS Status 7: Optimal)
2025-07-24,138902.21751666663,65285.74551666666,77481.08296995884,0.0,20340.05773662551,16475.446766666668,0.0,6000.0,6000.000000000004,48805.868984688,0.0,48805.868984688,1.5916157281026244e-12,0.0,5000.0,5000.0,Optimization terminated successfully. (HiGHS Status 7: Optimal)
2025-07-25,92354.83968333332,65849.52011666667,40051.64881316667,0.0,16056.81401666667,13006.0193535,10495.534583333341,6000.0,6000.000000000002,23332.865208824118,0.0,23332.865208824118,5.4569682106375694e-12,0.0,5000.0,4287.7245,Optimization terminated successfully. (HiGHS Status 7: Optimal)
2025-07-26,93187.68993333331,64718.598366666665,40547.71101666666,0.0,16000.0,12960.000000000002,9038.619449999998,6000.0,5999.999999999997,23636.837554881662,0.0,23636.837554881662,3.410605131648481e-13,0.0,5000.0,4382.8442,Optimization terminated successfully. (HiGHS Status 7: Optimal)
2025-07-27,138110.19628333332,64425.00648333333,77932.90084279835,0.0,22356.37390946502,18108.662866666666,0.0,6000.0,6000.000000000002,48706.827184165886,0.0,48706.827184165886,1.1368683772161603e-13,0.0,5000.0,5000.0,Optimization terminated successfully. (HiGHS Status 7: Optimal)
2025-07-28,138228.99843333333,60274.121199999994,82114.41108644856,0.0,21892.28343744856,17732.749584333334,0.0,6000.0,6000.000000000002,51287.24157335886,0.0,51287.24157335886,1.7053025658242404e-12,0.0,5000.0,5000.0,Optimization terminated successfully. (HiGHS Status 7: Optimal)
2025-07-29,138314.74511666666,62245.49916666666,80192.23429979423,0.0,21699.93868312757,17576.950333333334,0.0,6000.0,6000.0,49862.097860390284,0.0,49862.097860390284,1.1368683772161603e-13,0.0,5000.0,5000.0,Optimization terminated successfully. (HiGHS Status 7: Optimal)
2025-07-30,138424.36443333334,64321.11038333333,78223.50636851852,0.0,21685.53851851852,17565.286199999995,0.0,6000.0,6000.0,48951.950777115555,0.0,48951.950777115555,1.1368683772161603e-13,0.0,5000.0,5000.0,Optimization terminated successfully. (HiGHS Status 7: Optimal)
2025-07-31,137423.31371666666,62728.31745,78850.29972525308,0.0,21870.018203086416,17714.7147445,0.0,6000.0,6000.0,49476.08914025383,0.0,49476.08914025383,1.1368683772161603e-13,0.0,5000.0,5000.0,Optimization terminated successfully. (HiGHS Status 7: Optimal)
2025-08-01,92719.4241,71468.06443333333,39404.0438,0.0,16000.0,12960.0,15112.684133333332,6000.0,6000.000000000001,22915.314190346668,0.0,22915.314190346668,2.3874235921539366e-12,0.0,5000.0,4350.5,Optimization terminated successfully. (HiGHS Status 7: Optimal)
2025-08-02,91562.24421666667,70635.21928333332,39090.945999999996,0.0,15999.999999999996,12960.0,15123.921066666671,6000.0,6000.000000000002,22781.84601415833,0.0,22781.84601415833,2.9558577807620168e-12,0.0,5000.0,4320.84,Optimization terminated successfully. (HiGHS Status 7: Optimal)
2025-08-03,138062.48614999998,75223.00616666666,66470.89735802468,0.0,19112.723024691353,15481.30565,0.0,6000.0,6000.000000000002,42832.02815544907,0.0,42832.02815544907,1.1368683772161603e-13,0.0,5000.0,5000.0,Optimization terminated successfully. (HiGHS Status 7: Optimal)
2025-08-04,138312.10695,72896.45186666667,69055.66793292182,0.0,19157.962366255142,15517.949516666667,0.0,6000.0,5999.999999999998,43957.46777277263,0.0,43957.46777277263,1.1368683772161603e-13,0.0,5000.0,5000.0,Optimization terminated successfully. (HiGHS Status 7: Optimal)
2025-08-05,136458.49728333333,71306.18755,68876.0422946502,0.0,19598.592427983538,15874.859866666668,0.0,6000.0,5999.999999999998,43497.42585605914,0.0,43497.42585605914,1.1368683772161603e-13,0.0,5000.0,5000.0,Optimization terminated successfully. (HiGHS Status 7: Optimal)
2025-08-06,136716.08779999998,68601.68853333333,71881.97682222222,0.0,19829.355555555558,16061.777999999998,0.0,6000.0,6000.0,45636.68975536518,0.0,45636.68975536518,1.1368683772161603e-13,0.0,5000.0,5000.0,Optimization terminated successfully. (HiGHS Status 7: Optimal)
2025-08-07,136850.75446666667,73462.76921666667,67157.24014197532,0.0,19838.183641975305,16068.92875,0.0,6000.0,6000.000000000002,42954.24318475611,0.0,42954.24318475611,1.1368683772161603e-13,0.0,5000.0,5000.0,Optimization terminated successfully. (HiGHS Status 7: Optimal)
2025-08-08,90703.21611666666,74928.04486666666,38713.96466666667,0.0,15999.999999999998,12960.0,19898.793416666667,6000.0,5999.999999999999,22370.85169898833,0.0,22370.85169898833,1.1368683772161603e-13,0.0,5000.0,4321.5931,Optimization terminated successfully. (HiGHS Status 7: Optimal)
2025-08-09,90303.83174999998,71381.90275,39082.753716666666,0.0,15999.999999999996,12959.999999999996,17120.82471666667,6000.0,6000.0,22589.484041465003,0.0,22589.484041465003,1.1368683772161603e-13,0.0,5000.0,4201.929999999999,Optimization terminated successfully. (HiGHS Status 7: Optimal)
2025-08-10,136535.44471666665,71230.82566666667,68885.33970205762,0.0,18845.898168724278,15265.177516666667,0.0,6000.0,5999.999999999993,43813.888217624895,0.0,43813.888217624895,1.1368683772161603e-13,0.0,5000.0,5000.0,Optimization terminated successfully. (HiGHS Status 7: Optimal)
2025-08-11,136422.26351666666,71861.01018333333,68394.4987436214,0.0,20174.975843621403,16341.730433333332,0.0,6000.0,6000.000000000002,43517.4561460338,0.0,43517.4561460338,1.1368683772161603e-13,0.0,5000.0,5000.0,Optimization terminated successfully. (HiGHS Status 7: Optimal)
2025-08-12,136637.5967,68877.05305,71382.07146604938,0.0,19060.67271604938,15439.1449,0.0,6000.0,6000.000000000004,45494.79408873765,0.0,45494.79408873765,1.1368683772161603e-13,0.0,5000.0,5000.0,Optimization terminated successfully. (HiGHS Status 7: Optimal)
2025-08-13,136547.99718333333,70427.01773333334,69737.23016941769,0.0,19032.898523251028,15416.647803833333,0.0,6000.0,6000.000000000002,43982.84302123594,0.0,43982.84302123594,1.1368683772161603e-13,0.0,5000.0,5000.0,Optimization terminated successfully. (HiGHS Status 7: Optimal)
2025-08-14,135936.05536666664,70009.76438333333,69940.6078244856,0.0,21127.983374485597,17113.666533333333,0.0,6000.0,6000.000000000004,44487.552068476725,0.0,44487.552068476725,1.1368683772161603e-13,0.0,5000.0,5000.0,Optimization terminated successfully. (HiGHS Status 7: Optimal)
2025-08-15,89968.05776666666,72808.33088333334,39256.30918333333,0.0,15999.999999999998,12959.999999999996,19056.582300000002,6000.0,6000.000000000002,22597.769968455003,0.0,22597.769968455003,1.1368683772161603e-13,0.0,5000.0,4242.1562,Optimization terminated successfully. (HiGHS Status 7: Optimal)
2025-08-16,90183.53034999999,73254.24998333334,39106.426799999994,0.0,16000.000000000002,12960.0,19137.146433333328,6000.0,6000.000000000002,22697.032871548334,0.0,22697.032871548334,1.2505552149377763e-12,0.0,5000.0,4391.37,Optimization terminated successfully. (HiGHS Status 7: Optimal)
2025-08-17,135369.1165,72203.72288333334,66922.64461358024,0.0,19775.005246913577,16017.754249999998,0.0,6000.0,6000.000000000004,43032.41438943012,0.0,43032.41438943012,1.1368683772161603e-13,0.0,5000.0,5000.0,Optimization terminated successfully. (HiGHS Status 7: Optimal)
2025-08-18,135710.17471666663,71316.0591,68265.99930185184,0.0,20378.335185185184,16506.4515,0.0,6000.0,6000.000000000004,43606.9624308116,0.0,43606.9624308116,1.1368683772161603e-13,0.0,5000.0,5000.0,Optimization terminated successfully. (HiGHS Status 7: Optimal)
2025-08-19,135364.48288333332,71046.82283333334,67943.71743868313,0.0,19084.51257201646,15458.455183333332,0.0,6000.0,6000.000000000002,43502.23222260438,0.0,43502.23222260438,1.1368683772161603e-13,0.0,5000.0,5000.0,Optimization terminated successfully. (HiGHS Status 7: Optimal)
2025-08-20,135048.05366666667,64397.36259999999,74779.07528353909,0.0,21728.337983539088,17599.953766666666,0.0,6000.0,6000.0,46850.6879511058,0.0,46850.6879511058,1.1368683772161603e-13,0.0,5000.0,5000.0,Optimization terminated successfully. (HiGHS Status 7: Optimal)
2025-08-21,134971.7989,69127.38041666667,69488.42180596707,0.0,19178.964855967075,15534.961533333331,0.0,6000.0,6000.0,44030.081425041746,0.0,44030.081425041746,1.1368683772161603e-13,0.0,5000.0,5000.0,Optimization terminated successfully. (HiGHS Status 7: Optimal)
2025-08-22,90531.7304,69301.161,40082.17708333333,0.0,16000.0,12960.0,15811.607683333334,6000.0,6000.000000000005,23548.43926321333,0.0,23548.43926321333,3.296918293926865e-12,0.0,5000.0,4507.04,Optimization terminated successfully. (HiGHS Status 7: Optimal)
2025-08-23,89697.14623333333,67167.14008333333,39422.74231666667,0.0,15999.999999999998,12960.0,13852.736166666667,6000.0,5999.999999999998,22982.83639996,0.0,22982.83639996,1.1368683772161603e-13,0.0,5000.0,4192.97,Optimization terminated successfully. (HiGHS Status 7: Optimal)
2025-08-24,135068.0714,71334.48191666666,67926.40501995885,0.0,20680.401069958847,16751.124866666665,263.5393333333338,6000.0,6000.0,43846.5300627392,0.0,43846.5300627392,3.410605131648481e-13,0.0,5000.0,5000.0,Optimization terminated successfully. (HiGHS Status 7: Optimal)
2025-08-25,134511.61375,63738.52673333333,74660.17503744856,0.0,20458.358004115216,16571.26998333333,0.0,6000.0,6000.0,47191.69893254839,0.0,47191.69893254839,1.1368683772161603e-13,0.0,5000.0,5000.0,Optimization terminated successfully. (HiGHS Status 7: Optimal)
2025-08-26,134368.96393333335,68840.14555,69437.12888415638,0.0,20570.05526748971,16661.744766666667,0.0,6000.0,6000.0,44341.00209809464,0.0,44341.00209809464,2.2737367544323206e-13,0.0,5000.0,5000.0,Optimization terminated successfully. (HiGHS Status 7: Optimal)
2025-08-27,133788.3821,65874.23323333333,71917.1886526749,0.0,21068.630452674897,17065.590666666667,0.0,6000.0,6000.0,45827.208935861854,0.0,45827.208935861854,1.1368683772161603e-13,0.0,5000.0,5000.0,Optimization terminated successfully. (HiGHS Status 7: Optimal)
2025-08-28,134543.81656666665,63776.021583333335,74776.04220020575,0.0,21096.037983539092,17087.790766666665,0.0,6000.0,6000.000000000002,46943.546045701725,0.0,46943.546045701725,1.1368683772161603e-13,0.0,5000.0,5000.0,Optimization terminated successfully. (HiGHS Status 7: Optimal)
2025-08-29,88328.33254999999,65773.1122,39969.73715,0.0,15999.999999999998,12960.0,14374.5168,6000.0,6000.000000000005,23317.221228211667,0.0,23317.221228211667,1.8189894035458565e-12,0.0,5000.0,4374.9194,Optimization terminated successfully. (HiGHS Status 7: Optimal)
2025-08-30,89025.08758333331,70512.36774999999,39855.523466666666,0.0,15999.999999999998,12959.999999999998,18302.803633333333,6000.0,6000.000000000002,23390.13405774667,0.0,23390.13405774667,1.1368683772161603e-13,0.0,5000.0,4221.3068,Optimization terminated successfully. (HiGHS Status 7: Optimal)
2025-08-31,133365.35983333332,66718.73675,70549.41843077778,0.0,20541.02814444444,16638.232796999997,0.0,6000.0,6000.0,44986.88395885239,0.0,44986.88395885239,1.1368683772161603e-13,0.0,5000.0,5000.0,Optimization terminated successfully. (HiGHS Status 7: Optimal)
2025-09-01,121263.61926666666,67689.48473333333,57152.14114094651,0.0,18831.613724279836,15253.607116666666,0.0,6000.0,6000.000000000002,35447.42304133401,0.0,35447.42304133401,1.1368683772161603e-13,0.0,5000.0,5000.0,Optimization terminated successfully. (HiGHS Status 7: Optimal)
2025-09-02,121532.82414999999,67475.0683,58013.38879465021,0.0,20819.120761316874,16863.487816666668,0.0,6000.0,6000.000000000002,35862.39620893187,0.0,35862.39620893187,1.1368683772161603e-13,0.0,5000.0,5000.0,Optimization terminated successfully. (HiGHS Status 7: Optimal)
2025-09-03,121433.71643333332,65885.99918333333,59124.96614855967,0.0,18827.625781893003,15250.376883333334,0.0,6000.0,5999.999999999998,37092.20951020326,0.0,37092.20951020326,1.2789769243681803e-13,0.0,5000.0,5000.0,Optimization terminated successfully. (HiGHS Status 7: Optimal)
2025-09-04,121061.17303333333,67135.60748333333,57962.44130267489,0.0,20173.513786008232,16340.546166666665,203.90813333333244,6000.0,6000.000000000005,36640.80770885218,0.0,36640.80770885218,1.5631940186722204e-13,0.0,5000.0,5000.0,Optimization terminated successfully. (HiGHS Status 7: Optimal)
2025-09-05,75132.98045,68308.71878333332,30380.297783333335,0.0,16000.0,12960.0,20516.036116666663,6000.0,6000.0,16408.265988506668,0.0,16408.265988506668,1.1368683772161603e-13,0.0,5000.0,3532.55,Optimization terminated successfully. (HiGHS Status 7: Optimal)
2025-09-06,75826.37416666666,68105.29046666666,30788.801133333327,0.0,16000.0,12960.0,20027.71743333333,6000.0,6000.000000000001,16544.120175364995,0.0,16544.120175364995,1.1368683772161603e-13,0.0,5000.000000000001,3530.5056,Optimization terminated successfully. (HiGHS Status 7: Optimal)
2025-09-07,120781.00903333332,65820.02541666667,58857.36865411523,0.0,20507.289670781895,16610.90463333333,0.0,6000.0,6000.000000000002,36274.991662941626,0.0,36274.991662941626,1.1368683772161603e-13,0.0,5000.0,4919.21,Optimization terminated successfully. (HiGHS Status 7: Optimal)
2025-09-08,121400.59243333332,62005.022899999996,63194.650532967076,0.0,19995.16315596708,16196.082156333332,0.0,6000.0,6000.000000000002,39068.12012511653,0.0,39068.12012511653,1.1368683772161603e-13,0.0,5000.0,4839.57,Optimization terminated successfully. (HiGHS Status 7: Optimal)
2025-09-09,121082.23558333333,67979.40131666667,58211.1269781893,0.0,20063.9420781893,16251.793083333332,1296.1437166666615,6000.0,6000.000000000002,36779.21551409566,0.0,36779.21551409566,5.9117155615240335e-12,0.0,5000.0,5000.0,Optimization terminated successfully. (HiGHS Status 7: Optimal)
2025-09-10,121274.78848333332,59958.78983333333,65451.586838065836,0.0,21766.253621399177,17630.66543333333,0.0,6000.0,6000.000000000002,40003.99906189846,0.0,40003.99906189846,1.1368683772161603e-13,0.0,5000.0,4930.44,Optimization terminated successfully. (HiGHS Status 7: Optimal)
2025-09-11,120746.77835,67250.69256666666,58376.895786213994,0.0,21117.03343621399,17104.79708333333,868.5736500000003,6000.0,6000.0,36573.8745530243,0.0,36573.8745530243,1.1368683772161603e-13,0.0,5000.0,5000.0,Optimization terminated successfully. (HiGHS Status 7: Optimal)
2025-09-12,75687.22711666666,64135.570916666664,31663.9845,0.0,16000.0,12960.0,17072.328299999994,6000.0,6000.000000000002,17121.214903708333,0.0,17121.214903708333,2.2737367544323206e-13,0.0,5000.0,3499.333899999999,Optimization terminated successfully. (HiGHS Status 7: Optimal)
2025-09-13,75063.58311666666,67056.48163333333,31601.930583333335,0.0,16000.000000000004,12960.0,20554.829099999995,6000.0,6000.000000000005,17194.768321981668,0.0,17194.768321981668,1.5916157281026244e-12,0.0,5000.000000000024,3427.841,Optimization terminated successfully. (HiGHS Status 7: Optimal)
2025-09-14,121237.69566666667,61138.37091666666,64105.07185226337,0.0,21082.879485596706,17077.132383333334,0.0,6000.0,5999.999999999998,39410.45105271438,0.0,39410.45105271438,1.1368683772161603e-13,0.0,5000.0,4991.59,Optimization terminated successfully. (HiGHS Status 7: Optimal)
2025-09-15,120760.02988333334,65692.99925,59907.25958703704,0.0,21479.043703703705,17398.0254,759.2106500000006,6000.0,6000.000000000005,37480.04604182778,0.0,37480.04604182778,1.4779288903810084e-12,0.0,5000.0,5000.0,Optimization terminated successfully. (HiGHS Status 7: Optimal)
2025-09-16,121843.35746666667,62351.58748333332,63433.868375720165,0.0,20747.886275720164,16805.78788333333,0.0,6000.0,6000.000000000004,39248.0229860392,0.0,39248.0229860392,1.1368683772161603e-13,0.0,5000.0,5000.0,Optimization terminated successfully. (HiGHS Status 7: Optimal)
2025-09-17,120924.79499999998,60964.6766,64015.41320404114,0.0,21343.656863374483,17288.362059333333,0.0,6000.0,6000.0,39396.59419538108,0.0,39396.59419538108,1.1368683772161603e-13,0.0,5000.0,5000.0,Optimization terminated successfully. (HiGHS Status 7: Optimal)
2025-09-18,120804.11636666665,61848.06525,63024.81034279835,0.0,21414.522242798354,17345.763016666668,0.0,6000.0,6000.0,39138.13532041358,0.0,39138.13532041358,2.2737367544323206e-13,0.0,5000.0,5000.0,Optimization terminated successfully. (HiGHS Status 7: Optimal)
2025-09-19,75287.12646666667,59185.77414999999,32066.10713333333,0.0,15999.99999999998,12960.0,12924.754816666638,6000.0,5999.999999999983,17448.302503701667,0.0,17448.302503701667,2.6830093702301383e-11,0.0,5000.0,3271.1289999999995,Optimization terminated successfully. (HiGHS Status 7: Optimal)
2025-09-20,75330.72763333333,59685.2939,32235.99443333333,0.0,16000.000000000004,12960.0,13550.560699999996,6000.0,6000.000000000004,17543.021398605,0.0,17543.021398605,1.5916157281026244e-12,0.0,5000.0,3432.53,Optimization terminated successfully. (HiGHS Status 7: Optimal)
2025-09-21,120862.28298333334,62574.7955,62151.67660246913,0.0,20337.8374691358,16473.648350000003,0.0,6000.0,6000.0,38604.42366490389,0.0,38604.42366490389,2.2737367544323206e-13,0.0,5000.0,4962.0716,Optimization terminated successfully. (HiGHS Status 7: Optimal)
2025-09-22,121218.04173333332,60604.02184999999,64684.90991255143,0.0,21425.73699588477,17354.846966666664,0.0,6000.0,6000.000000000002,40018.43147831895,0.0,40018.43147831895,1.1368683772161603e-13,0.0,5000.0,5000.0,Optimization terminated successfully. (HiGHS Status 7: Optimal)
2025-09-23,121182.28133333333,59065.66575,66265.42130905349,0.0,21835.81960905349,17687.013883333333,0.0,6000.0,6000.000000000001,41320.23255747086,0.0,41320.23255747086,1.1368683772161603e-13,0.0,5000.0,5000.0,Optimization terminated successfully. (HiGHS Status 7: Optimal)
2025-09-24,121014.19341666665,59950.968316666665,65116.558433333325,0.0,21333.33333333333,17280.0,0.0,6000.0,5999.999999999999,40245.86740811332,0.0,40245.86740811332,2.0463630789890885e-12,0.0,5000.0,4950.7016,Optimization terminated successfully. (HiGHS Status 7: Optimal)
2025-09-25,120546.34714999999,60210.89825,64412.80435946501,0.0,21459.765576131686,17382.410116666666,0.0,6000.0,6000.000000000003,39999.355758251906,0.0,39999.355758251906,1.1368683772161603e-13,0.0,5000.0,5000.0,Optimization terminated successfully. (HiGHS Status 7: Optimal)
2025-09-26,74194.35371666666,56500.11021666666,31723.51676666666,0.0,15999.999999999996,12960.0,10989.273266666667,6000.0,5999.999999999999,17116.968421408328,0.0,17116.968421408328,2.2737367544323206e-12,0.0,5000.0,3373.06,Optimization terminated successfully. (HiGHS Status 7: Optimal)
2025-09-27,75945.77175,58144.46949999999,33541.698,0.0,15999.999999999998,12960.0,12700.395750000001,6000.0,6000.0,18506.470294785,0.0,18506.470294785,1.1368683772161603e-13,0.0,5000.0,3335.1906,Optimization terminated successfully. (HiGHS Status 7: Optimal)
2025-09-28,120389.61958333333,56901.99041666666,67597.98958086419,0.0,21633.475864197528,17523.115449999998,0.0,6000.0,6000.000000000002,41599.25841054703,0.0,41599.25841054703,1.1368683772161603e-13,0.0,5000.0,5000.0,Optimization terminated successfully. (HiGHS Status 7: Optimal)
2025-09-29,121111.4148,58351.523199999996,66851.27314876544,0.0,21533.58709876543,17442.20555,0.0,6000.0,6000.000000000002,41516.14451192685,0.0,41516.14451192685,1.1368683772161603e-13,0.0,5000.0,5000.0,Optimization terminated successfully. (HiGHS Status 7: Optimal)
2025-09-30,120916.45506666665,55494.2803,69623.07678078396,0.0,22110.010600617286,17909.1085865,0.0,6000.0,6000.000000000004,43364.05819557331,0.0,43364.05819557331,3.410605131648481e-12,0.0,5000.0,5000.0,Optimization terminated successfully. (HiGHS Status 7: Optimal)
2025-10-01,117218.45471666666,67556.93318333334,56393.58967777777,0.0,21411.214444444442,17343.083700000003,2663.9374000000007,6000.0,6000.0,34295.81534869499,0.0,34295.81534869499,2.2737367544323206e-12,0.0,5000.0,4898.83,Optimization terminated successfully. (HiGHS Status 7: Optimal)
2025-10-02,117231.70978333332,65500.92666666665,56407.550333333325,0.0,21333.33333333333,17280.0,623.4338833333359,6000.0,6000.000000000002,34234.17696062333,0.0,34234.17696062333,1.1368683772161603e-13,0.0,5000.0,4973.47,Optimization terminated successfully. (HiGHS Status 7: Optimal)
2025-10-03,71524.19113333334,63707.03743333333,28890.34418333333,0.0,16000.0,12960.0,18033.190483333336,6000.0,6000.0,14643.063735833332,0.0,14643.063735833332,1.7053025658242404e-12,0.0,5000.000000000001,2992.0539,Optimization terminated successfully. (HiGHS Status 7: Optimal)
2025-10-04,72397.41483333333,59301.43239999999,30374.449049999996,0.0,16000.000000000004,12960.0,14238.466616666668,6000.0,6000.000000000006,15517.907799331664,0.0,15517.907799331664,4.547473508864641e-12,0.0,5000.0,3010.92,Optimization terminated successfully. (HiGHS Status 7: Optimal)
2025-10-05,117604.4209,62868.45983333333,58789.294399999984,0.0,21333.33333333333,17280.0,0.0,6000.0,5999.999999999996,35675.418790653326,0.0,35675.418790653326,1.1368683772161603e-13,0.0,5000.0,4888.6104,Optimization terminated successfully. (HiGHS Status 7: Optimal)
2025-10-06,117896.13613333332,60163.02688333333,61798.99398333333,0.0,21399.393333333337,17333.5086,0.0,6000.0,6000.000000000002,37528.712069019995,0.0,37528.712069019995,1.1368683772161603e-13,0.0,5000.0,4800.1211,Optimization terminated successfully. (HiGHS Status 7: Optimal)
2025-10-07,117357.17863333333,59585.615633333335,61835.54817119341,0.0,21389.39563786008,17325.410466666664,0.0,6000.0,6000.000000000001,37539.188804415986,0.0,37539.188804415986,1.1368683772161603e-13,0.0,5000.0,4861.4808,Optimization terminated successfully. (HiGHS Status 7: Optimal)
2025-10-08,117391.06235,60912.56668333333,60531.829,0.0,21333.33333333333,17280.0,0.0,6000.0,6000.000000000004,36758.29409325833,0.0,36758.29409325833,1.1368683772161603e-13,0.0,5000.0,4930.0063,Optimization terminated successfully. (HiGHS Status 7: Optimal)
2025-10-09,117432.98973333332,61673.00805,59819.757138683126,0.0,21367.239238683127,17307.463783333333,0.0,6000.0,5999.999999999998,36777.749771702525,0.0,36777.749771702525,1.2789769243681803e-13,0.0,5000.0,4920.9912,Optimization terminated successfully. (HiGHS Status 7: Optimal)
2025-10-10,72371.53011666666,63027.91919999999,30707.342266666663,0.0,16000.000000000004,12960.0,18323.731349999995,6000.0,6000.000000000006,15821.387132183332,0.0,15821.387132183332,2.8421709430404007e-12,0.0,5000.0,2916.1252,Optimization terminated successfully. (HiGHS Status 7: Optimal)
2025-10-11,71790.96475000001,57684.65116666666,30732.27216666666,0.0,15999.999999999996,12960.000000000004,13585.958583333333,6000.0,6000.0,15897.850735809996,0.0,15897.850735809996,1.1368683772161603e-13,0.0,5000.0,2979.29,Optimization terminated successfully. (HiGHS Status 7: Optimal)
2025-10-12,117709.38418333331,59194.428199999995,62580.96977983538,0.0,21400.07261316872,17334.058816666664,0.0,6000.0,6000.0,38029.40435305302,0.0,38029.40435305302,1.1368683772161603e-13,0.0,5000.0,5000.0,Optimization terminated successfully. (HiGHS Status 7: Optimal)
2025-10-13,117677.75383333332,60650.358533333325,61114.198532921815,0.0,21509.49069958848,17422.68746666667,0.0,6000.0,6000.000000000004,37515.77072501006,0.0,37515.77072501006,3.183231456205249e-12,0.0,5000.0,4837.57,Optimization terminated successfully. (HiGHS Status 7: Optimal)
2025-10-14,118032.22918333333,57258.3999,64842.445810082296,0.0,21413.77119341564,17345.154666666665,0.0,6000.0,6000.000000000002,39751.18630644266,0.0,39751.18630644266,1.1368683772161603e-13,0.0,5000.0,4888.1545,Optimization terminated successfully. (HiGHS Status 7: Optimal)
2025-10-15,117342.48076666666,55422.45711666666,66053.31917530864,0.0,21754.18697530864,17620.891449999996,0.0,6000.0,6000.000000000003,40066.32568251203,0.0,40066.32568251203,1.1368683772161603e-13,0.0,5000.0,4848.0545,Optimization terminated successfully. (HiGHS Status 7: Optimal)
2025-10-16,117733.27633333334,54766.80338333333,67173.27071028807,0.0,22141.0408436214,17934.243083333335,0.0,6000.0,6000.0,41356.911504391785,0.0,41356.911504391785,1.1368683772161603e-13,0.0,5000.0,4887.1178,Optimization terminated successfully. (HiGHS Status 7: Optimal)
2025-10-17,71943.17253333333,55938.973216666665,30916.324699999997,0.0,16000.0,12960.0,11872.125383333332,6000.0,6000.0,16029.294895126664,0.0,16029.294895126664,1.1368683772161603e-13,0.0,5000.0,2934.6311,Optimization terminated successfully. (HiGHS Status 7: Optimal)
2025-10-18,71656.70145,55580.10818333333,31177.9225,0.0,15999.999999999996,12960.0,12061.329233333337,6000.0,6000.0,16132.256536806666,0.0,16132.256536806666,7.958078640513122e-13,0.0,5000.0,2798.4002,Optimization terminated successfully. (HiGHS Status 7: Optimal)
2025-10-19,117991.24738333334,54105.52485,68133.7087399177,0.0,22357.8221399177,18109.835933333336,0.0,6000.0,6000.000000000002,41932.98810504257,0.0,41932.98810504257,1.2505552149377763e-12,0.0,5000.0,4953.365000000001,Optimization terminated successfully. (HiGHS Status 7: Optimal)
2025-10-20,117903.31864999999,53462.53628333333,68615.46404382715,0.0,21972.00882716049,17797.32715,0.0,6000.0,6000.000000000001,42150.55856771131,0.0,42150.55856771131,1.5916157281026244e-12,0.0,5000.0,4918.0654,Optimization terminated successfully. (HiGHS Status 7: Optimal)
2025-10-21,117800.84898333333,51338.26763333334,70677.72674855967,0.0,22184.975781893,17969.830383333334,0.0,6000.0,6000.000000000002,43068.269937007506,0.0,43068.269937007506,1.1368683772161603e-13,0.0,5000.0,4991.84,Optimization terminated successfully. (HiGHS Status 7: Optimal)
2025-10-22,117671.98653333331,52117.08983333333,69794.23491975307,0.0,22312.306419753084,18072.968200000003,0.0,6000.0,6000.0,42977.34867734203,0.0,42977.34867734203,1.1368683772161603e-13,0.0,5000.0,4954.523700000001,Optimization terminated successfully. (HiGHS Status 7: Optimal)
2025-10-23,117212.01551666667,53832.518483333326,67540.72906399176,0.0,21901.22121399177,17739.98918333333,0.0,6000.0,6000.000000000003,41500.518708461226,0.0,41500.518708461226,1.1368683772161603e-13,0.0,5000.0,4908.3359,Optimization terminated successfully. (HiGHS Status 7: Optimal)
2025-10-24,72135.51853333332,53715.46781666666,32522.025141152255,0.0,16690.915041152264,13519.641183333333,10930.700566666665,6000.0,6000.000000000002,17050.6605616615,0.0,17050.6605616615,1.1368683772161603e-13,0.0,5000.0,3054.1988,Optimization terminated successfully. (HiGHS Status 7: Optimal)
2025-10-25,72042.787,52644.35426666666,32002.869841769545,0.0,16176.810658436214,13103.216633333333,9530.843083333333,6000.0,6000.0,16786.723158305696,0.0,16786.723158305696,2.9558577807620168e-12,0.0,5000.0,2913.39,Optimization terminated successfully. (HiGHS Status 7: Optimal)
2025-10-26,117422.34435,52878.03233333333,68705.41769341563,0.0,21900.55619341564,17739.450516666668,0.0,6000.0,6000.000000000001,41984.00463842265,0.0,41984.00463842265,5.684341886080801e-13,0.0,5000.0,4980.97,Optimization terminated successfully. (HiGHS Status 7: Optimal)
2025-10-27,117790.56431666666,54237.98265,67760.32666687242,0.0,22146.026316872427,17938.281316666664,0.0,6000.0,6000.000000000001,41975.3921992608,0.0,41975.3921992608,1.1368683772161603e-13,0.0,5000.0,5000.0,Optimization terminated successfully. (HiGHS Status 7: Optimal)
2025-10-28,117514.14480000001,51541.723099999996,70170.64732489712,0.0,22095.924341563783,17897.698716666666,0.0,6000.0,5999.999999999998,43153.151670244726,0.0,43153.151670244726,1.1368683772161603e-13,0.0,5000.0,4921.96,Optimization terminated successfully. (HiGHS Status 7: Optimal)
2025-10-29,117721.61451666665,48409.357716666666,73726.55694979423,0.0,23233.15868312757,18818.858533333332,0.0,6000.0,6000.0,45473.35317627893,0.0,45473.35317627893,1.5916157281026244e-12,0.0,5000.0,4897.3827,Optimization terminated successfully. (HiGHS Status 7: Optimal)
2025-10-30,116916.07056666666,52128.252916666665,68977.76095205761,0.0,22052.333168724275,17862.389866666665,0.0,6000.0,6000.000000000003,42591.63847750635,0.0,42591.63847750635,1.1368683772161603e-13,0.0,5000.0,5000.0,Optimization terminated successfully. (HiGHS Status 7: Optimal)
2025-10-31,71748.98903333332,47844.69696666666,32991.9801164609,0.0,16884.848683127573,13676.727433333333,5879.566799999998,6000.0,6000.0,17370.408836675986,0.0,17370.408836675986,1.1368683772161603e-13,0.0,5000.0,2925.73,Optimization terminated successfully. (HiGHS Status 7: Optimal)
2025-11-01,71974.20948333332,49430.17105,32813.76431049382,0.0,16773.16549382716,13586.264050000003,7082.824433333334,6000.0,6000.000000000004,17104.794917786356,0.0,17104.794917786356,3.694822225952521e-12,0.0,5000.0,2863.0427,Optimization terminated successfully. (HiGHS Status 7: Optimal)
2025-11-02,117843.23631666665,49046.85238333333,73226.19619917695,0.0,23314.801399176955,18884.98913333333,0.0,6000.0,6000.0000000000055,45226.59251368739,0.0,45226.59251368739,1.1368683772161603e-13,0.0,5000.0,4898.9347,Optimization terminated successfully. (HiGHS Status 7: Optimal)
2025-11-03,117808.91503333332,48303.98475,73796.8977446502,0.0,22589.302427983537,18297.33496666666,0.0,6000.0,6000.000000000005,45209.66647820959,0.0,45209.66647820959,1.1368683772161603e-13,0.0,5000.0,4848.09,Optimization terminated successfully. (HiGHS Status 7: Optimal)
2025-11-04,117396.61073333332,49816.5387,71880.35123621397,0.0,22633.048436213987,18332.769233333333,0.0,6000.0,6000.000000000001,44485.229513259066,0.0,44485.229513259066,2.2737367544323206e-13,0.0,5000.0,5000.0,Optimization terminated successfully. (HiGHS Status 7: Optimal)
2025-11-05,117764.40761666666,48086.38755,74078.56665987654,0.0,23160.771543209874,18760.224949999996,0.0,6000.0,6000.000000000002,45655.32331062635,0.0,45655.32331062635,2.2737367544323206e-13,0.0,5000.0,5000.0,Optimization terminated successfully. (HiGHS Status 7: Optimal)
2025-11-06,117713.09413333333,46343.50958333333,75697.70822160493,0.0,22779.59827160494,18451.4746,0.0,6000.0,6000.0,46947.84343139734,0.0,46947.84343139734,5.684341886080801e-13,0.0,5000.0,4931.0054,Optimization terminated successfully. (HiGHS Status 7: Optimal)
2025-11-07,72212.37866666666,48893.91688333333,33954.61026769547,0.0,17941.119609053494,14532.306883333333,7227.335758641977,6000.0,6000.0,17690.6700002937,0.0,17690.6700002937,1.0231815394945443e-12,0.0,5000.0,2949.65,Optimization terminated successfully. (HiGHS Status 7: Optimal)
2025-11-08,72034.86681666666,48243.65971666666,33157.8989063786,0.0,17172.5091563786,13909.732416666666,6103.915066666663,6000.0,6000.0,17347.664194397716,0.0,17347.664194397716,2.2737367544323206e-13,0.0,5000.0,2888.47,Optimization terminated successfully. (HiGHS Status 7: Optimal)
2025-11-09,117877.67016666666,46530.85298333333,75862.54340288066,0.0,23766.980102880654,19251.25388333333,0.0,6000.0,6000.000000000002,46977.37850457164,0.0,46977.37850457164,2.2737367544323206e-13,0.0,5000.0,4848.71,Optimization terminated successfully. (HiGHS Status 7: Optimal)
2025-11-10,118420.10276666665,44561.65966666666,78298.82763416666,0.0,23370.444916666664,18930.060382499996,0.0,6000.0,6000.0,48710.02072852841,0.0,48710.02072852841,1.1368683772161603e-13,0.0,5000.0,4960.112,Optimization terminated successfully. (HiGHS Status 7: Optimal)
2025-11-11,117957.86744999999,46398.84778333333,75982.77200370369,0.0,23282.907037037035,18859.1547,0.0,6000.0,5999.999999999998,47210.90660431426,0.0,47210.90660431426,3.410605131648481e-13,0.0,5000.0,5000.0,Optimization terminated successfully. (HiGHS Status 7: Optimal)
2025-11-12,117416.71383333333,46460.726083333335,75409.36156766667,0.0,23438.809566666663,18985.435749,0.0,6000.0,6000.000000000001,46995.104846673436,0.0,46995.104846673436,2.2737367544323206e-13,0.0,5000.0,5000.0,Optimization terminated successfully. (HiGHS Status 7: Optimal)
2025-11-13,117780.10726666667,45384.23595,76857.17093480041,0.0,23480.524305967076,19019.22468783333,0.0,6000.0,6000.0000000000055,47669.99202294432,0.0,47669.99202294432,1.5916157281026244e-12,0.0,5000.0,5000.0,Optimization terminated successfully. (HiGHS Status 7: Optimal)
2025-11-14,71737.89309999999,44139.4378,34106.42917757201,0.0,17512.431460905347,14185.069483333333,3180.611900000001,6000.0,6000.000000000005,18059.028104100988,0.0,18059.028104100988,1.1368683772161603e-13,0.0,5000.0,2844.2463,Optimization terminated successfully. (HiGHS Status 7: Optimal)
2025-11-15,72466.97681666666,44255.0899,34595.11166358025,0.0,17950.235843621398,14539.69103333333,2972.6799366255123,6000.0,6000.0000000000055,18160.68050352222,0.0,18160.68050352222,1.1937117960769683e-12,0.0,5000.0,2921.31,Optimization terminated successfully. (HiGHS Status 7: Optimal)
2025-11-16,118360.27023333333,43925.725849999995,78887.54917666667,0.0,23436.86733333333,18983.862539999995,0.0,6000.0,6000.000000000004,49375.15678965967,0.0,49375.15678965967,2.2737367544323206e-13,0.0,5000.0,4993.88,Optimization terminated successfully. (HiGHS Status 7: Optimal)
2025-11-17,117269.71065,44573.95631666666,77127.00834466665,0.0,23322.38953333333,18891.135522,0.0,6000.0,5999.999999999999,48023.62881904406,0.0,48023.62881904406,2.2737367544323206e-13,0.0,5000.0,4774.76,Optimization terminated successfully. (HiGHS Status 7: Optimal)
2025-11-18,117783.6865,42893.134666666665,79375.92077942385,0.0,23607.20497942387,19121.836033333333,0.0,6000.0,5999.999999999998,49324.57933677353,0.0,49324.57933677353,2.2737367544323206e-13,0.0,5000.0,4905.4054,Optimization terminated successfully. (HiGHS Status 7: Optimal)
2025-11-19,118179.70134999999,42811.389749999995,79793.43360372016,0.0,23290.115809053495,18864.99380533333,0.0,6000.0,6000.000000000002,49989.48029040078,0.0,49989.48029040078,1.1368683772161603e-13,0.0,5000.0,5000.0,Optimization terminated successfully. (HiGHS Status 7: Optimal)
2025-11-20,117846.45723333332,43053.381199999996,79302.9120624506,0.0,23735.979100617285,19226.143071499995,0.0,6000.0,6000.000000000005,49517.21541539913,0.0,49517.21541539913,1.1368683772161603e-13,0.0,5000.0,4825.4,Optimization terminated successfully. (HiGHS Status 7: Optimal)
2025-11-21,71999.1771,43134.793033333335,35052.27393374485,0.0,18125.822983539092,14681.916616666666,2743.983500205762,6000.0,5999.999999999999,18427.616690593146,0.0,18427.616690593146,1.9184653865522705e-13,0.0,5000.0,2936.5849999999996,Optimization terminated successfully. (HiGHS Status 7: Optimal)
2025-11-22,72549.91013333332,42330.08065,35630.750355349795,0.0,18400.82257201646,14904.666283333332,1914.7645833333331,6000.0,6000.000000000002,18769.619943115926,0.0,18769.619943115926,6.252776074688882e-13,0.0,5000.000000000001,3224.0624999999995,Optimization terminated successfully. (HiGHS Status 7: Optimal)
2025-11-23,117782.69219999999,42550.595916666665,79702.69901975308,0.0,23529.48808641975,19058.88535,0.0,6000.0,5999.999999999999,49932.465088599376,0.0,49932.465088599376,4.547473508864641e-13,0.0,5000.0,4833.96,Optimization terminated successfully. (HiGHS Status 7: Optimal)
2025-11-24,117975.68781666666,43813.74411666666,78643.10567003909,0.0,23585.063000205766,19103.901030166664,0.0,6000.0,6000.000000000006,49050.77073908186,0.0,49050.77073908186,2.8421709430404007e-12,0.0,5000.0,5000.0,Optimization terminated successfully. (HiGHS Status 7: Optimal)
2025-11-25,117682.39221666666,41513.73175,80589.32838416667,0.0,23266.67325,18846.0053325,0.0,6000.0,6000.000000000003,50384.31192036158,0.0,50384.31192036158,2.2737367544323206e-13,0.0,5000.0,4850.0253,Optimization terminated successfully. (HiGHS Status 7: Optimal)
2025-11-26,117686.43673333332,40928.76985,81234.70244506172,0.0,23563.345061728396,19086.309500000003,0.0,6000.0,6000.0,50882.78492339772,0.0,50882.78492339772,1.1368683772161603e-13,0.0,5000.0,5000.0,Optimization terminated successfully. (HiGHS Status 7: Optimal)
2025-11-27,117198.14164999999,41417.248916666664,80281.18209747324,0.0,23685.73349547325,19185.444131333334,0.0,6000.0,6000.000000000001,50313.486921887976,0.0,50313.486921887976,1.1368683772161603e-13,0.0,5000.0,4923.39,Optimization terminated successfully. (HiGHS Status 7: Optimal)
2025-11-28,72239.02128333334,41317.78273333333,35697.420357407405,0.0,18688.02074074074,15137.2968,1225.4578666666675,6000.0,6000.0,18905.07866517389,0.0,18905.07866517389,1.1368683772161603e-13,0.0,5000.0,3066.075,Optimization terminated successfully. (HiGHS Status 7: Optimal)
2025-11-29,72156.19988333333,37226.74978333333,38494.766376954736,0.0,18764.822510288068,15199.506233333334,0.0,6000.0,6000.000000000004,19983.56228063006,0.0,19983.56228063006,1.1368683772161603e-13,0.0,5000.0,2999.33,Optimization terminated successfully. (HiGHS Status 7: Optimal)
2025-11-30,118008.83443333332,37764.00631666666,84940.29718230452,0.0,24712.995082304522,20017.526016666663,0.0,6000.0,6000.000000000002,53394.025090038136,0.0,53394.025090038136,1.1368683772161603e-13,0.0,5000.0,5000.0,Optimization terminated successfully. (HiGHS Status 7: Optimal)
2025-12-01,125291.39163333333,38992.4639,91017.26106666666,0.0,24833.333333333332,20115.0,0.0,6000.0,6000.0,57813.38709014666,0.0,57813.38709014666,2.2737367544323206e-13,0.0,5000.0,5000.0,Optimization terminated successfully. (HiGHS Status 7: Optimal)
2025-12-02,125400.62359999999,36762.81365,93375.21433004114,0.0,24933.707263374487,20196.30288333333,0.0,6000.0,6000.000000000004,59596.60453445133,0.0,59596.60453445133,2.2737367544323206e-13,0.0,5000.0,5000.0,Optimization terminated successfully. (HiGHS Status 7: Optimal)
2025-12-03,124622.93113333332,37460.18256666666,91922.41868312757,0.0,25050.89534979424,20291.22523333333,0.0,6000.0,6000.000000000002,58021.43280215497,0.0,58021.43280215497,2.2737367544323206e-13,0.0,5000.0,5000.0,Optimization terminated successfully. (HiGHS Status 7: Optimal)
2025-12-04,125336.25094999999,38565.042199999996,91489.54208333333,0.0,24833.333333333332,20115.0,0.0,6000.0,6000.000000000004,58265.26453353166,0.0,58265.26453353166,2.2737367544323206e-13,0.0,5000.0,5000.0,Optimization terminated successfully. (HiGHS Status 7: Optimal)
2025-12-05,78868.07108333333,37556.443400000004,45335.65390761316,0.0,21179.085390946497,17155.059166666666,0.0,6000.0,6000.000000000003,23470.116639015556,0.0,23470.116639015556,1.1368683772161603e-13,0.0,5000.0,3993.45,Optimization terminated successfully. (HiGHS Status 7: Optimal)
2025-12-06,79470.82115,35806.19033333333,47688.542051851844,0.0,21178.48018518518,17154.56895,0.0,6000.0,5999.999999999999,24633.811796797218,0.0,24633.811796797218,1.1368683772161603e-13,0.0,5000.0,3934.0174999999995,Optimization terminated successfully. (HiGHS Status 7: Optimal)
2025-12-07,125067.46291666667,37414.78166666666,92423.8346537037,0.0,25111.333703703705,20340.180300000004,0.0,6000.0,6000.000000000002,58749.62818103036,0.0,58749.62818103036,2.0463630789890885e-12,0.0,5000.0,5000.0,Optimization terminated successfully. (HiGHS Status 7: Optimal)
2025-12-08,124410.35393333333,36563.14281666666,92623.64911625514,0.0,25139.147366255143,20362.70936666667,0.0,6000.0,6000.0,58744.53307318495,0.0,58744.53307318495,2.2737367544323206e-13,0.0,5000.0,5000.0,Optimization terminated successfully. (HiGHS Status 7: Optimal)
2025-12-09,124694.68108333333,37306.22681666666,92205.61287078189,0.0,25353.466337448557,20536.307733333335,0.0,6000.0,6000.0,58902.309971937066,0.0,58902.309971937066,2.2737367544323206e-13,0.0,5000.0,5000.0,Optimization terminated successfully. (HiGHS Status 7: Optimal)
2025-12-10,124378.76451666666,35991.146049999996,93163.12858209875,0.0,25134.263765432097,20358.75365,0.0,6000.0,6000.0,58997.85449416987,0.0,58997.85449416987,2.2737367544323206e-13,0.0,5000.0,5000.0,Optimization terminated successfully. (HiGHS Status 7: Optimal)
2025-12-11,123787.79896666665,37826.544266666664,90679.58803333333,0.0,24833.333333333332,20115.0,0.0,6000.0,6000.0,57491.33783331333,0.0,57491.33783331333,2.2737367544323206e-13,0.0,5000.0,5000.0,Optimization terminated successfully. (HiGHS Status 7: Optimal)
2025-12-12,78661.70368333333,34947.2902,47708.384948559666,0.0,21020.902448559675,17026.930983333332,0.0,6000.0,6000.000000000002,24594.156501343823,0.0,24594.156501343823,1.1368683772161603e-13,0.0,5000.0,3751.8747000000003,Optimization terminated successfully. (HiGHS Status 7: Optimal)
2025-12-13,78840.15755,35041.62416666666,47858.43843744855,0.0,21367.921337448555,17308.01628333333,0.0,6000.0,6000.0,24662.639480364196,0.0,24662.639480364196,1.1368683772161603e-13,0.0,5000.0,3803.43,Optimization terminated successfully. (HiGHS Status 7: Optimal)
2025-12-14,124522.58585,35743.86405,93556.99209938271,0.0,25148.791049382715,20370.52075,0.0,6000.0,6000.000000000001,59599.09356828827,0.0,59599.09356828827,2.2737367544323206e-13,0.0,5000.0,5000.0,Optimization terminated successfully. (HiGHS Status 7: Optimal)
2025-12-15,124305.22548333333,34835.66751666667,94215.9631744856,0.0,24981.08004115226,20234.674833333334,0.0,6000.0,6000.0,59903.36004783078,0.0,59903.36004783078,2.2737367544323206e-13,0.0,5000.0,5000.0,Optimization terminated successfully. (HiGHS Status 7: Optimal)
2025-12-16,124646.94338333333,35228.85205,94136.42466666666,0.0,24833.333333333332,20115.0,0.0,6000.0,6000.000000000004,59971.14780518999,0.0,59971.14780518999,2.2737367544323206e-13,0.0,5000.0,5000.0,Optimization terminated successfully. (HiGHS Status 7: Optimal)
2025-12-17,124466.55465,36274.70758333333,92921.9699547325,0.0,24895.383621399174,20165.260733333333,0.0,6000.0,6000.000000000002,58886.5082559638,0.0,58886.5082559638,2.2737367544323206e-13,0.0,5000.0,5000.0,Optimization terminated successfully. (HiGHS Status 7: Optimal)
2025-12-18,124315.35926666667,36949.0923,92109.22577777777,0.0,24962.941111111108,20219.9823,0.0,6000.0,6000.000000000002,58784.79146529444,0.0,58784.79146529444,2.2737367544323206e-13,0.0,5000.0,5000.0,Optimization terminated successfully. (HiGHS Status 7: Optimal)
2025-12-19,78593.32543333333,35684.93413333333,46936.13071069958,0.0,21198.628477366256,17170.889066666663,0.0,6000.0,6000.0,24409.051967733394,0.0,24409.051967733394,2.2737367544323206e-13,0.0,5000.0,3756.5817,Optimization terminated successfully. (HiGHS Status 7: Optimal)
2025-12-20,78668.52011666665,35812.16786666666,46925.290611728386,0.0,21415.465061728395,17346.526699999995,0.0,6000.0,6000.000000000004,24287.315372309073,0.0,24287.315372309073,1.1368683772161603e-13,0.0,5000.0,3717.49,Optimization terminated successfully. (HiGHS Status 7: Optimal)
2025-12-21,124376.44096666665,35338.659100000004,93770.21493971194,0.0,24907.542489711934,20175.109416666666,0.0,6000.0,6000.000000000002,59672.546780370634,0.0,59672.546780370634,1.1368683772161603e-13,0.0,5000.0,5000.0,Optimization terminated successfully. (HiGHS Status 7: Optimal)
2025-12-22,124718.45381666666,35781.02673333333,93717.15750144032,0.0,25156.475884773663,20376.745466666667,0.0,6000.0,6000.000000000001,59690.54568024514,0.0,59690.54568024514,2.2737367544323206e-13,0.0,5000.0,5000.0,Optimization terminated successfully. (HiGHS Status 7: Optimal)
2025-12-23,123956.65456666666,36698.562033333335,92029.1718604938,0.0,25110.943827160492,20339.8645,0.0,6000.0,6000.000000000001,58408.999659689376,0.0,58408.999659689376,2.2737367544323206e-13,0.0,5000.0,5000.0,Optimization terminated successfully. (HiGHS Status 7: Optimal)
2025-12-24,123954.37128333331,36099.81196666666,92625.16345617283,0.0,25108.442839506173,20337.8387,0.0,6000.0,6000.000000000001,59107.36425057729,0.0,59107.36425057729,2.2737367544323206e-13,0.0,5000.0,5000.0,Optimization terminated successfully. (HiGHS Status 7: Optimal)
2025-12-25,123789.8579,35977.40936666667,92538.86110452675,0.0,24875.855637860084,20149.443066666667,0.0,6000.0,6000.000000000001,58812.11504700545,0.0,58812.11504700545,9.094947017729282e-13,0.0,5000.0,5000.0,Optimization terminated successfully. (HiGHS Status 7: Optimal)
2025-12-26,78270.30764999999,35262.685216666665,47107.00175061728,0.0,21575.68061728395,17476.3013,0.0,6000.0,5999.999999999998,24312.421799470736,0.0,24312.421799470736,2.2737367544323206e-13,0.0,5000.0,3910.0699999999997,Optimization terminated successfully. (HiGHS Status 7: Optimal)
2025-12-27,78409.18393333333,35070.374866666665,47342.39870720164,0.0,21071.524423868308,17067.934783333334,0.0,6000.0,6000.0,24497.34308044808,0.0,24497.34308044808,1.1368683772161603e-13,0.0,5000.0,3892.4499999999994,Optimization terminated successfully. (HiGHS Status 7: Optimal)
2025-12-28,123511.26975,36702.015,91472.01190658436,0.0,24540.827139917692,19878.06998333333,0.0,6000.0,5999.999999999999,58026.69713314518,0.0,58026.69713314518,2.2737367544323206e-13,0.0,5000.0,5000.0,Optimization terminated successfully. (HiGHS Status 7: Optimal)
2025-12-29,123677.30638333333,36153.54011666667,92277.42923991769,0.0,25019.278806584363,20265.615833333333,0.0,6000.0,6000.000000000005,58330.967138365646,0.0,58330.967138365646,2.2737367544323206e-13,0.0,5000.000000000001,5000.0,Optimization terminated successfully. (HiGHS Status 7: Optimal)
2025-12-30,123526.50905,37302.10644999999,90890.86105823044,0.0,24560.30767489712,19893.849216666662,0.0,6000.0,6000.000000000004,57687.362615754806,0.0,57687.362615754806,2.2737367544323206e-13,0.0,5000.0,5000.0,Optimization terminated successfully. (HiGHS Status 7: Optimal)
2025-12-31,123791.70508333332,35145.28215,93406.11833621399,0.0,25051.02843621399,20291.333033333332,0.0,6000.0,6000.0,59536.76228017528,0.0,59536.76228017528,2.2737367544323206e-13,0.0,5000.0,5000.0,Optimization terminated successfully. (HiGHS Status 7: Optimal)
