日期,情景,计划购电量_kWh,调整购电量_kWh,紧急购电量_kWh,计划购电费_元,调整费用_元,紧急购电费_元,总费用_元,更新接受次数,更新拒绝次数,保持计划不可行次数,预计调整节省_元
2025-02-01,仅0:00预报,43601.23232945982,43601.23232945982,0.0,25922.030277385013,0.0,0.0,25922.030277385013,0,0,0,0.0
2025-02-01,更新至6:00,43601.23232945982,43601.23232945982,0.0,25922.030277385013,0.0,0.0,25922.030277385013,0,1,0,1.4551915228366852e-11
2025-02-01,更新至12:00,43601.23232945982,43054.93257112648,0.0,25922.030277385013,112.34654530124995,0.0,26034.376822686263,1,1,0,20.005016914306907
2025-02-01,更新至18:00,43601.23232945982,42976.57791811082,0.0,25922.030277385013,161.11056360554204,0.0,26083.140840990556,2,1,1,
2025-02-02,仅0:00预报,89043.54693185538,89043.54693185538,0.0,61567.86337111852,0.0,0.0,61567.86337111852,0,0,0,0.0
2025-02-02,更新至6:00,89043.54693185538,89043.54693185538,0.0,61567.86337111852,0.0,0.0,61567.86337111852,0,1,0,0.0
2025-02-02,更新至12:00,89043.54693185538,89043.54693185538,0.0,61567.86337111852,0.0,0.0,61567.86337111852,0,2,0,0.0
2025-02-02,更新至18:00,89043.54693185538,87822.40530137657,0.0,61567.86337111852,765.5834339192559,0.0,62333.446805037776,1,2,1,
2025-02-03,仅0:00预报,90959.76612943166,90959.76612943166,0.0,64670.95655324995,0.0,0.0,64670.95655324995,0,0,0,0.0
2025-02-03,更新至6:00,90959.76612943166,90959.76612943166,0.0,64670.95655324995,0.0,0.0,64670.95655324995,0,1,0,0.0
2025-02-03,更新至12:00,90959.76612943166,90959.76612943166,0.0,64670.95655324995,0.0,0.0,64670.95655324995,0,2,0,0.0
2025-02-03,更新至18:00,90959.76612943166,89886.39304619809,0.0,64670.95655324995,669.3028977589996,0.0,65340.25945100895,1,2,1,
2025-02-04,仅0:00预报,93557.19484040978,93557.19484040978,0.0,67481.67183459537,0.0,0.0,67481.67183459537,0,0,0,0.0
2025-02-04,更新至6:00,93557.19484040978,93557.19484040978,0.0,67481.67183459537,0.0,0.0,67481.67183459537,0,1,0,0.0
2025-02-04,更新至12:00,93557.19484040978,93557.19484040978,0.0,67481.67183459537,0.0,0.0,67481.67183459537,0,2,0,2.9103830456733704e-11
2025-02-04,更新至18:00,93557.19484040978,93184.14838495398,0.0,67481.67183459537,232.52947110213907,0.0,67714.20130569751,1,2,1,
2025-02-05,仅0:00预报,90768.75112768782,90768.75112768782,1.1368683772161603e-13,63047.25914165029,0.0,4.798721420229413e-13,63047.25914165029,0,0,0,0.0
2025-02-05,更新至6:00,90768.75112768782,90910.40362778504,1.1368683772161603e-13,63047.25914165029,99.05759331798748,4.798721420229413e-13,63146.31673496828,1,0,0,33.019197772606276
2025-02-05,更新至12:00,90768.75112768782,90910.40362778504,1.1368683772161603e-13,63047.25914165029,99.05759331798748,4.798721420229413e-13,63146.31673496828,1,1,0,33.019197772606276
2025-02-05,更新至18:00,90768.75112768782,90680.4415564959,1.1368683772161603e-13,63047.25914165029,242.18643470275245,4.798721420229413e-13,63289.44557635304,2,1,1,
2025-02-06,仅0:00预报,97560.41475391915,97560.41475391915,2.2737367544323206e-13,67194.31215488925,0.0,9.398490874445997e-13,67194.31215488925,0,0,0,0.0
2025-02-06,更新至6:00,97560.41475391915,97560.41475391915,2.2737367544323206e-13,67194.31215488925,0.0,9.398490874445997e-13,67194.31215488925,0,1,0,0.0
2025-02-06,更新至12:00,97560.41475391915,97560.41475391915,2.2737367544323206e-13,67194.31215488925,0.0,9.398490874445997e-13,67194.31215488925,0,2,0,0.0
2025-02-06,更新至18:00,97560.41475391915,97451.71403596335,2.2737367544323206e-13,67194.31215488925,67.64989181979196,9.398490874445997e-13,67261.96204670904,1,2,1,
2025-02-07,仅0:00预报,47061.386730800165,47061.386730800165,0.0,24470.06019493393,0.0,0.0,24470.06019493393,0,0,0,0.0
2025-02-07,更新至6:00,47061.386730800165,47061.386730800165,0.0,24470.06019493393,0.0,0.0,24470.06019493393,0,1,0,-7.275957614183426e-12
2025-02-07,更新至12:00,47061.386730800165,47061.386730800165,0.0,24470.06019493393,0.0,0.0,24470.06019493393,0,2,0,-1.4551915228366852e-11
2025-02-07,更新至18:00,47061.386730800165,47061.386730800165,0.0,24470.06019493393,0.0,0.0,24470.06019493393,0,3,0,-1.4551915228366852e-11
2025-02-08,仅0:00预报,37976.34443216761,37976.34443216761,0.0,19835.369446925994,0.0,0.0,19835.369446925994,0,0,0,0.0
2025-02-08,更新至6:00,37976.34443216761,38152.441487389835,0.0,19835.369446925994,204.06231275659218,0.0,20039.431759682586,1,0,0,97.0069213210445
2025-02-08,更新至12:00,37976.34443216761,38139.63124552407,0.0,19835.369446925994,182.66643522570413,0.0,20018.035882151697,2,0,0,103.0412646902405
2025-02-08,更新至18:00,37976.34443216761,38139.63124552407,0.0,19835.369446925994,182.66643522570413,0.0,20018.035882151697,2,1,0,103.0412646902405
2025-02-09,仅0:00预报,87604.01329420722,87604.01329420722,0.0,56394.040494847904,0.0,0.0,56394.040494847904,0,0,0,0.0
2025-02-09,更新至6:00,87604.01329420722,88757.72678333841,0.0,56394.040494847904,791.1620204430268,0.0,57185.202515290934,1,0,0,268.4292794937355
2025-02-09,更新至12:00,87604.01329420722,87743.48799420723,0.0,56394.040494847904,93.63327286249678,0.0,56487.6737677104,2,0,0,905.4446330676001
2025-02-09,更新至18:00,87604.01329420722,87743.48799420723,0.0,56394.040494847904,93.63327286249678,0.0,56487.6737677104,2,1,0,906.5841347161477
2025-02-10,仅0:00预报,84483.63053777486,84483.63053777486,0.8591875000000755,53377.88520879351,0.0,4.0244342500003425,53381.90964304351,0,0,0,0.0
2025-02-10,更新至6:00,84483.63053777486,84483.63053777486,0.8591875000000755,53377.88520879351,0.0,4.0244342500003425,53381.90964304351,0,1,0,-1.4551915228366852e-11
2025-02-10,更新至12:00,84483.63053777486,84483.63053777486,0.8591875000000755,53377.88520879351,0.0,4.0244342500003425,53381.90964304351,0,2,0,-2.9103830456733704e-11
2025-02-10,更新至18:00,84483.63053777486,84483.63053777486,0.8591875000000755,53377.88520879351,0.0,4.0244342500003425,53381.90964304351,0,3,0,-2.9103830456733704e-11
2025-02-11,仅0:00预报,84380.27393102413,84380.27393102413,10.902175000000284,53372.617233564335,0.0,51.065787700001316,53423.68302126434,0,0,0,0.0
2025-02-11,更新至6:00,84380.27393102413,84380.27393102413,10.902175000000284,53372.617233564335,0.0,51.065787700001316,53423.68302126434,0,1,0,1.7626086866512196
2025-02-11,更新至12:00,84380.27393102413,84380.27393102413,10.902175000000284,53372.617233564335,0.0,51.065787700001316,53423.68302126434,0,2,0,1.7626086866366677
2025-02-11,更新至18:00,84380.27393102413,84380.27393102413,10.902175000000284,53372.617233564335,0.0,51.065787700001316,53423.68302126434,0,3,0,1.7626086866366677
2025-02-12,仅0:00预报,85113.46721607202,85113.46721607202,3.330337500000269,53875.29364501324,0.0,15.5993008500011,53890.89294586324,0,0,0,0.0
2025-02-12,更新至6:00,85113.46721607202,85113.46721607202,3.330337500000269,53875.29364501324,0.0,15.5993008500011,53890.89294586324,0,1,0,0.0
2025-02-12,更新至12:00,85113.46721607202,85113.46721607202,3.330337500000269,53875.29364501324,0.0,15.5993008500011,53890.89294586324,0,2,0,0.0
2025-02-12,更新至18:00,85113.46721607202,85113.46721607202,3.330337500000269,53875.29364501324,0.0,15.5993008500011,53890.89294586324,0,3,0,0.0
2025-02-13,仅0:00预报,82912.0397689722,82912.0397689722,2.2737367544323206e-13,51597.810681337694,0.0,9.488303476246074e-13,51597.810681337694,0,0,0,0.0
2025-02-13,更新至6:00,82912.0397689722,82912.0397689722,2.2737367544323206e-13,51597.810681337694,0.0,9.488303476246074e-13,51597.810681337694,0,1,0,0.0
2025-02-13,更新至12:00,82912.0397689722,82953.4584059722,2.2737367544323206e-13,51597.810681337694,55.99458915504998,9.488303476246074e-13,51653.80527049275,1,1,0,18.02762234445254
2025-02-13,更新至18:00,82912.0397689722,82953.4584059722,2.2737367544323206e-13,51597.810681337694,55.99458915504998,9.488303476246074e-13,51653.80527049275,1,2,0,18.02762234445254
2025-02-14,仅0:00预报,37916.697802374445,37916.697802374445,0.0,19733.34445993206,0.0,0.0,19733.34445993206,0,0,0,0.0
2025-02-14,更新至6:00,37916.697802374445,37916.697802374445,0.0,19733.34445993206,0.0,0.0,19733.34445993206,0,1,0,-7.275957614183426e-12
2025-02-14,更新至12:00,37916.697802374445,37916.697802374445,0.0,19733.34445993206,0.0,0.0,19733.34445993206,0,2,0,-7.275957614183426e-12
2025-02-14,更新至18:00,37916.697802374445,37916.697802374445,0.0,19733.34445993206,0.0,0.0,19733.34445993206,0,3,0,2.315390843919886
2025-02-15,仅0:00预报,37395.85237924168,37395.85237924168,1.1368683772161603e-13,19537.03370326933,0.0,2.4971313905552965e-13,19537.03370326933,0,0,0,0.0
2025-02-15,更新至6:00,37395.85237924168,37395.85237924168,1.1368683772161603e-13,19537.03370326933,0.0,2.4971313905552965e-13,19537.03370326933,0,1,0,0.0
2025-02-15,更新至12:00,37395.85237924168,37395.85237924168,1.1368683772161603e-13,19537.03370326933,0.0,2.4971313905552965e-13,19537.03370326933,0,2,0,0.0
2025-02-15,更新至18:00,37395.85237924168,37395.85237924168,1.1368683772161603e-13,19537.03370326933,0.0,2.4971313905552965e-13,19537.03370326933,0,3,0,0.0
2025-02-16,仅0:00预报,85387.81336255802,85387.81336255802,0.0,54235.77878051084,0.0,0.0,54235.77878051084,0,0,0,0.0
2025-02-16,更新至6:00,85387.81336255802,85387.81336255802,0.0,54235.77878051084,0.0,0.0,54235.77878051084,0,1,0,1.4551915228366852e-11
2025-02-16,更新至12:00,85387.81336255802,85387.81336255802,0.0,54235.77878051084,0.0,0.0,54235.77878051084,0,2,0,1.4551915228366852e-11
2025-02-16,更新至18:00,85387.81336255802,85387.81336255802,0.0,54235.77878051084,0.0,0.0,54235.77878051084,0,3,0,1.4551915228366852e-11
2025-02-17,仅0:00预报,84767.76255927808,84767.76255927808,0.0,52918.795690985644,0.0,0.0,52918.795690985644,0,0,0,0.0
2025-02-17,更新至6:00,84767.76255927808,84767.76255927808,0.0,52918.795690985644,0.0,0.0,52918.795690985644,0,1,0,0.0
2025-02-17,更新至12:00,84767.76255927808,84767.76255927808,0.0,52918.795690985644,0.0,0.0,52918.795690985644,0,2,0,0.0
2025-02-17,更新至18:00,84767.76255927808,84767.76255927808,0.0,52918.795690985644,0.0,0.0,52918.795690985644,0,3,0,1.4551915228366852e-11
2025-02-18,仅0:00预报,75703.26354541813,75703.26354541813,957.3919700416684,47433.99135139099,0.0,6303.31234468861,53737.3036960796,0,0,0,0.0
2025-02-18,更新至6:00,75703.26354541813,77101.26711035965,9.35590833333356,47433.99135139099,985.1432808415925,43.82307463333438,48462.95770686592,1,0,0,956.4768935630273
2025-02-18,更新至12:00,75703.26354541813,76760.67216592567,126.01386793055565,47433.99135139099,756.0192113222661,724.9160615427379,48914.926624256,2,0,0,1036.0655781440582
2025-02-18,更新至18:00,75703.26354541813,76901.30848955066,9.35590833333356,47433.99135139099,1006.8950236904861,43.82307463333438,48484.709449714814,3,0,0,1226.1206074492802
2025-02-19,仅0:00预报,76680.76747814879,76680.76747814879,891.1841884811188,47888.126419429806,0.0,5783.497449036286,53671.62386846609,0,0,0,0.0
2025-02-19,更新至6:00,76680.76747814879,76680.76747814879,891.1841884811188,47888.126419429806,0.0,5783.497449036286,53671.62386846609,0,1,0,3.4004633945442038
2025-02-19,更新至12:00,76680.76747814879,78825.7385814691,143.0804808888886,47888.126419429806,1970.5975863134418,727.4853560295546,50586.2093617728,1,1,0,1607.4016636333254
2025-02-19,更新至18:00,76680.76747814879,78825.7385814691,143.0804808888886,47888.126419429806,1970.5975863134418,727.4853560295546,50586.2093617728,1,2,0,1607.4016636333254
2025-02-20,仅0:00预报,78843.2692408674,78843.2692408674,51.456312499999854,49119.528097497605,0.0,241.0213677499993,49360.549465247605,0,0,0,0.0
2025-02-20,更新至6:00,78843.2692408674,79135.32089122664,51.456312499999854,49119.528097497605,339.98640050702414,241.0213677499993,49700.53586575463,1,0,0,243.95914440538036
2025-02-20,更新至12:00,78843.2692408674,78843.2692408674,51.456312499999854,49119.528097497605,0.0,241.0213677499993,49360.549465247605,2,0,0,454.4155196997017
2025-02-20,更新至18:00,78843.2692408674,78843.2692408674,51.456312499999854,49119.528097497605,0.0,241.0213677499993,49360.549465247605,2,1,0,454.41551969968714
2025-02-21,仅0:00预报,34328.12232480924,34328.12232480924,0.0,17777.60295722658,0.0,0.0,17777.60295722658,0,0,0,0.0
2025-02-21,更新至6:00,34328.12232480924,34328.12232480924,0.0,17777.60295722658,0.0,0.0,17777.60295722658,0,1,0,0.0
2025-02-21,更新至12:00,34328.12232480924,34328.12232480924,0.0,17777.60295722658,0.0,0.0,17777.60295722658,0,2,0,0.0
2025-02-21,更新至18:00,34328.12232480924,34340.98091925369,0.0,17777.60295722658,23.58137635166576,0.0,17801.184333578247,1,2,0,7.86045878387813
2025-02-22,仅0:00预报,35039.63288685796,35039.63288685796,195.56686475000225,18318.843707012296,0.0,1126.071907225388,19444.915614237685,0,0,0,0.0
2025-02-22,更新至6:00,35039.63288685796,35039.63288685796,195.56686475000225,18318.843707012296,0.0,1126.071907225388,19444.915614237685,0,1,0,-7.275957614183426e-12
2025-02-22,更新至12:00,35039.63288685796,35039.63288685796,195.56686475000225,18318.843707012296,0.0,1126.071907225388,19444.915614237685,0,2,0,-7.275957614183426e-12
2025-02-22,更新至18:00,35039.63288685796,35039.63288685796,195.56686475000225,18318.843707012296,0.0,1126.071907225388,19444.915614237685,0,3,0,-7.275957614183426e-12
2025-02-23,仅0:00预报,77636.03887870495,77636.03887870495,155.33091687705087,47943.2241475302,0.0,728.0130659350348,48671.23721346523,0,0,0,0.0
2025-02-23,更新至6:00,77636.03887870495,78071.42618575676,116.77122075891805,47943.2241475302,369.1903356732738,546.9498256218967,48859.36430882537,1,0,0,224.96814431338862
2025-02-23,更新至12:00,77636.03887870495,77962.44274817343,150.12493998611296,47943.2241475302,228.75763760577647,703.2286770609185,48875.2104621969,2,0,0,348.1691225746472
2025-02-23,更新至18:00,77636.03887870495,77962.44274817343,150.12493998611296,47943.2241475302,228.75763760577647,703.2286770609185,48875.2104621969,2,1,0,349.3296273497399
2025-02-24,仅0:00预报,73631.53860864845,73631.53860864845,34.14808333333315,46003.98809927713,0.0,157.53087829166586,46161.5189775688,0,0,0,0.0
2025-02-24,更新至6:00,73631.53860864845,75588.10938152792,34.14808333333315,46003.98809927713,1297.2092871552336,157.53087829166586,47458.72826472403,1,0,0,1757.9782607943052
2025-02-24,更新至12:00,73631.53860864845,74281.55928013902,34.14808333333315,46003.98809927713,440.9268248483584,157.53087829166586,46602.445802417154,2,0,0,2533.9520015099406
2025-02-24,更新至18:00,73631.53860864845,74281.55928013902,34.14808333333315,46003.98809927713,440.9268248483584,157.53087829166586,46602.445802417154,2,1,0,2533.9520015099406
2025-02-25,仅0:00预报,76147.63643903073,76147.63643903073,70.60068501388628,47326.91071945379,0.0,316.4947462992308,47643.405465753014,0,0,0,0.0
2025-02-25,更新至6:00,76147.63643903073,76147.63643903073,70.60068501388628,47326.91071945379,0.0,316.4947462992308,47643.405465753014,0,1,0,0.0
2025-02-25,更新至12:00,76147.63643903073,76147.63643903073,70.60068501388628,47326.91071945379,0.0,316.4947462992308,47643.405465753014,0,2,0,0.0
2025-02-25,更新至18:00,76147.63643903073,76147.63643903073,70.60068501388628,47326.91071945379,0.0,316.4947462992308,47643.405465753014,0,3,0,0.03674035916628782
2025-02-26,仅0:00预报,65610.00397444607,65610.00397444607,5008.404332722215,40877.82679542878,0.0,31452.53065599527,72330.35745142405,0,0,0,0.0
2025-02-26,更新至6:00,65610.00397444607,69596.51821763003,1670.1802857361163,40877.82679542878,3394.3961232648785,11062.538958791314,55334.761877484976,1,0,0,4930.864691198018
2025-02-26,更新至12:00,65610.00397444607,72259.81944928298,25.350476430557023,40877.82679542878,6025.585788282471,129.50586217155703,47032.91844588281,2,0,0,8060.583073838177
2025-02-26,更新至18:00,65610.00397444607,72282.60249933854,15.193345833333638,40877.82679542878,6069.606058447316,68.97857219583481,47016.41142607193,3,0,0,8088.649140880734
2025-02-27,仅0:00预报,68690.23326275992,68690.23326275992,2364.729091486103,42795.28277425433,0.0,14512.2861762639,57307.56895051823,0,0,0,0.0
2025-02-27,更新至6:00,68690.23326275992,70346.60730239263,877.2346432222183,42795.28277425433,1676.8891050559978,5728.577555720556,50200.749435030884,1,0,0,1564.9692029689468
2025-02-27,更新至12:00,68690.23326275992,72117.38432490634,86.6232516666579,42795.28277425433,3278.9888494379065,403.8099916757802,46478.08161536801,2,0,0,2870.0715729154326
2025-02-27,更新至18:00,68690.23326275992,72117.38432490634,86.6232516666579,42795.28277425433,3278.9888494379065,403.8099916757802,46478.08161536801,2,1,0,2870.0715729154326
2025-02-28,仅0:00预报,34261.07736675111,34261.07736675111,555.6096387916675,17826.575351108564,0.0,2252.7027679829616,20079.278119091527,0,0,0,0.0
2025-02-28,更新至6:00,34261.07736675111,34534.03824304278,282.6487625000009,17826.575351108564,289.84848327164997,1287.7308860698872,19404.1547204501,1,0,0,269.1899294372233
2025-02-28,更新至12:00,34261.07736675111,34534.03824304278,282.6487625000009,17826.575351108564,289.84848327164997,1287.7308860698872,19404.1547204501,1,1,0,269.1899294372233
2025-02-28,更新至18:00,34261.07736675111,34534.03824304278,282.6487625000009,17826.575351108564,289.84848327164997,1287.7308860698872,19404.1547204501,1,2,0,269.1899294372233
2025-03-01,仅0:00预报,35668.25221539793,35668.25221539793,11.49915416666488,18460.294116689292,0.0,54.38211705624163,18514.676233745533,0,0,0,0.0
2025-03-01,更新至6:00,35668.25221539793,35668.25221539793,11.49915416666488,18460.294116689292,0.0,54.38211705624163,18514.676233745533,0,1,0,0.0
2025-03-01,更新至12:00,35668.25221539793,35668.25221539793,11.49915416666488,18460.294116689292,0.0,54.38211705624163,18514.676233745533,0,2,0,0.0
2025-03-01,更新至18:00,35668.25221539793,35668.25221539793,11.49915416666488,18460.294116689292,0.0,54.38211705624163,18514.676233745533,0,3,0,0.0
2025-03-02,仅0:00预报,79400.49636944049,79400.49636944049,302.90055478395004,48982.03126063984,0.0,1703.805585711493,50685.83684635133,0,0,0,0.0
2025-03-02,更新至6:00,79400.49636944049,80959.6557516905,302.90055478394993,48982.03126063984,1981.451862517759,1703.8055857114925,52667.28870886909,1,0,0,2338.5806713984057
2025-03-02,更新至12:00,79400.49636944049,80959.6557516905,302.90055478394993,48982.03126063984,1981.451862517759,1703.8055857114925,52667.28870886909,1,1,0,2338.5806713984057
2025-03-02,更新至18:00,79400.49636944049,80959.6557516905,302.90055478394993,48982.03126063984,1981.451862517759,1703.8055857114925,52667.28870886909,1,2,0,2338.5806713984057
2025-03-03,仅0:00预报,82837.49315148663,82837.49315148663,648.842882958335,51330.76350951226,0.0,4129.028811789428,55459.79232130169,0,0,0,0.0
2025-03-03,更新至6:00,82837.49315148663,83334.46734731997,152.22007629166978,51330.76350951226,637.9418920206248,753.4338608334767,52722.13926236636,1,0,0,620.2159912304633
2025-03-03,更新至12:00,82837.49315148663,83255.21587404872,231.43981085458302,51330.76350951226,536.4092766834895,1295.1017054007366,53162.27449159649,2,0,0,690.6050121316948
2025-03-03,更新至18:00,82837.49315148663,83374.28784327829,112.36784162500271,51330.76350951226,766.4741820304224,521.8872466139294,52619.12493815661,3,0,0,761.7982829796383
2025-03-04,仅0:00预报,72278.03367660692,72278.03367660692,640.5313843325054,44724.711956293206,0.0,4087.1648540932615,48811.876810386464,0,0,0,0.0
2025-03-04,更新至6:00,72278.03367660692,73912.47886564293,92.05130820833426,44724.711956293206,1816.933844461884,395.4971480272964,46937.142948782384,1,0,0,907.48028297766
2025-03-04,更新至12:00,72278.03367660692,73692.6484323096,92.05130820833426,44724.711956293206,1672.5625479568837,395.4971480272964,46792.771652277384,2,0,0,1051.8515794826671
2025-03-04,更新至18:00,72278.03367660692,73692.6484323096,92.05130820833426,44724.711956293206,1672.5625479568837,395.4971480272964,46792.771652277384,2,1,0,1051.8515794826671
2025-03-05,仅0:00预报,76212.26682646884,76212.26682646884,3.331633333333457,46880.12872513913,0.0,15.605370533333913,46895.734095672466,0,0,0,0.0
2025-03-05,更新至6:00,76212.26682646884,76212.26682646884,3.331633333333457,46880.12872513913,0.0,15.605370533333913,46895.734095672466,0,1,0,0.0
2025-03-05,更新至12:00,76212.26682646884,76212.26682646884,3.331633333333457,46880.12872513913,0.0,15.605370533333913,46895.734095672466,0,2,0,0.0
2025-03-05,更新至18:00,76212.26682646884,76212.26682646884,3.331633333333457,46880.12872513913,0.0,15.605370533333913,46895.734095672466,0,3,0,0.0
2025-03-06,仅0:00预报,70777.56019436932,70777.56019436932,0.0,43610.34625230598,0.0,0.0,43610.34625230598,0,0,0,0.0
2025-03-06,更新至6:00,70777.56019436932,70991.05652675308,0.0,43610.34625230598,238.4597613295876,0.0,43848.80601363556,1,0,0,86.5565834997833
2025-03-06,更新至12:00,70777.56019436932,70991.05652675308,0.0,43610.34625230598,238.4597613295876,0.0,43848.80601363556,1,1,0,86.5565834997833
2025-03-06,更新至18:00,70777.56019436932,70991.05652675308,0.0,43610.34625230598,238.4597613295876,0.0,43848.80601363556,1,2,0,88.9969873187074
2025-03-07,仅0:00预报,32142.145294719732,32142.145294719732,0.0,17508.204693495973,0.0,0.0,17508.204693495973,0,0,0,0.0
2025-03-07,更新至6:00,32142.145294719732,32142.145294719732,0.0,17508.204693495973,0.0,0.0,17508.204693495973,0,1,0,0.0
2025-03-07,更新至12:00,32142.145294719732,32142.145294719732,0.0,17508.204693495973,0.0,0.0,17508.204693495973,0,2,0,0.0
2025-03-07,更新至18:00,32142.145294719732,32142.145294719732,0.0,17508.204693495973,0.0,0.0,17508.204693495973,0,3,0,0.0
2025-03-08,仅0:00预报,30724.806969565252,30724.806969565252,226.30392286458573,16489.504368310987,0.0,866.2589679134464,17355.763336224434,0,0,0,0.0
2025-03-08,更新至6:00,30724.806969565252,31091.236721596506,1.1368683772161603e-13,16489.504368310987,412.18793646209804,4.842490852752235e-13,16901.692304773085,1,0,0,193.39093758456147
2025-03-08,更新至12:00,30724.806969565252,31091.236721596506,1.1368683772161603e-13,16489.504368310987,412.18793646209804,4.842490852752235e-13,16901.692304773085,1,1,0,193.39093758456147
2025-03-08,更新至18:00,30724.806969565252,31091.236721596506,1.1368683772161603e-13,16489.504368310987,412.18793646209804,4.842490852752235e-13,16901.692304773085,1,2,0,193.39093758456147
2025-03-09,仅0:00预报,76956.49097682354,76956.49097682354,20.69966766666812,46838.86456976709,0.0,80.35610988200564,46919.220679649094,0,0,0,0.0
2025-03-09,更新至6:00,76956.49097682354,76956.49097682354,20.69966766666812,46838.86456976709,0.0,80.35610988200564,46919.220679649094,0,1,0,0.0
2025-03-09,更新至12:00,76956.49097682354,77018.4010934902,0.0,46838.86456976709,96.94389229874945,0.0,46935.808462065834,1,1,0,24.62454090589017
2025-03-09,更新至18:00,76956.49097682354,77018.4010934902,0.0,46838.86456976709,96.94389229874945,0.0,46935.808462065834,1,2,0,28.258850966303726
2025-03-10,仅0:00预报,71451.77383947089,71451.77383947089,402.8341701666675,43611.56046745843,0.0,1950.4153768301708,45561.9758442886,0,0,0,0.0
2025-03-10,更新至6:00,71451.77383947089,72751.05427883973,39.33666666666363,43611.56046745843,1544.328176158251,184.31195166665245,45340.200595283335,1,0,0,1318.4583009150374
2025-03-10,更新至12:00,71451.77383947089,72751.05427883973,39.33666666666363,43611.56046745843,1544.328176158251,184.31195166665245,45340.200595283335,1,1,0,1318.4583009150374
2025-03-10,更新至18:00,71451.77383947089,72751.05427883973,39.33666666666363,43611.56046745843,1544.328176158251,184.31195166665245,45340.200595283335,1,2,0,1318.4583009150374
2025-03-11,仅0:00预报,63548.22602085318,63548.22602085318,4193.899647587447,38913.156392886456,0.0,27017.215682433074,65930.37207531952,0,0,0,0.0
2025-03-11,更新至6:00,63548.22602085318,70916.80014369475,1.1368683772161603e-13,38913.156392886456,6385.907646849004,4.73733052785974e-13,45299.06403973546,1,0,0,12176.129706005348
2025-03-11,更新至12:00,63548.22602085318,69178.65954099722,2.2737367544323206e-13,38913.156392886456,4523.805911970901,9.316067917097825e-13,43436.962304857356,2,0,0,13941.269049213573
2025-03-11,更新至18:00,63548.22602085318,69142.59084516388,2.2737367544323206e-13,38913.156392886456,4481.800308803401,9.316067917097825e-13,43394.95670168986,3,0,0,13967.518177851089
2025-03-12,仅0:00预报,72199.72857497059,72199.72857497059,0.0,44446.70988589265,0.0,0.0,44446.70988589265,0,0,0,0.0
2025-03-12,更新至6:00,72199.72857497059,72199.72857497059,0.0,44446.70988589265,0.0,0.0,44446.70988589265,0,1,0,0.0
2025-03-12,更新至12:00,72199.72857497059,72199.72857497059,0.0,44446.70988589265,0.0,0.0,44446.70988589265,0,2,0,0.0
2025-03-12,更新至18:00,72199.72857497059,72199.72857497059,0.0,44446.70988589265,0.0,0.0,44446.70988589265,0,3,0,0.0
2025-03-13,仅0:00预报,71711.97931047995,71711.97931047995,172.97789704166723,44202.72024655664,0.0,1163.757125696002,45366.47737225264,0,0,0,0.0
2025-03-13,更新至6:00,71711.97931047995,72773.28153604854,161.80664704166713,44202.72024655664,1005.6857087684001,1111.6320731960016,46320.038028521034,1,0,0,723.0723690561863
2025-03-13,更新至12:00,71711.97931047995,72246.0624775319,168.66787916666476,44202.72024655664,551.0017036195691,1133.6904409999854,45887.41239117619,2,0,0,1087.3422880560684
2025-03-13,更新至18:00,71711.97931047995,72246.0624775319,168.66787916666476,44202.72024655664,551.0017036195691,1133.6904409999854,45887.41239117619,2,1,0,1091.4292600522313
2025-03-14,仅0:00预报,28892.814421596286,28892.814421596286,46.6574303750013,14959.258421648792,0.0,285.2168718823829,15244.475293531175,0,0,0,0.0
2025-03-14,更新至6:00,28892.814421596286,29055.801479929618,0.0,14959.258421648792,210.7751766450002,0.0,15170.033598293792,1,0,0,281.745276746311
2025-03-14,更新至12:00,28892.814421596286,29151.43882922129,0.0,14959.258421648792,335.9703202036207,0.0,15295.228741852412,2,0,0,311.7122356471591
2025-03-14,更新至18:00,28892.814421596286,29102.926270887954,0.0,14959.258421648792,279.47259476862064,0.0,15238.731016417412,3,0,0,343.6469914111731
2025-03-15,仅0:00预报,30163.485285109782,30163.485285109782,178.90475095833153,15885.920540193074,0.0,659.0997488294097,16545.020289022483,0,0,0,0.0
2025-03-15,更新至6:00,30163.485285109782,30197.53497423478,144.85506183333325,15885.920540193074,35.23632079100445,541.6453461927281,16462.802207176806,1,0,0,15.391631414822768
2025-03-15,更新至12:00,30163.485285109782,30197.53497423478,144.85506183333325,15885.920540193074,35.23632079100445,541.6453461927281,16462.802207176806,1,1,0,15.391631414822768
2025-03-15,更新至18:00,30163.485285109782,30197.53497423478,144.85506183333325,15885.920540193074,35.23632079100445,541.6453461927281,16462.802207176806,1,2,0,15.391631414822768
2025-03-16,仅0:00预报,72837.02723150139,72837.02723150139,261.3711198749943,43910.51872716784,0.0,1343.8627588858037,45254.381486053644,0,0,0,0.0
2025-03-16,更新至6:00,72837.02723150139,74951.93071366599,0.33958333333339397,43910.51872716784,2057.819518610068,1.544934375000276,45969.88318015291,1,0,0,962.1074228450307
2025-03-16,更新至12:00,72837.02723150139,74590.83838033266,0.33958333333339397,43910.51872716784,1820.3381182850678,1.544934375000276,45732.4017798279,2,0,0,1199.5888231700228
2025-03-16,更新至18:00,72837.02723150139,74590.83838033266,0.33958333333339397,43910.51872716784,1820.3381182850678,1.544934375000276,45732.4017798279,2,1,0,1199.5888231700228
2025-03-17,仅0:00预报,63036.55243362619,63036.55243362619,635.1503902367239,38180.691717947775,0.0,3354.094209547441,41534.78592749521,0,0,0,0.0
2025-03-17,更新至6:00,63036.55243362619,63036.55243362619,635.1503902367239,38180.691717947775,0.0,3354.094209547441,41534.78592749521,0,1,0,0.0
2025-03-17,更新至12:00,63036.55243362619,63224.26048051815,635.1503902367235,38180.691717947775,248.11366829495879,3354.0942095474393,41782.89959579017,1,1,0,161.11417048308067
2025-03-17,更新至18:00,63036.55243362619,63178.04661940278,635.1503902367235,38180.691717947775,185.82702102149887,3354.0942095474393,41720.61294851671,2,1,0,188.0902127205918
2025-03-18,仅0:00预报,71956.77480464977,71956.77480464977,1.1368683772161603e-13,44271.67633149037,0.0,4.978346623829566e-13,44271.67633149037,0,0,0,0.0
2025-03-18,更新至6:00,71956.77480464977,72655.87820897075,1.1368683772161603e-13,44271.67633149037,700.984773486168,4.978346623829566e-13,44972.66110497654,1,0,0,646.712650560381
2025-03-18,更新至12:00,71956.77480464977,71956.77480464977,1.1368683772161603e-13,44271.67633149037,0.0,4.978346623829566e-13,44271.67633149037,2,0,0,1347.6974240465497
2025-03-18,更新至18:00,71956.77480464977,71956.77480464977,1.1368683772161603e-13,44271.67633149037,0.0,4.978346623829566e-13,44271.67633149037,2,1,0,1348.2732697321917
2025-03-19,仅0:00预报,59322.69552475571,59322.69552475571,3683.5711040129127,37013.092055008114,0.0,23517.384871829425,60530.47692683754,0,0,0,0.0
2025-03-19,更新至6:00,59322.69552475571,67416.65670884194,121.97723766666559,37013.092055008114,6870.25518013494,582.3709188166615,44465.718153959715,1,0,0,7538.004875089566
2025-03-19,更新至12:00,59322.69552475571,65567.37243931023,121.9772376666657,37013.092055008114,4728.068739730221,582.3709188166621,42323.53171355499,2,0,0,9558.120460021979
2025-03-19,更新至18:00,59322.69552475571,65567.37243931023,121.9772376666657,37013.092055008114,4728.068739730221,582.3709188166621,42323.53171355499,2,1,0,9558.120460021979
2025-03-20,仅0:00预报,67439.61595818795,67439.61595818795,407.89538150000385,41708.3680995156,0.0,2006.4226380569362,43714.79073757254,0,0,0,0.0
2025-03-20,更新至6:00,67439.61595818795,67439.61595818795,407.89538150000385,41708.3680995156,0.0,2006.4226380569362,43714.79073757254,0,1,0,0.0
2025-03-20,更新至12:00,67439.61595818795,67439.61595818795,407.89538150000385,41708.3680995156,0.0,2006.4226380569362,43714.79073757254,0,2,0,-1.4551915228366852e-11
2025-03-20,更新至18:00,67439.61595818795,67439.61595818795,407.89538150000385,41708.3680995156,0.0,2006.4226380569362,43714.79073757254,0,3,0,-2.9103830456733704e-11
2025-03-21,仅0:00预报,28778.38984953062,28778.38984953062,683.1877913333376,14865.32370689318,0.0,2737.0141386526852,17602.337845545866,0,0,0,0.0
2025-03-21,更新至6:00,28778.38984953062,29204.808120030626,256.7695208333335,14865.32370689318,513.9317104789303,1023.9084370562508,16403.16385442836,1,0,0,730.1545183772214
2025-03-21,更新至12:00,28778.38984953062,29204.808120030626,256.7695208333335,14865.32370689318,513.9317104789303,1023.9084370562508,16403.16385442836,1,1,0,730.1545183772214
2025-03-21,更新至18:00,28778.38984953062,29204.808120030626,256.7695208333335,14865.32370689318,513.9317104789303,1023.9084370562508,16403.16385442836,1,2,0,730.1545183772214
2025-03-22,仅0:00预报,28984.451679040045,28984.451679040045,201.40552437499986,15176.240695326916,0.0,762.3035671837495,15938.544262510666,0,0,0,0.0
2025-03-22,更新至6:00,28984.451679040045,29421.70353258171,5.684341886080802e-14,15176.240695326916,502.74890002012455,2.802948984026443e-13,15678.98959534704,1,0,0,246.32002304062553
2025-03-22,更新至12:00,28984.451679040045,29421.70353258171,5.684341886080802e-14,15176.240695326916,502.74890002012455,2.802948984026443e-13,15678.98959534704,1,1,0,246.3200230406219
2025-03-22,更新至18:00,28984.451679040045,29421.70353258171,5.684341886080802e-14,15176.240695326916,502.74890002012455,2.802948984026443e-13,15678.98959534704,1,2,0,246.3200230406219
2025-03-23,仅0:00预报,74989.7376777161,74989.7376777161,0.0,45759.88443648992,0.0,0.0,45759.88443648992,0,0,0,0.0
2025-03-23,更新至6:00,74989.7376777161,74989.7376777161,0.0,45759.88443648992,0.0,0.0,45759.88443648992,0,1,0,0.0
2025-03-23,更新至12:00,74989.7376777161,74989.7376777161,0.0,45759.88443648992,0.0,0.0,45759.88443648992,0,2,0,0.0
2025-03-23,更新至18:00,74989.7376777161,74989.7376777161,0.0,45759.88443648992,0.0,0.0,45759.88443648992,0,3,0,0.0
2025-03-24,仅0:00预报,63129.049516091116,63129.049516091116,2.2737367544323206e-13,39023.56828471945,0.0,4.2211922846036033e-13,39023.56828471945,0,0,0,0.0
2025-03-24,更新至6:00,63129.049516091116,63237.051935372794,2.2737367544323206e-13,39023.56828471945,131.20794156451933,4.2211922846036033e-13,39154.77622628397,1,0,0,8.393981396904564
2025-03-24,更新至12:00,63129.049516091116,63742.51523754945,2.2737367544323206e-13,39023.56828471945,718.7084487984737,4.2211922846036033e-13,39742.27673351792,2,0,0,558.3201756597118
2025-03-24,更新至18:00,63129.049516091116,63683.41932921612,2.2737367544323206e-13,39023.56828471945,649.2882844284743,4.2211922846036033e-13,39672.85656914792,3,0,0,601.487425892803
2025-03-25,仅0:00预报,70261.20299500557,70261.20299500557,18.147714083332744,43751.9601768996,0.0,122.64221692866244,43874.60239382826,0,0,0,0.0
2025-03-25,更新至6:00,70261.20299500557,70261.20299500557,18.147714083332744,43751.9601768996,0.0,122.64221692866244,43874.60239382826,0,1,0,0.4795388264901703
2025-03-25,更新至12:00,70261.20299500557,70261.20299500557,18.147714083332744,43751.9601768996,0.0,122.64221692866244,43874.60239382826,0,2,0,1.4753087684803177
2025-03-25,更新至18:00,70261.20299500557,70261.20299500557,18.147714083332744,43751.9601768996,0.0,122.64221692866244,43874.60239382826,0,3,0,1.4753087684803177
2025-03-26,仅0:00预报,64962.45411929131,64962.45411929131,603.265540708324,39177.44536927975,0.0,3108.2558137939095,42285.70118307366,0,0,0,0.0
2025-03-26,更新至6:00,64962.45411929131,65670.68526041116,43.96827862499799,39177.44536927975,839.4998432452477,217.79918025861508,40234.744392783614,1,0,0,938.7594807673449
2025-03-26,更新至12:00,64962.45411929131,65589.8896123695,43.96827862499799,39177.44536927975,726.6497405709181,217.79918025861508,40121.89429010928,2,0,0,991.063155401891
2025-03-26,更新至18:00,64962.45411929131,65578.27386041117,43.96827862499799,39177.44536927975,713.1220358402431,217.79918025861508,40108.36658537861,3,0,0,999.6458624386869
2025-03-27,仅0:00预报,64465.08189177912,64465.08189177912,0.0,40017.24333784594,0.0,0.0,40017.24333784594,0,0,0,0.0
2025-03-27,更新至6:00,64465.08189177912,65154.91265592578,0.0,40017.24333784594,870.4328988931268,0.0,40887.67623673907,1,0,0,648.1026313295297
2025-03-27,更新至12:00,64465.08189177912,64507.8285869312,0.0,40017.24333784594,59.32380388317832,0.0,40076.567141729116,2,0,0,1345.3190236948867
2025-03-27,更新至18:00,64465.08189177912,64507.8285869312,0.0,40017.24333784594,59.32380388317832,0.0,40076.567141729116,2,1,0,1345.3190236948867
2025-03-28,仅0:00预报,27236.174840973188,27236.174840973188,0.0,14167.846396580671,0.0,0.0,14167.846396580671,0,0,0,0.0
2025-03-28,更新至6:00,27236.174840973188,27236.174840973188,0.0,14167.846396580671,0.0,0.0,14167.846396580671,0,1,0,0.0
2025-03-28,更新至12:00,27236.174840973188,27236.174840973188,0.0,14167.846396580671,0.0,0.0,14167.846396580671,0,2,0,0.0
2025-03-28,更新至18:00,27236.174840973188,27236.174840973188,0.0,14167.846396580671,0.0,0.0,14167.846396580671,0,3,0,0.0
2025-03-29,仅0:00预报,27457.086383690257,27457.086383690257,925.7393167649136,13957.680553171533,0.0,4332.171797115587,18289.852350287118,0,0,0,0.0
2025-03-29,更新至6:00,27457.086383690257,28136.823984163508,286.5302749999998,13957.680553171533,866.8956841678421,1150.8645738541659,15975.44081119354,1,0,0,1064.1979234030405
2025-03-29,更新至12:00,27457.086383690257,28113.466777990667,286.5302749999998,13957.680553171533,839.2848054454566,1150.8645738541659,15947.829932471155,2,0,0,1084.698959966805
2025-03-29,更新至18:00,27457.086383690257,28113.466777990667,286.5302749999998,13957.680553171533,839.2848054454566,1150.8645738541659,15947.829932471155,2,1,0,1084.698959966805
2025-03-30,仅0:00预报,70284.60218476428,70284.60218476428,0.0,42041.29292683834,0.0,0.0,42041.29292683834,0,0,0,0.0
2025-03-30,更新至6:00,70284.60218476428,70284.60218476428,0.0,42041.29292683834,0.0,0.0,42041.29292683834,0,1,0,0.6372095509286737
2025-03-30,更新至12:00,70284.60218476428,70284.60218476428,0.0,42041.29292683834,0.0,0.0,42041.29292683834,0,2,0,0.6372095509286737
2025-03-30,更新至18:00,70284.60218476428,70284.60218476428,0.0,42041.29292683834,0.0,0.0,42041.29292683834,0,3,0,0.6372095509286737
2025-03-31,仅0:00预报,56735.61080390666,56735.61080390666,2951.3730561249968,34737.04101845698,0.0,18665.347077016224,53402.3880954732,0,0,0,0.0
2025-03-31,更新至6:00,56735.61080390666,62321.19082617585,2.2737367544323206e-13,34737.04101845698,5671.8902882985485,8.94488039193675e-13,40408.93130675553,1,0,0,8118.385778973345
2025-03-31,更新至12:00,56735.61080390666,60093.529895799315,113.43918491666352,34737.04101845698,3296.4004959670247,733.4395525161442,38766.88106694015,2,0,0,10401.40418701974
2025-03-31,更新至18:00,56735.61080390666,60293.474470477646,2.2737367544323206e-13,34737.04101845698,3685.9955773622787,8.94488039193675e-13,38423.036595819256,3,0,0,11088.669899950095
2025-04-01,仅0:00预报,66424.85996366797,66424.85996366797,1.1368683772161603e-13,39635.45956127804,0.0,5.325091478880495e-13,39635.45956127804,0,0,0,0.0
2025-04-01,更新至6:00,66424.85996366797,68196.43762604787,1.1368683772161603e-13,39635.45956127804,1852.069517986285,5.325091478880495e-13,41487.52907926432,1,0,0,2003.1072357806843
2025-04-01,更新至12:00,66424.85996366797,66613.36064477215,1.1368683772161603e-13,39635.45956127804,233.37143813582531,5.325091478880495e-13,39868.83099941386,2,0,0,3406.642542265603
2025-04-01,更新至18:00,66424.85996366797,66613.36064477215,1.1368683772161603e-13,39635.45956127804,233.37143813582531,5.325091478880495e-13,39868.83099941386,2,1,0,3406.642542265603
2025-04-02,仅0:00预报,62783.38847816191,62783.38847816191,1442.0969632174956,38825.4362048377,0.0,9619.713657524599,48445.1498623623,0,0,0,0.0
2025-04-02,更新至6:00,62783.38847816191,66181.24785519936,7.025585786520651,38825.4362048377,2861.396604207496,31.854005956084634,41718.68681500128,1,0,0,4139.881021984547
2025-04-02,更新至12:00,62783.38847816191,64899.31459900821,12.571585786523201,38825.4362048377,1522.0850453920525,56.9995699560962,40404.52082018585,2,0,0,5461.5144284129055
2025-04-02,更新至18:00,62783.38847816191,64899.31459900821,12.571585786523201,38825.4362048377,1522.0850453920525,56.9995699560962,40404.52082018585,2,1,0,5465.569428404066
2025-04-03,仅0:00预报,64364.349793352805,64364.349793352805,0.0,40228.277063997004,0.0,0.0,40228.277063997004,0,0,0,0.0
2025-04-03,更新至6:00,64364.349793352805,64364.349793352805,0.0,40228.277063997004,0.0,0.0,40228.277063997004,0,1,0,0.0
2025-04-03,更新至12:00,64364.349793352805,64364.349793352805,0.0,40228.277063997004,0.0,0.0,40228.277063997004,0,2,0,0.0
2025-04-03,更新至18:00,64364.349793352805,64364.349793352805,0.0,40228.277063997004,0.0,0.0,40228.277063997004,0,3,0,0.0
2025-04-04,仅0:00预报,24802.665180618682,24802.665180618682,5.684341886080802e-14,12636.478518873337,0.0,2.6625457394402475e-13,12636.478518873337,0,0,0,0.0
2025-04-04,更新至6:00,24802.665180618682,24802.665180618682,5.684341886080802e-14,12636.478518873337,0.0,2.6625457394402475e-13,12636.478518873337,0,1,0,0.0
2025-04-04,更新至12:00,24802.665180618682,24916.12909311868,5.684341886080802e-14,12636.478518873337,156.1099403824993,2.6625457394402475e-13,12792.588459255836,1,1,0,51.48366507505125
2025-04-04,更新至18:00,24802.665180618682,24916.12909311868,5.684341886080802e-14,12636.478518873337,156.1099403824993,2.6625457394402475e-13,12792.588459255836,1,2,0,51.48366507504761
2025-04-05,仅0:00预报,26219.267014315326,26219.267014315326,826.4178745833296,13413.752123963997,0.0,3477.2729533960255,16891.025077360024,0,0,0,0.0
2025-04-05,更新至6:00,26219.267014315326,27024.48743489866,135.36810795833338,13413.752123963997,1010.1061122435963,581.1458141879586,15005.004050395553,1,0,0,1508.4552454698605
2025-04-05,更新至12:00,26219.267014315326,27047.04497223199,135.36810795833338,13413.752123963997,1042.0332283569946,581.1458141879586,15036.931166508952,2,0,0,1520.9120348850447
2025-04-05,更新至18:00,26219.267014315326,27047.04497223199,135.36810795833338,13413.752123963997,1042.0332283569946,581.1458141879586,15036.931166508952,2,1,0,1520.9120348850447
2025-04-06,仅0:00预报,66892.63238544913,66892.63238544913,11.085497354420113,39581.22942667553,0.0,48.68049947715112,39629.90992615268,0,0,0,0.0
2025-04-06,更新至6:00,66892.63238544913,67243.98407817414,5.233177708333869,39581.22942667553,492.72055112778236,25.961794611044326,40099.91177241435,1,0,0,357.1907985950529
2025-04-06,更新至12:00,66892.63238544913,67258.6484520904,5.233177708333869,39581.22942667553,492.06230039952794,25.961794611044326,40099.2535216861,2,0,0,381.8910094686289
2025-04-06,更新至18:00,66892.63238544913,67241.94146623649,11.085497354420113,39581.22942667553,468.57812573398024,48.68049947715112,40098.488051886656,3,0,0,398.27492140536197
2025-04-07,仅0:00预报,58172.261803355126,58172.261803355126,0.0,35117.14454759965,0.0,0.0,35117.14454759965,0,0,0,0.0
2025-04-07,更新至6:00,58172.261803355126,60910.40399870517,0.0,35117.14454759965,2694.599201445666,0.0,37811.743749045316,1,0,0,2315.480022674281
2025-04-07,更新至12:00,58172.261803355126,59126.84004864009,0.0,35117.14454759965,887.6037772313123,0.0,36004.748324830965,2,0,0,3886.1508217793307
2025-04-07,更新至18:00,58172.261803355126,59126.84004864009,0.0,35117.14454759965,887.6037772313123,0.0,36004.748324830965,2,1,0,3886.1508217793307
2025-04-08,仅0:00预报,67335.79170619136,67335.79170619136,0.0,41027.99027539025,0.0,0.0,41027.99027539025,0,0,0,0.0
2025-04-08,更新至6:00,67335.79170619136,67563.95313976512,0.0,41027.99027539025,314.8764477321731,0.0,41342.866723122424,1,0,0,171.415370680028
2025-04-08,更新至12:00,67335.79170619136,67380.26572369137,0.0,41027.99027539025,61.073101073500396,0.0,41089.06337646375,2,0,0,339.9813866212062
2025-04-08,更新至18:00,67335.79170619136,67380.26572369137,0.0,41027.99027539025,61.073101073500396,0.0,41089.06337646375,2,1,0,339.9813866212062
2025-04-09,仅0:00预报,65436.80807513544,65436.80807513544,1.1368683772161603e-13,39643.16567130655,0.0,5.129550117999315e-13,39643.16567130655,0,0,0,0.0
2025-04-09,更新至6:00,65436.80807513544,66576.10254240446,0.0,39643.16567130655,1196.2105612346165,0.0,40839.376232541166,1,0,0,719.3366249296523
2025-04-09,更新至12:00,65436.80807513544,66408.61060002142,0.0,39643.16567130655,1098.5273820786304,0.0,40741.693053385185,2,0,0,866.0169404779735
2025-04-09,更新至18:00,65436.80807513544,66408.61060002142,0.0,39643.16567130655,1098.5273820786304,0.0,40741.693053385185,2,1,0,866.8718401347578
2025-04-10,仅0:00预报,64497.179820807556,64497.179820807556,0.0,39386.78142634783,0.0,0.0,39386.78142634783,0,0,0,0.0
2025-04-10,更新至6:00,64497.179820807556,66036.85374920834,0.0,39386.78142634783,1072.8200605560978,0.0,40459.60148690393,1,0,0,338.7845005244162
2025-04-10,更新至12:00,64497.179820807556,65807.258515875,0.0,39386.78142634783,925.5284023423475,0.0,40312.30982869017,2,0,0,486.0761587381712
2025-04-10,更新至18:00,64497.179820807556,65807.258515875,0.0,39386.78142634783,925.5284023423475,0.0,40312.30982869017,2,1,0,486.0761587381712
2025-04-11,仅0:00预报,22724.517712020504,22724.517712020504,1074.7193710833317,11583.053312473941,0.0,4589.557741187343,16172.611053661283,0,0,0,0.0
2025-04-11,更新至6:00,22724.517712020504,23833.357599603834,255.39418333333333,11583.053312473941,1423.4917283567818,1109.6434589794792,14116.188499810201,1,0,0,1941.549327377761
2025-04-11,更新至12:00,22724.517712020504,23631.30197893717,255.39418333333344,11583.053312473941,1150.4070697959598,1109.6434589794796,13843.10384124938,2,0,0,2208.504923107441
2025-04-11,更新至18:00,22724.517712020504,23631.30197893717,255.39418333333344,11583.053312473941,1150.4070697959598,1109.6434589794796,13843.10384124938,2,1,0,2208.504923107441
2025-04-12,仅0:00预报,27889.333197780463,27889.333197780463,1.1368683772161603e-13,14261.991450648646,0.0,5.129550117999315e-13,14261.991450648646,0,0,0,0.0
2025-04-12,更新至6:00,27889.333197780463,27889.333197780463,1.1368683772161603e-13,14261.991450648646,0.0,5.129550117999315e-13,14261.991450648646,0,1,0,0.0
2025-04-12,更新至12:00,27889.333197780463,27889.333197780463,1.1368683772161603e-13,14261.991450648646,0.0,5.129550117999315e-13,14261.991450648646,0,2,0,0.0
2025-04-12,更新至18:00,27889.333197780463,27889.333197780463,1.1368683772161603e-13,14261.991450648646,0.0,5.129550117999315e-13,14261.991450648646,0,3,0,0.0
2025-04-13,仅0:00预报,64117.336646701035,64117.336646701035,0.0,37785.410037988026,0.0,0.0,37785.410037988026,0,0,0,0.0
2025-04-13,更新至6:00,64117.336646701035,64117.336646701035,0.0,37785.410037988026,0.0,0.0,37785.410037988026,0,1,0,0.0
2025-04-13,更新至12:00,64117.336646701035,64117.336646701035,0.0,37785.410037988026,0.0,0.0,37785.410037988026,0,2,0,0.0
2025-04-13,更新至18:00,64117.336646701035,64117.336646701035,0.0,37785.410037988026,0.0,0.0,37785.410037988026,0,3,0,0.04316298999765422
2025-04-14,仅0:00预报,63395.135276864734,63395.135276864734,1.1368683772161603e-13,38764.28262552596,0.0,4.798721420229413e-13,38764.28262552596,0,0,0,0.0
2025-04-14,更新至6:00,63395.135276864734,63395.135276864734,1.1368683772161603e-13,38764.28262552596,0.0,4.798721420229413e-13,38764.28262552596,0,1,0,0.0
2025-04-14,更新至12:00,63395.135276864734,63395.135276864734,1.1368683772161603e-13,38764.28262552596,0.0,4.798721420229413e-13,38764.28262552596,0,2,0,0.0
2025-04-14,更新至18:00,63395.135276864734,63395.135276864734,1.1368683772161603e-13,38764.28262552596,0.0,4.798721420229413e-13,38764.28262552596,0,3,0,0.0
2025-04-15,仅0:00预报,55350.1785544958,55350.1785544958,565.5459014475359,33016.07045335514,0.0,3686.1443555530927,36702.21480890823,0,0,0,0.0
2025-04-15,更新至6:00,55350.1785544958,56689.455026715485,16.03865325202071,33016.07045335514,1608.3697626339972,62.262051924344384,34686.70226791348,1,0,0,1374.6631407893146
2025-04-15,更新至12:00,55350.1785544958,55514.33463782913,401.38981811419524,33016.07045335514,240.73057016949554,2585.9149566372084,35842.71598016184,2,0,0,2285.7892519257293
2025-04-15,更新至18:00,55350.1785544958,55869.52990433021,46.19455161312908,33016.07045335514,924.4080889593247,197.89323505535793,34138.37177736982,3,0,0,3428.208782714253
2025-04-16,仅0:00预报,60853.000287070645,60853.000287070645,391.5621595720718,35963.81457588028,0.0,2482.6160245736646,38446.43060045394,0,0,0,0.0
2025-04-16,更新至6:00,60853.000287070645,62215.80100822219,4.547473508864641e-13,35963.81457588028,1809.5240425075272,1.8279706637258642e-12,37773.3386183878,1,0,0,2061.7468688559456
2025-04-16,更新至12:00,60853.000287070645,61699.806031704924,4.547473508864641e-13,35963.81457588028,1128.58110607048,1.9293793229735457e-12,37092.39568195076,2,0,0,2514.5166993814346
2025-04-16,更新至18:00,60853.000287070645,61699.806031704924,4.547473508864641e-13,35963.81457588028,1128.58110607048,1.9293793229735457e-12,37092.39568195076,2,1,0,2516.2748560832842
2025-04-17,仅0:00预报,53723.75065662353,53723.75065662353,1377.0059643681013,33184.46306232477,0.0,7355.958609140377,40540.42167146515,0,0,0,0.0
2025-04-17,更新至6:00,53723.75065662353,58093.5557014214,1.1368683772161603e-13,33184.46306232477,3981.826132785393,4.978915058018174e-13,37166.28919511016,1,0,0,4050.586869966981
2025-04-17,更新至12:00,53723.75065662353,57626.80474001345,2.2737367544323206e-13,33184.46306232477,3410.626544635136,1.0244889381283428e-12,36595.08960695991,2,0,0,4540.426457482288
2025-04-17,更新至18:00,53723.75065662353,57626.80474001345,2.2737367544323206e-13,33184.46306232477,3410.626544635136,1.0244889381283428e-12,36595.08960695991,2,1,0,4541.686389596012
2025-04-18,仅0:00预报,24320.46399314386,24320.46399314386,353.28325037499843,12176.303609950162,0.0,1478.0035694293474,13654.30717937951,0,0,0,0.0
2025-04-18,更新至6:00,24320.46399314386,24827.75714351886,5.684341886080802e-14,12176.303609950162,644.8505479995106,2.6625457394402475e-13,12821.154157949673,1,0,0,751.2081337996206
2025-04-18,更新至12:00,24320.46399314386,24827.75714351886,5.684341886080802e-14,12176.303609950162,644.8505479995106,2.6625457394402475e-13,12821.154157949673,1,1,0,753.2890713911438
2025-04-18,更新至18:00,24320.46399314386,24827.75714351886,5.684341886080802e-14,12176.303609950162,644.8505479995106,2.6625457394402475e-13,12821.154157949673,1,2,0,753.2890713911438
2025-04-19,仅0:00预报,25700.96809065689,25700.96809065689,5.684341886080802e-14,12635.77665664252,0.0,2.773958840407431e-13,12635.77665664252,0,0,0,0.0
2025-04-19,更新至6:00,25700.96809065689,25930.095794823555,1.7053025658242404e-13,12635.77665664252,285.2167761419159,7.373728294624016e-13,12920.993432784435,1,0,0,123.12949799750277
2025-04-19,更新至12:00,25700.96809065689,26243.469099031885,1.7053025658242404e-13,12635.77665664252,719.3175868098369,7.373728294624016e-13,13355.094243452357,2,0,0,815.978159863178
2025-04-19,更新至18:00,25700.96809065689,26176.944589602055,1.7053025658242404e-13,12635.77665664252,626.6850932358811,7.373728294624016e-13,13262.461749878401,3,0,0,875.9037912055792
2025-04-20,仅0:00预报,63119.14108692508,63119.14108692508,3.410605131648481e-13,37079.389497178294,0.0,1.8025616554950829e-12,37079.389497178294,0,0,0,0.0
2025-04-20,更新至6:00,63119.14108692508,63208.945667466745,3.410605131648481e-13,37079.389497178294,120.66868716278924,1.8025616554950829e-12,37200.058184341084,1,0,0,33.6395556746138
2025-04-20,更新至12:00,63119.14108692508,63621.1367315455,3.410605131648481e-13,37079.389497178294,619.0294982129399,1.8184778127761092e-12,37698.418995391236,2,0,0,400.10360281264
2025-04-20,更新至18:00,63119.14108692508,63595.95031830008,3.410605131648481e-13,37079.389497178294,581.1621232901209,1.8184778127761092e-12,37660.55162046842,3,0,0,416.2768074092164
2025-04-21,仅0:00预报,57701.88506287147,57701.88506287147,239.91616049999766,34658.61921659212,0.0,1261.9448873914455,35920.56410398356,0,0,0,0.0
2025-04-21,更新至6:00,57701.88506287147,57701.88506287147,239.91616049999766,34658.61921659212,0.0,1261.9448873914455,35920.56410398356,0,1,0,0.0
2025-04-21,更新至12:00,57701.88506287147,57701.88506287147,239.91616049999766,34658.61921659212,0.0,1261.9448873914455,35920.56410398356,0,2,0,0.32401171750098
2025-04-21,更新至18:00,57701.88506287147,57727.31117612147,233.77279091666367,34658.61921659212,34.84925372798794,1231.6242868129007,35925.092757133,1,2,0,14.915877243343857
2025-04-22,仅0:00预报,55121.53713662427,55121.53713662427,1923.603953789313,33010.811942319066,0.0,12560.940664585374,45571.75260690444,0,0,0,0.0
2025-04-22,更新至6:00,55121.53713662427,61155.549736467445,2.2737367544323206e-13,33010.811942319066,4979.364449555505,5.439915184979327e-13,37990.17639187457,1,0,0,6656.865179208631
2025-04-22,更新至12:00,55121.53713662427,57785.87014614688,30.267546857663888,33010.811942319066,2274.0548710539065,117.49861690145086,35402.365430274425,2,0,0,9034.319209310619
2025-04-22,更新至18:00,55121.53713662427,58042.51294463624,2.2737367544323206e-13,33010.811942319066,2707.9338378495204,5.439915184979327e-13,35718.74578016859,3,0,0,9450.868648603835
2025-04-23,仅0:00预报,53293.7195789105,53293.7195789105,1636.6264368924158,31886.912109825753,0.0,10904.469508712262,42791.38161853801,0,0,0,0.0
2025-04-23,更新至6:00,53293.7195789105,54111.489564111005,928.020004041669,31886.912109825753,962.1892238505193,6192.747493311182,39041.84882698745,1,0,0,1389.3218734813418
2025-04-23,更新至12:00,53293.7195789105,55477.035043911535,0.0,31886.912109825753,1811.942314338155,0.0,33698.85442416391,2,0,0,2597.741443996725
2025-04-23,更新至18:00,53293.7195789105,55530.352376299954,0.0,31886.912109825753,1914.7709224393075,0.0,33801.683032265064,3,0,0,2654.935789904528
2025-04-24,仅0:00预报,52379.76508558795,52379.76508558795,166.75333991202933,31719.00854260241,0.0,975.2954104452749,32694.303953047685,0,0,0,0.0
2025-04-24,更新至6:00,52379.76508558795,52568.971735998755,0.0,31719.00854260241,267.5432972584627,0.0,31986.551839860873,1,0,0,357.19657208791614
2025-04-24,更新至12:00,52379.76508558795,53237.960911095666,0.0,31719.00854260241,1163.2120593835339,0.0,32882.220601985944,2,0,0,1454.460128236562
2025-04-24,更新至18:00,52379.76508558795,53225.626197092584,0.0,31719.00854260241,1147.9562037832807,0.0,32866.96474638569,3,0,0,1464.4136447970304
2025-04-25,仅0:00预报,21363.720916986185,21363.720916986185,5.684341886080802e-14,10740.49288976275,0.0,3.5700509215530474e-13,10740.49288976275,0,0,0,0.0
2025-04-25,更新至6:00,21363.720916986185,21536.086090861187,5.684341886080802e-14,10740.49288976275,208.41325140738624,3.5700509215530474e-13,10948.906141170137,1,0,0,69.47108380246209
2025-04-25,更新至12:00,21363.720916986185,21536.086090861187,5.684341886080802e-14,10740.49288976275,208.41325140738624,3.5700509215530474e-13,10948.906141170137,1,1,0,69.47108380246209
2025-04-25,更新至18:00,21363.720916986185,21536.086090861187,5.684341886080802e-14,10740.49288976275,208.41325140738624,3.5700509215530474e-13,10948.906141170137,1,2,0,69.47108380246209
2025-04-26,仅0:00预报,25180.632344487203,25180.632344487203,34.2743132500014,12439.792998341156,0.0,139.9365705294225,12579.729568870578,0,0,0,0.0
2025-04-26,更新至6:00,25180.632344487203,25549.15388690387,5.684341886080802e-14,12439.792998341156,490.5296500138274,2.6625457394402475e-13,12930.322648354982,1,0,0,53.595603233232396
2025-04-26,更新至12:00,25180.632344487203,25385.06893690387,5.684341886080802e-14,12439.792998341156,266.91506628070033,2.6625457394402475e-13,12706.708064621856,2,0,0,191.4932482511722
2025-04-26,更新至18:00,25180.632344487203,25385.06893690387,5.684341886080802e-14,12439.792998341156,266.91506628070033,2.6625457394402475e-13,12706.708064621856,2,1,0,191.4932482511722
2025-04-27,仅0:00预报,54518.99606039829,54518.99606039829,1626.5403251666648,32823.999173143326,0.0,8076.620116690783,40900.61928983411,0,0,0,0.0
2025-04-27,更新至6:00,54518.99606039829,58363.51386408759,235.8263205000012,32823.999173143326,3517.3893015214935,1556.4960884924244,37897.88456315724,1,0,0,6503.515852087672
2025-04-27,更新至12:00,54518.99606039829,56997.92502743995,44.37937741666849,32823.999173143326,2765.4486675786106,240.93477391309557,35830.38261463503,2,0,0,7725.48489301587
2025-04-27,更新至18:00,54518.99606039829,57172.935042856625,1.1368683772161603e-13,32823.999173143326,3112.257332459692,6.106120054027997e-13,35936.256505603014,3,0,0,8148.651581880382
2025-04-28,仅0:00预报,62576.406145306435,62576.406145306435,10.384890999998106,37198.82340815997,0.0,49.686510989490934,37248.50991914947,0,0,0,0.0
2025-04-28,更新至6:00,62576.406145306435,65716.39439189645,0.0,37198.82340815997,3003.477898453417,0.0,40202.301306613386,1,0,0,3232.717475484227
2025-04-28,更新至12:00,62576.406145306435,64614.882252563126,0.0,37198.82340815997,2283.438108723127,0.0,39482.261516883096,2,0,0,3972.9772924412027
2025-04-28,更新至18:00,62576.406145306435,64626.79410672978,0.0,37198.82340815997,2306.4535977512514,0.0,39505.27700591122,3,0,0,3981.659900663144
2025-04-29,仅0:00预报,52326.32306800988,52326.32306800988,52.41840220833217,32087.934764160244,0.0,365.6707738053249,32453.60553796557,0,0,0,0.0
2025-04-29,更新至6:00,52326.32306800988,52603.03352397439,1.1368683772161603e-13,32087.934764160244,349.8937369502265,5.129550117999315e-13,32437.82850111047,1,0,0,249.48365745657793
2025-04-29,更新至12:00,52326.32306800988,52645.29596106488,1.1368683772161603e-13,32087.934764160244,400.71450400145704,5.129550117999315e-13,32488.649268161702,2,0,0,300.82540528132813
2025-04-29,更新至18:00,52326.32306800988,52645.29596106488,1.1368683772161603e-13,32087.934764160244,400.71450400145704,5.129550117999315e-13,32488.649268161702,2,1,0,301.4350104501427
2025-04-30,仅0:00预报,52282.48209035984,52282.48209035984,228.10933670833572,32052.32438748909,0.0,1235.2356161132623,33287.56000360235,0,0,0,0.0
2025-04-30,更新至6:00,52282.48209035984,52282.48209035984,228.10933670833572,32052.32438748909,0.0,1235.2356161132623,33287.56000360235,0,1,0,0.0
2025-04-30,更新至12:00,52282.48209035984,52282.48209035984,228.10933670833572,32052.32438748909,0.0,1235.2356161132623,33287.56000360235,0,2,0,0.0
2025-04-30,更新至18:00,52282.48209035984,52282.48209035984,228.10933670833572,32052.32438748909,0.0,1235.2356161132623,33287.56000360235,0,3,0,0.0
2025-05-01,仅0:00预报,54372.96399786015,54372.96399786015,1744.053901951253,33129.288226008786,0.0,11005.075754700021,44134.363980708804,0,0,0,0.0
2025-05-01,更新至6:00,54372.96399786015,55710.09951898515,1696.7040558262497,33129.288226008786,1544.2281083338064,10768.77441941015,45442.29075375275,1,0,0,2158.8238341570686
2025-05-01,更新至12:00,54372.96399786015,55710.09951898515,1696.7040558262497,33129.288226008786,1544.2281083338064,10768.77441941015,45442.29075375275,1,1,0,2158.8238341570686
2025-05-01,更新至18:00,54372.96399786015,55990.21718981849,1416.5863849929142,33129.288226008786,2083.2497959031853,8904.148867671804,44116.68688958377,2,1,0,2973.177978124746
2025-05-02,仅0:00预报,25914.233050695766,25914.233050695766,1.7053025658242404e-13,14154.109412841117,0.0,7.715641459071775e-13,14154.109412841117,0,0,0,0.0
2025-05-02,更新至6:00,25914.233050695766,25914.233050695766,1.7053025658242404e-13,14154.109412841117,0.0,7.715641459071775e-13,14154.109412841117,0,1,0,-3.637978807091713e-12
2025-05-02,更新至12:00,25914.233050695766,25914.233050695766,1.7053025658242404e-13,14154.109412841117,0.0,7.715641459071775e-13,14154.109412841117,0,2,0,-7.275957614183426e-12
2025-05-02,更新至18:00,25914.233050695766,25914.233050695766,1.7053025658242404e-13,14154.109412841117,0.0,7.715641459071775e-13,14154.109412841117,0,3,0,-7.275957614183426e-12
2025-05-03,仅0:00预报,28305.373947466156,28305.373947466156,330.11891583333,14592.727105459457,0.0,1801.0215399301878,16393.748645389645,0,0,0,0.0
2025-05-03,更新至6:00,28305.373947466156,28305.373947466156,330.11891583333,14592.727105459457,0.0,1801.0215399301878,16393.748645389645,0,1,0,0.0
2025-05-03,更新至12:00,28305.373947466156,28305.373947466156,330.11891583333,14592.727105459457,0.0,1801.0215399301878,16393.748645389645,0,2,0,-3.637978807091713e-12
2025-05-03,更新至18:00,28305.373947466156,28305.373947466156,330.11891583333,14592.727105459457,0.0,1801.0215399301878,16393.748645389645,0,3,0,-3.637978807091713e-12
2025-05-04,仅0:00预报,63626.86679387769,63626.86679387769,324.0288076249998,37782.49115091967,0.0,1939.1834526535308,39721.6746035732,0,0,0,0.0
2025-05-04,更新至6:00,63626.86679387769,63626.86679387769,324.0288076249998,37782.49115091967,0.0,1939.1834526535308,39721.6746035732,0,1,0,0.0
2025-05-04,更新至12:00,63626.86679387769,63626.86679387769,324.0288076249998,37782.49115091967,0.0,1939.1834526535308,39721.6746035732,0,2,0,0.0
2025-05-04,更新至18:00,63626.86679387769,63626.86679387769,324.0288076249998,37782.49115091967,0.0,1939.1834526535308,39721.6746035732,0,3,0,0.0
2025-05-05,仅0:00预报,58974.34951205234,58974.34951205234,0.0,36775.06770391975,0.0,0.0,36775.06770391975,0,0,0,0.0
2025-05-05,更新至6:00,58974.34951205234,58974.34951205234,0.0,36775.06770391975,0.0,0.0,36775.06770391975,0,1,0,0.0
2025-05-05,更新至12:00,58974.34951205234,58974.34951205234,0.0,36775.06770391975,0.0,0.0,36775.06770391975,0,2,0,0.0
2025-05-05,更新至18:00,58974.34951205234,58974.34951205234,0.0,36775.06770391975,0.0,0.0,36775.06770391975,0,3,0,0.0
2025-05-06,仅0:00预报,51557.447293755446,51557.447293755446,4361.730972892243,32196.47532831262,0.0,22760.269412485228,54956.74474079785,0,0,0,0.0
2025-05-06,更新至6:00,51557.447293755446,54651.524803297114,1467.1593090172407,32196.47532831262,3593.174054330627,9596.783693827843,45386.43307647109,1,0,0,7572.79580442459
2025-05-06,更新至12:00,51557.447293755446,54977.49331810369,1203.1248120239147,32196.47532831262,3798.238864421147,7826.668175443652,43821.382368177416,2,0,0,7765.329926744031
2025-05-06,更新至18:00,51557.447293755446,55196.1640755841,991.440014918503,32196.47532831262,4231.526040649313,6410.583165522773,42838.584534484704,3,0,0,8388.23554579055
2025-05-07,仅0:00预报,54569.45298075324,54569.45298075324,1585.2181446953882,34265.75724785832,0.0,9515.002434677077,43780.7596825354,0,0,0,0.0
2025-05-07,更新至6:00,54569.45298075324,56516.39257317711,373.1351800287209,34265.75724785832,2064.0876303331515,2481.187097226385,38811.031975417856,1,0,0,2459.004506952144
2025-05-07,更新至12:00,54569.45298075324,56006.69012019357,373.1351800287209,34265.75724785832,1507.959239472274,2481.187097226385,38254.903584556974,2,0,0,2939.46268315184
2025-05-07,更新至18:00,54569.45298075324,56006.69012019357,373.1351800287209,34265.75724785832,1507.959239472274,2481.187097226385,38254.903584556974,2,1,0,2939.46268315184
2025-05-08,仅0:00预报,64201.27108696427,64201.27108696427,423.7468266241724,38907.63762508381,0.0,2864.2801860552263,41771.917811139036,0,0,0,0.0
2025-05-08,更新至6:00,64201.27108696427,64201.27108696427,423.7468266241724,38907.63762508381,0.0,2864.2801860552263,41771.917811139036,0,1,0,0.0
2025-05-08,更新至12:00,64201.27108696427,64201.27108696427,423.7468266241724,38907.63762508381,0.0,2864.2801860552263,41771.917811139036,0,2,0,-1.4551915228366852e-11
2025-05-08,更新至18:00,64201.27108696427,64201.27108696427,423.7468266241724,38907.63762508381,0.0,2864.2801860552263,41771.917811139036,0,3,0,0.0
2025-05-09,仅0:00预报,26512.51785775103,26512.51785775103,0.0,14163.286462229531,0.0,0.0,14163.286462229531,0,0,0,0.0
2025-05-09,更新至6:00,26512.51785775103,26792.821418501033,0.0,14163.286462229531,337.27613311857544,0.0,14500.562595348107,1,0,0,191.9761683359975
2025-05-09,更新至12:00,26512.51785775103,26792.821418501033,0.0,14163.286462229531,337.27613311857544,0.0,14500.562595348107,1,1,0,191.97616833599386
2025-05-09,更新至18:00,26512.51785775103,26792.821418501033,0.0,14163.286462229531,337.27613311857544,0.0,14500.562595348107,1,2,0,191.97616833599386
2025-05-10,仅0:00预报,28264.308597770578,28264.308597770578,2.2737367544323206e-13,14925.056377436696,0.0,4.2211922846036033e-13,14925.056377436696,0,0,0,0.0
2025-05-10,更新至6:00,28264.308597770578,28264.308597770578,2.2737367544323206e-13,14925.056377436696,0.0,4.2211922846036033e-13,14925.056377436696,0,1,0,0.0
2025-05-10,更新至12:00,28264.308597770578,28264.308597770578,2.2737367544323206e-13,14925.056377436696,0.0,4.2211922846036033e-13,14925.056377436696,0,2,0,0.0
2025-05-10,更新至18:00,28264.308597770578,28264.308597770578,2.2737367544323206e-13,14925.056377436696,0.0,4.2211922846036033e-13,14925.056377436696,0,3,0,0.0
2025-05-11,仅0:00预报,65240.21894130659,65240.21894130659,510.89757970833034,39121.26421242936,0.0,3452.075499592395,42573.339712021756,0,0,0,0.0
2025-05-11,更新至6:00,65240.21894130659,66062.72625555658,81.34334120833296,39121.26421242936,1039.1370323888343,548.525752302663,40708.926997120856,1,0,0,265.66026170540135
2025-05-11,更新至12:00,65240.21894130659,65620.13066197326,160.05363366666086,39121.26421242936,533.1199766979024,1090.5399144607084,40744.924103587975,2,0,0,810.7727488841629
2025-05-11,更新至18:00,65240.21894130659,65620.13066197326,160.05363366666086,39121.26421242936,533.1199766979024,1090.5399144607084,40744.924103587975,2,1,0,810.7727488841774
2025-05-12,仅0:00预报,52914.99384617871,52914.99384617871,1778.1782822067498,33196.6468694273,0.0,11878.772765634996,45075.419635062295,0,0,0,0.0
2025-05-12,更新至6:00,52914.99384617871,57281.43690606398,3.410605131648481e-13,33196.6468694273,3545.335077471004,1.5237446859828195e-12,36741.981946898304,1,0,0,3757.0030785459967
2025-05-12,更新至12:00,52914.99384617871,55017.48594813343,81.819595958332,33196.6468694273,1658.010086112552,483.51809897199036,35338.17505451184,2,0,0,5278.7822542489885
2025-05-12,更新至18:00,52914.99384617871,55460.60379984176,1.1368683772161603e-13,33196.6468694273,2548.676968046301,4.978346623829566e-13,35745.3238374736,3,0,0,5542.464848860327
2025-05-13,仅0:00预报,64142.779804641104,64142.779804641104,1.1368683772161603e-13,39557.664178863095,0.0,5.325091478880495e-13,39557.664178863095,0,0,0,0.0
2025-05-13,更新至6:00,64142.779804641104,64429.09114897568,1.1368683772161603e-13,39557.664178863095,399.3526555820497,5.325091478880495e-13,39957.016834445145,1,0,0,129.91283088663477
2025-05-13,更新至12:00,64142.779804641104,64183.237757716546,1.1368683772161603e-13,39557.664178863095,50.49636900559819,5.325091478880495e-13,39608.16054786869,2,0,0,392.37885543704033
2025-05-13,更新至18:00,64142.779804641104,64322.26474271654,1.1368683772161603e-13,39557.664178863095,329.9406088555949,5.325091478880495e-13,39887.60478771869,3,0,0,452.5684277851251
2025-05-14,仅0:00预报,58512.91818266912,58512.91818266912,51.26783340037741,36560.92757476047,0.0,266.9648803496349,36827.89245511011,0,0,0,0.0
2025-05-14,更新至6:00,58512.91818266912,58973.57807440284,0.0,36560.92757476047,520.2049636920486,0.0,37081.13253845252,1,0,0,594.5681337217102
2025-05-14,更新至12:00,58512.91818266912,58973.57807440284,0.0,36560.92757476047,520.2049636920486,0.0,37081.13253845252,1,1,0,594.5681337217247
2025-05-14,更新至18:00,58512.91818266912,58973.57807440284,0.0,36560.92757476047,520.2049636920486,0.0,37081.13253845252,1,2,0,594.5681337217247
2025-05-15,仅0:00预报,59703.74440647263,59703.74440647263,1.1368683772161603e-13,37941.774057838134,0.0,3.2446223485749216e-13,37941.774057838134,0,0,0,0.0
2025-05-15,更新至6:00,59703.74440647263,61360.73128398013,1.1368683772161603e-13,37941.774057838134,1276.4286292400427,3.2446223485749216e-13,39218.20268707818,1,0,0,1182.6841952082468
2025-05-15,更新至12:00,59703.74440647263,61153.64539273137,1.1368683772161603e-13,37941.774057838134,1125.0873597721716,3.2446223485749216e-13,39066.86141761031,2,0,0,1334.0254646761023
2025-05-15,更新至18:00,59703.74440647263,61153.64539273137,1.1368683772161603e-13,37941.774057838134,1125.0873597721716,3.2446223485749216e-13,39066.86141761031,2,1,0,1334.0254646761023
2025-05-16,仅0:00预报,26347.85830922884,26347.85830922884,5.684341886080802e-14,14647.345583833876,0.0,2.5860913410724607e-13,14647.345583833876,0,0,0,0.0
2025-05-16,更新至6:00,26347.85830922884,26347.85830922884,5.684341886080802e-14,14647.345583833876,0.0,2.5860913410724607e-13,14647.345583833876,0,1,0,0.0
2025-05-16,更新至12:00,26347.85830922884,26347.85830922884,5.684341886080802e-14,14647.345583833876,0.0,2.5860913410724607e-13,14647.345583833876,0,2,0,0.0
2025-05-16,更新至18:00,26347.85830922884,26347.85830922884,5.684341886080802e-14,14647.345583833876,0.0,2.5860913410724607e-13,14647.345583833876,0,3,0,0.0
2025-05-17,仅0:00预报,27899.212956667176,27899.212956667176,0.0,15170.659643934108,0.0,0.0,15170.659643934108,0,0,0,0.0
2025-05-17,更新至6:00,27899.212956667176,27899.212956667176,0.0,15170.659643934108,0.0,0.0,15170.659643934108,0,1,0,0.0
2025-05-17,更新至12:00,27899.212956667176,27899.212956667176,0.0,15170.659643934108,0.0,0.0,15170.659643934108,0,2,0,0.0
2025-05-17,更新至18:00,27899.212956667176,27899.212956667176,0.0,15170.659643934108,0.0,0.0,15170.659643934108,0,3,0,0.0
2025-05-18,仅0:00预报,66597.3730448264,66597.3730448264,1.859583333333262,40400.35346047634,0.0,12.541959791666187,40412.89542026801,0,0,0,0.0
2025-05-18,更新至6:00,66597.3730448264,66720.02864482641,1.859583333333262,40400.35346047634,182.09944923791483,12.541959791666187,40594.99486950593,1,0,0,58.85169245528232
2025-05-18,更新至12:00,66597.3730448264,66597.3730448264,1.859583333333262,40400.35346047634,0.0,12.541959791666187,40412.89542026801,2,0,0,201.35045529852505
2025-05-18,更新至18:00,66597.3730448264,66597.3730448264,1.859583333333262,40400.35346047634,0.0,12.541959791666187,40412.89542026801,2,1,0,201.35045529852505
2025-05-19,仅0:00预报,58808.531125223075,58808.531125223075,67.00333333333356,36510.40613903489,0.0,451.9039816666678,36962.31012070156,0,0,0,0.0
2025-05-19,更新至6:00,58808.531125223075,58808.531125223075,67.00333333333356,36510.40613903489,0.0,451.9039816666678,36962.31012070156,0,1,0,3.046506181170116
2025-05-19,更新至12:00,58808.531125223075,58808.531125223075,67.00333333333356,36510.40613903489,0.0,451.9039816666678,36962.31012070156,0,2,0,3.046506181170116
2025-05-19,更新至18:00,58808.531125223075,58808.531125223075,67.00333333333356,36510.40613903489,0.0,451.9039816666678,36962.31012070156,0,3,0,3.0465061811555643
2025-05-20,仅0:00预报,57931.7068591795,57931.7068591795,0.0,35923.84721507714,0.0,0.0,35923.84721507714,0,0,0,0.0
2025-05-20,更新至6:00,57931.7068591795,59567.857180377374,0.0,35923.84721507714,1491.7660700635759,0.0,37415.61328514072,1,0,0,965.049980502663
2025-05-20,更新至12:00,57931.7068591795,58691.338404138354,0.0,35923.84721507714,529.0058618397259,0.0,36452.853076916865,2,0,0,1871.089950846159
2025-05-20,更新至18:00,57931.7068591795,58691.338404138354,0.0,35923.84721507714,529.0058618397259,0.0,36452.853076916865,2,1,0,1871.089950846159
2025-05-21,仅0:00预报,53849.68241539419,53849.68241539419,236.15710970125053,34183.1225231258,0.0,1526.6586353478197,35709.78115847362,0,0,0,0.0
2025-05-21,更新至6:00,53849.68241539419,58707.675049752936,1.1368683772161603e-13,34183.1225231258,4588.281399894269,7.617018127348274e-13,38771.40392302007,1,0,0,5116.2646986089385
2025-05-21,更新至12:00,53849.68241539419,56580.1004511442,1.1368683772161603e-13,34183.1225231258,2513.3063113891203,7.617018127348274e-13,36696.42883451492,2,0,0,6944.895157396997
2025-05-21,更新至18:00,53849.68241539419,56580.1004511442,1.1368683772161603e-13,34183.1225231258,2513.3063113891203,7.617018127348274e-13,36696.42883451492,2,1,0,6944.895157396997
2025-05-22,仅0:00预报,58335.560554241885,58335.560554241885,0.0,37029.98551910672,0.0,0.0,37029.98551910672,0,0,0,0.0
2025-05-22,更新至6:00,58335.560554241885,58335.560554241885,0.0,37029.98551910672,0.0,0.0,37029.98551910672,0,1,0,6.179542790006963
2025-05-22,更新至12:00,58335.560554241885,58335.560554241885,0.0,37029.98551910672,0.0,0.0,37029.98551910672,0,2,0,6.179542790006963
2025-05-22,更新至18:00,58335.560554241885,58335.560554241885,0.0,37029.98551910672,0.0,0.0,37029.98551910672,0,3,0,6.179542789992411
2025-05-23,仅0:00预报,24892.717001746547,24892.717001746547,0.0,13982.808493857925,0.0,0.0,13982.808493857925,0,0,0,0.0
2025-05-23,更新至6:00,24892.717001746547,24892.717001746547,0.0,13982.808493857925,0.0,0.0,13982.808493857925,0,1,0,0.0
2025-05-23,更新至12:00,24892.717001746547,24892.717001746547,0.0,13982.808493857925,0.0,0.0,13982.808493857925,0,2,0,0.0
2025-05-23,更新至18:00,24892.717001746547,24892.717001746547,0.0,13982.808493857925,0.0,0.0,13982.808493857925,0,3,0,0.0
2025-05-24,仅0:00预报,27545.55574760538,27545.55574760538,81.13354041666554,15468.02502035293,0.0,347.28494003812,15815.30996039105,0,0,0,0.0
2025-05-24,更新至6:00,27545.55574760538,27545.55574760538,81.13354041666554,15468.02502035293,0.0,347.28494003812,15815.30996039105,0,1,0,0.0
2025-05-24,更新至12:00,27545.55574760538,27545.55574760538,81.13354041666554,15468.02502035293,0.0,347.28494003812,15815.30996039105,0,2,0,0.0
2025-05-24,更新至18:00,27545.55574760538,27545.55574760538,81.13354041666554,15468.02502035293,0.0,347.28494003812,15815.30996039105,0,3,0,0.0
2025-05-25,仅0:00预报,60837.90341791074,60837.90341791074,0.0,37480.23897252076,0.0,0.0,37480.23897252076,0,0,0,0.0
2025-05-25,更新至6:00,60837.90341791074,60897.13110129431,0.0,37480.23897252076,73.81608685617162,0.0,37554.05505937693,1,0,0,22.8425001452415
2025-05-25,更新至12:00,60837.90341791074,60837.90341791074,0.0,37480.23897252076,0.0,0.0,37480.23897252076,2,0,0,88.82696845097234
2025-05-25,更新至18:00,60837.90341791074,60837.90341791074,0.0,37480.23897252076,0.0,0.0,37480.23897252076,2,1,0,88.82696845097234
2025-05-26,仅0:00预报,56348.78462501983,56348.78462501983,583.5118940577782,35702.485168707644,0.0,3935.195624022144,39637.680792729785,0,0,0,0.0
2025-05-26,更新至6:00,56348.78462501983,58628.804028595565,1.1368683772161603e-13,35702.485168707644,2535.9836431168865,5.325091478880495e-13,38238.46881182453,1,0,0,1691.2443487092678
2025-05-26,更新至12:00,56348.78462501983,58890.10566980339,1.1368683772161603e-13,35702.485168707644,2613.5619950492937,5.325091478880495e-13,38316.047163756935,2,0,0,1815.5936960501713
2025-05-26,更新至18:00,56348.78462501983,58890.10566980339,1.1368683772161603e-13,35702.485168707644,2613.5619950492937,5.325091478880495e-13,38316.047163756935,2,1,0,1815.5936960501858
2025-05-27,仅0:00预报,53230.11895701463,53230.11895701463,153.6325292500046,34210.908127619026,0.0,810.4541266712744,35021.3622542903,0,0,0,0.0
2025-05-27,更新至6:00,53230.11895701463,58252.11698336246,153.6325292500046,34210.908127619026,4066.8543833265376,810.4541266712744,39088.21663761684,1,0,0,3990.1675048503967
2025-05-27,更新至12:00,53230.11895701463,55632.508627127805,153.6325292500046,34210.908127619026,1689.9775021260011,810.4541266712744,36711.3397564163,2,0,0,6294.816753483043
2025-05-27,更新至18:00,53230.11895701463,55632.508627127805,153.6325292500046,34210.908127619026,1689.9775021260011,810.4541266712744,36711.3397564163,2,1,0,6294.816753483043
2025-05-28,仅0:00预报,59660.56178538212,59660.56178538212,0.0,37954.0670362137,0.0,0.0,37954.0670362137,0,0,0,0.0
2025-05-28,更新至6:00,59660.56178538212,59883.477717050046,0.0,37954.0670362137,282.46408283124015,0.0,38236.53111904494,1,0,0,93.78765066039341
2025-05-28,更新至12:00,59660.56178538212,59660.56178538212,0.0,37954.0670362137,0.0,0.0,37954.0670362137,2,0,0,309.28857557864103
2025-05-28,更新至18:00,59660.56178538212,59660.56178538212,0.0,37954.0670362137,0.0,0.0,37954.0670362137,2,1,0,309.28857557864103
2025-05-29,仅0:00预报,59270.64095333107,59270.64095333107,1.1368683772161603e-13,38084.008566022814,0.0,5.325091478880495e-13,38084.008566022814,0,0,0,0.0
2025-05-29,更新至6:00,59270.64095333107,63482.53188404284,3.410605131648481e-13,38084.008566022814,3437.870004493583,1.4728129826835355e-12,41521.8785705164,1,0,0,3264.1333744446747
2025-05-29,更新至12:00,59270.64095333107,62954.5970912426,1.1368683772161603e-13,38084.008566022814,2834.219468468993,5.325091478880495e-13,40918.22803449181,2,0,0,3831.4147500411345
2025-05-29,更新至18:00,59270.64095333107,62954.5970912426,1.1368683772161603e-13,38084.008566022814,2834.219468468993,5.325091478880495e-13,40918.22803449181,2,1,0,3831.4147500411345
2025-05-30,仅0:00预报,26426.18418434333,26426.18418434333,0.0,15182.168899525326,0.0,0.0,15182.168899525326,0,0,0,0.0
2025-05-30,更新至6:00,26426.18418434333,26444.369485009993,0.0,15182.168899525326,25.2702938064012,0.0,15207.439193331727,1,0,0,8.423431268798595
2025-05-30,更新至12:00,26426.18418434333,26426.18418434333,0.0,15182.168899525326,0.0,0.0,15182.168899525326,2,0,0,33.693725075201655
2025-05-30,更新至18:00,26426.18418434333,26426.18418434333,0.0,15182.168899525326,0.0,0.0,15182.168899525326,2,1,0,33.693725075201655
2025-05-31,仅0:00预报,29533.53597882592,29533.53597882592,0.0,16959.24268202714,0.0,0.0,16959.24268202714,0,0,0,0.0
2025-05-31,更新至6:00,29533.53597882592,29533.53597882592,0.0,16959.24268202714,0.0,0.0,16959.24268202714,0,1,0,0.0
2025-05-31,更新至12:00,29533.53597882592,29533.53597882592,0.0,16959.24268202714,0.0,0.0,16959.24268202714,0,2,0,0.0
2025-05-31,更新至18:00,29533.53597882592,29533.53597882592,0.0,16959.24268202714,0.0,0.0,16959.24268202714,0,3,0,0.0
2025-06-01,仅0:00预报,79562.49641759892,79562.49641759892,683.0185752916649,49461.88433604725,0.0,4167.3378123546545,53629.22214840191,0,0,0,0.0
2025-06-01,更新至6:00,79562.49641759892,80702.91094513953,683.0185752916649,49461.88433604725,1512.492728806329,4167.3378123546545,55141.71487720824,1,0,0,1293.3183308664884
2025-06-01,更新至12:00,79562.49641759892,80702.91094513953,683.0185752916649,49461.88433604725,1512.492728806329,4167.3378123546545,55141.71487720824,1,1,0,1293.3183308664884
2025-06-01,更新至18:00,79562.49641759892,80702.91094513953,683.0185752916649,49461.88433604725,1512.492728806329,4167.3378123546545,55141.71487720824,1,2,0,1293.3183308664884
2025-06-02,仅0:00预报,79868.75755218319,79868.75755218319,1096.5099750000002,49485.21591823756,0.0,6539.654439721855,56024.870357959415,0,0,0,0.0
2025-06-02,更新至6:00,79868.75755218319,79868.75755218319,1096.5099750000002,49485.21591823756,0.0,6539.654439721855,56024.870357959415,0,1,0,0.0
2025-06-02,更新至12:00,79868.75755218319,79868.75755218319,1096.5099750000002,49485.21591823756,0.0,6539.654439721855,56024.870357959415,0,2,0,0.0
2025-06-02,更新至18:00,79868.75755218319,80097.17795887042,868.0895683127591,49485.21591823756,363.63119799502607,5298.355380675886,55147.202496908474,1,2,0,153.17662686332187
2025-06-03,仅0:00预报,71688.55119909928,71688.55119909928,778.3227706045791,45325.492046438914,0.0,4909.148822207922,50234.640868646835,0,0,0,0.0
2025-06-03,更新至6:00,71688.55119909928,76070.01496543724,232.46148333333338,45325.492046438914,4329.6433172949855,1569.464473791667,51224.599837525566,1,0,0,6075.43322145725
2025-06-03,更新至12:00,71688.55119909928,74281.34844475822,695.0543921250028,45325.492046438914,2429.156634308383,4350.114044621481,52104.76272536878,2,0,0,7574.218394276759
2025-06-03,更新至18:00,71688.55119909928,74281.34844475822,695.0543921250028,45325.492046438914,2429.156634308383,4350.114044621481,52104.76272536878,2,1,0,7574.218394276773
2025-06-04,仅0:00预报,82151.3476773148,82151.3476773148,166.9084666666671,51595.53850448787,0.0,1134.2463388354192,52729.784843323294,0,0,0,0.0
2025-06-04,更新至6:00,82151.3476773148,82151.3476773148,166.9084666666671,51595.53850448787,0.0,1134.2463388354192,52729.784843323294,0,1,0,1.4551915228366852e-11
2025-06-04,更新至12:00,82151.3476773148,82075.74348263249,166.9084666666671,51595.53850448787,16.674505137185747,1134.2463388354192,52746.45934846048,1,1,1,
2025-06-04,更新至18:00,82151.3476773148,82075.74348263249,166.9084666666671,51595.53850448787,16.674505137185747,1134.2463388354192,52746.45934846048,1,2,1,
2025-06-05,仅0:00预报,70268.44089377573,70268.44089377573,4354.741672114322,43450.3336665406,0.0,29137.200274793464,72587.53394133407,0,0,0,0.0
2025-06-05,更新至6:00,70268.44089377573,74261.83766091462,1683.2963645220025,43450.3336665406,4216.456110896643,11284.6932497052,58951.48302714244,1,0,0,4980.678831832658
2025-06-05,更新至12:00,70268.44089377573,72756.28494338573,2677.8839282500007,43450.3336665406,2694.5950632534164,17841.891877705228,63986.82060749925,2,0,0,5652.43381620392
2025-06-05,更新至18:00,70268.44089377573,74634.69722996905,799.4716416666671,43450.3336665406,6485.1661058319205,5335.00322013594,55270.50299250847,3,0,0,12192.61685188231
2025-06-06,仅0:00预报,31942.970353915123,31942.970353915123,678.9792299999983,19613.4961760137,0.0,3019.3349324763194,22632.83110849002,0,0,0,0.0
2025-06-06,更新至6:00,31942.970353915123,32627.715002415123,131.0185189999977,19613.4961760137,861.240675423201,787.9330319869839,21262.669883423885,1,0,0,1458.0692646900643
2025-06-06,更新至12:00,31942.970353915123,32627.715002415123,131.0185189999977,19613.4961760137,861.240675423201,787.9330319869839,21262.669883423885,1,1,0,1458.0692646900716
2025-06-06,更新至18:00,31942.970353915123,32627.715002415123,131.0185189999977,19613.4961760137,861.240675423201,787.9330319869839,21262.669883423885,1,2,0,1458.0692646900716
2025-06-07,仅0:00预报,39349.73646076572,39349.73646076572,182.82321829166932,22146.285457899503,0.0,1275.3747708026842,23421.66022870219,0,0,0,0.0
2025-06-07,更新至6:00,39349.73646076572,39349.73646076572,182.82321829166932,22146.285457899503,0.0,1275.3747708026842,23421.66022870219,0,1,0,0.0
2025-06-07,更新至12:00,39349.73646076572,39349.73646076572,182.82321829166932,22146.285457899503,0.0,1275.3747708026842,23421.66022870219,0,2,0,0.0
2025-06-07,更新至18:00,39349.73646076572,39349.73646076572,182.82321829166932,22146.285457899503,0.0,1275.3747708026842,23421.66022870219,0,3,0,0.0
2025-06-08,仅0:00预报,77488.23975783438,77488.23975783438,0.0,48372.205350959346,0.0,0.0,48372.205350959346,0,0,0,0.0
2025-06-08,更新至6:00,77488.23975783438,77488.23975783438,0.0,48372.205350959346,0.0,0.0,48372.205350959346,0,1,0,0.0
2025-06-08,更新至12:00,77488.23975783438,77488.23975783438,0.0,48372.205350959346,0.0,0.0,48372.205350959346,0,2,0,0.0
2025-06-08,更新至18:00,77488.23975783438,77488.23975783438,0.0,48372.205350959346,0.0,0.0,48372.205350959346,0,3,0,0.0
2025-06-09,仅0:00预报,81538.37787665447,81538.37787665447,52.80070833333332,52500.82844461047,0.0,356.0245768604166,52856.85302147089,0,0,0,0.0
2025-06-09,更新至6:00,81538.37787665447,81538.37787665447,52.80070833333332,52500.82844461047,0.0,356.0245768604166,52856.85302147089,0,1,0,0.0
2025-06-09,更新至12:00,81538.37787665447,81538.37787665447,52.80070833333332,52500.82844461047,0.0,356.0245768604166,52856.85302147089,0,2,0,0.0
2025-06-09,更新至18:00,81538.37787665447,81538.37787665447,52.80070833333332,52500.82844461047,0.0,356.0245768604166,52856.85302147089,0,3,0,0.0
2025-06-10,仅0:00预报,75553.1685847675,75553.1685847675,1.1368683772161603e-13,48040.46215648965,0.0,4.599769454216585e-13,48040.46215648965,0,0,0,0.0
2025-06-10,更新至6:00,75553.1685847675,76009.0297827675,0.0,48040.46215648965,558.0584281323981,0.0,48598.52058462205,1,0,0,419.2313271228195
2025-06-10,更新至12:00,75553.1685847675,76009.0297827675,0.0,48040.46215648965,558.0584281323981,0.0,48598.52058462205,1,1,0,419.2313271228195
2025-06-10,更新至18:00,75553.1685847675,76009.0297827675,0.0,48040.46215648965,558.0584281323981,0.0,48598.52058462205,1,2,0,419.2313271228195
2025-06-11,仅0:00预报,81009.5260532105,81009.5260532105,717.1928161666607,52275.34549260155,0.0,3500.790831947387,55776.136324548934,0,0,0,0.0
2025-06-11,更新至6:00,81009.5260532105,83023.60094100269,7.753333333333671,52275.34549260155,2447.2201124414305,52.26909666666801,54774.834701709646,1,0,0,2109.92890264999
2025-06-11,更新至12:00,81009.5260532105,83023.60094100269,7.753333333333671,52275.34549260155,2447.2201124414305,52.26909666666801,54774.834701709646,1,1,0,2109.92890264999
2025-06-11,更新至18:00,81009.5260532105,83023.60094100269,7.753333333333671,52275.34549260155,2447.2201124414305,52.26909666666801,54774.834701709646,1,2,0,2109.9289026499755
2025-06-12,仅0:00预报,78684.15360816431,78684.15360816431,1.1368683772161603e-13,50433.91575708508,0.0,2.444835445203353e-13,50433.91575708508,0,0,0,0.0
2025-06-12,更新至6:00,78684.15360816431,78684.15360816431,1.1368683772161603e-13,50433.91575708508,0.0,2.444835445203353e-13,50433.91575708508,0,1,0,0.0
2025-06-12,更新至12:00,78684.15360816431,78684.15360816431,1.1368683772161603e-13,50433.91575708508,0.0,2.444835445203353e-13,50433.91575708508,0,2,0,0.0
2025-06-12,更新至18:00,78684.15360816431,78684.15360816431,1.1368683772161603e-13,50433.91575708508,0.0,2.444835445203353e-13,50433.91575708508,0,3,0,0.0
2025-06-13,仅0:00预报,33724.048839091774,33724.048839091774,1.1368683772161603e-13,20389.212366996602,0.0,2.486331140971743e-13,20389.212366996602,0,0,0,0.0
2025-06-13,更新至6:00,33724.048839091774,33724.048839091774,1.1368683772161603e-13,20389.212366996602,0.0,2.486331140971743e-13,20389.212366996602,0,1,0,0.0
2025-06-13,更新至12:00,33724.048839091774,33724.048839091774,1.1368683772161603e-13,20389.212366996602,0.0,2.486331140971743e-13,20389.212366996602,0,2,0,7.275957614183426e-12
2025-06-13,更新至18:00,33724.048839091774,33724.048839091774,1.1368683772161603e-13,20389.212366996602,0.0,2.486331140971743e-13,20389.212366996602,0,3,0,7.275957614183426e-12
2025-06-14,仅0:00预报,36142.54603304262,36142.54603304262,84.3712242083356,21704.65777720652,0.0,331.992208027759,22036.64998523428,0,0,0,0.0
2025-06-14,更新至6:00,36142.54603304262,36466.24326975096,5.684341886080802e-14,21704.65777720652,409.8998422055093,1.2224177226016764e-13,22114.55761941203,1,0,0,284.4179180302599
2025-06-14,更新至12:00,36142.54603304262,36466.24326975096,5.684341886080802e-14,21704.65777720652,409.8998422055093,1.2224177226016764e-13,22114.55761941203,1,1,0,284.4179180302599
2025-06-14,更新至18:00,36142.54603304262,36466.24326975096,5.684341886080802e-14,21704.65777720652,409.8998422055093,1.2224177226016764e-13,22114.55761941203,1,2,0,284.4179180302599
2025-06-15,仅0:00预报,78645.42200505329,78645.42200505329,0.0,49723.175865553676,0.0,0.0,49723.175865553676,0,0,0,0.0
2025-06-15,更新至6:00,78645.42200505329,80435.47936350646,0.0,49723.175865553676,1840.8501534268382,0.0,51564.02601898051,1,0,0,1116.6337151616463
2025-06-15,更新至12:00,78645.42200505329,80276.5526593398,0.0,49723.175865553676,1734.164527327463,0.0,51457.34039288114,2,0,0,1152.1955905281065
2025-06-15,更新至18:00,78645.42200505329,80276.5526593398,0.0,49723.175865553676,1734.164527327463,0.0,51457.34039288114,2,1,0,1152.195590528121
2025-06-16,仅0:00预报,77310.19962819664,77310.19962819664,686.2427629166676,49674.104414455716,0.0,3316.2471995625046,52990.35161401822,0,0,0,0.0
2025-06-16,更新至6:00,77310.19962819664,78743.49413498676,0.0,49674.104414455716,1760.1789123567512,0.0,51434.28332681247,1,0,0,1020.5916322261473
2025-06-16,更新至12:00,77310.19962819664,78743.49413498676,0.0,49674.104414455716,1760.1789123567512,0.0,51434.28332681247,1,1,0,1020.5916322261473
2025-06-16,更新至18:00,77310.19962819664,78743.49413498676,0.0,49674.104414455716,1760.1789123567512,0.0,51434.28332681247,1,2,0,1020.5916322261473
2025-06-17,仅0:00预报,79801.18398697024,79801.18398697024,319.871776916664,51091.177730578805,0.0,1554.2343426987784,52645.412073277585,0,0,0,0.0
2025-06-17,更新至6:00,79801.18398697024,82194.89053775008,14.63333333333344,51091.177730578805,2378.1779291073954,98.65061666666739,53568.00627635287,1,0,0,1758.1356107250176
2025-06-17,更新至12:00,79801.18398697024,82194.89053775008,14.63333333333344,51091.177730578805,2378.1779291073954,98.65061666666739,53568.00627635287,1,1,0,1758.1356107250176
2025-06-17,更新至18:00,79801.18398697024,82194.89053775008,14.63333333333344,51091.177730578805,2378.1779291073954,98.65061666666739,53568.00627635287,1,2,0,1758.1356107250176
2025-06-18,仅0:00预报,80747.83391150791,80747.83391150791,1.1368683772161603e-13,51411.532494322055,0.0,4.978915058018174e-13,51411.532494322055,0,0,0,0.0
2025-06-18,更新至6:00,80747.83391150791,82546.30019595596,1.1368683772161603e-13,51411.532494322055,1576.9417425228316,4.978915058018174e-13,52988.474236844886,1,0,0,707.9320820679714
2025-06-18,更新至12:00,80747.83391150791,82493.84715845596,1.1368683772161603e-13,51411.532494322055,1541.8223914734567,4.978915058018174e-13,52953.35488579551,2,0,0,743.0514331173472
2025-06-18,更新至18:00,80747.83391150791,82493.84715845596,1.1368683772161603e-13,51411.532494322055,1541.8223914734567,4.978915058018174e-13,52953.35488579551,2,1,0,743.0514331173472
2025-06-19,仅0:00预报,75664.14092773478,75664.14092773478,19.297500000000014,48828.5200566418,0.0,130.09409624999984,48958.6141528918,0,0,0,0.0
2025-06-19,更新至6:00,75664.14092773478,75664.14092773478,19.297500000000014,48828.5200566418,0.0,130.09409624999984,48958.6141528918,0,1,0,0.0
2025-06-19,更新至12:00,75664.14092773478,76086.02110139733,19.297500000000014,48828.5200566418,420.2831684609315,130.09409624999984,49378.897321352735,1,1,0,182.36578414549876
2025-06-19,更新至18:00,75664.14092773478,76086.02110139733,19.297500000000014,48828.5200566418,420.2831684609315,130.09409624999984,49378.897321352735,1,2,0,182.36578414549876
2025-06-20,仅0:00预报,33361.66876963866,33361.66876963866,1.1368683772161603e-13,21107.275047428433,0.0,7.131006896088365e-13,21107.275047428433,0,0,0,0.0
2025-06-20,更新至6:00,33361.66876963866,33361.66876963866,1.1368683772161603e-13,21107.275047428433,0.0,7.131006896088365e-13,21107.275047428433,0,1,0,0.0
2025-06-20,更新至12:00,33361.66876963866,33361.66876963866,1.1368683772161603e-13,21107.275047428433,0.0,7.131006896088365e-13,21107.275047428433,0,2,0,0.0
2025-06-20,更新至18:00,33361.66876963866,33361.66876963866,1.1368683772161603e-13,21107.275047428433,0.0,7.131006896088365e-13,21107.275047428433,0,3,0,0.0
2025-06-21,仅0:00预报,35990.10046714616,35990.10046714616,5.684341886080802e-14,21884.94369969972,0.0,1.6223111742874608e-13,21884.94369969972,0,0,0,0.0
2025-06-21,更新至6:00,35990.10046714616,35990.10046714616,5.684341886080802e-14,21884.94369969972,0.0,1.6223111742874608e-13,21884.94369969972,0,1,0,0.0
2025-06-21,更新至12:00,35990.10046714616,35990.10046714616,5.684341886080802e-14,21884.94369969972,0.0,1.6223111742874608e-13,21884.94369969972,0,2,0,0.0
2025-06-21,更新至18:00,35990.10046714616,35990.10046714616,5.684341886080802e-14,21884.94369969972,0.0,1.6223111742874608e-13,21884.94369969972,0,3,0,0.0
2025-06-22,仅0:00预报,79466.00055146973,79466.00055146973,0.0,49954.43572675317,0.0,0.0,49954.43572675317,0,0,0,0.0
2025-06-22,更新至6:00,79466.00055146973,80503.11462673979,0.0,49954.43572675317,1162.0878401725038,0.0,51116.52356692567,1,0,0,369.81018361983297
2025-06-22,更新至12:00,79466.00055146973,79466.00055146973,0.0,49954.43572675317,0.0,0.0,49954.43572675317,2,0,0,996.4422019262129
2025-06-22,更新至18:00,79466.00055146973,79466.00055146973,0.0,49954.43572675317,0.0,0.0,49954.43572675317,2,1,0,996.4422019262129
2025-06-23,仅0:00预报,75625.65146335677,75625.65146335677,1.1368683772161603e-13,49559.66677454379,0.0,5.325091478880495e-13,49559.66677454379,0,0,0,0.0
2025-06-23,更新至6:00,75625.65146335677,75625.65146335677,1.1368683772161603e-13,49559.66677454379,0.0,5.325091478880495e-13,49559.66677454379,0,1,0,0.0
2025-06-23,更新至12:00,75625.65146335677,75625.65146335677,1.1368683772161603e-13,49559.66677454379,0.0,5.325091478880495e-13,49559.66677454379,0,2,0,1.4551915228366852e-11
2025-06-23,更新至18:00,75625.65146335677,75625.65146335677,1.1368683772161603e-13,49559.66677454379,0.0,5.325091478880495e-13,49559.66677454379,0,3,0,1.4551915228366852e-11
2025-06-24,仅0:00预报,87448.39514354893,87448.39514354893,1.1368683772161603e-13,57159.48635412573,0.0,7.642597665835638e-13,57159.48635412573,0,0,0,0.0
2025-06-24,更新至6:00,87448.39514354893,87448.39514354893,1.1368683772161603e-13,57159.48635412573,0.0,7.642597665835638e-13,57159.48635412573,0,1,0,0.0
2025-06-24,更新至12:00,87448.39514354893,87448.39514354893,1.1368683772161603e-13,57159.48635412573,0.0,7.642597665835638e-13,57159.48635412573,0,2,0,0.0
2025-06-24,更新至18:00,87448.39514354893,87448.39514354893,1.1368683772161603e-13,57159.48635412573,0.0,7.642597665835638e-13,57159.48635412573,0,3,0,0.0
2025-06-25,仅0:00预报,78069.78638059332,78069.78638059332,0.0,50612.12577463662,0.0,0.0,50612.12577463662,0,0,0,0.0
2025-06-25,更新至6:00,78069.78638059332,78069.78638059332,0.0,50612.12577463662,0.0,0.0,50612.12577463662,0,1,0,0.0
2025-06-25,更新至12:00,78069.78638059332,78069.78638059332,0.0,50612.12577463662,0.0,0.0,50612.12577463662,0,2,0,0.0
2025-06-25,更新至18:00,78069.78638059332,78069.78638059332,0.0,50612.12577463662,0.0,0.0,50612.12577463662,0,3,0,0.0
2025-06-26,仅0:00预报,74306.89238851506,74306.89238851506,0.0,48994.968372527714,0.0,0.0,48994.968372527714,0,0,0,0.0
2025-06-26,更新至6:00,74306.89238851506,76099.31015322701,0.0,48994.968372527714,1222.1436382150105,0.0,50217.11201074273,1,0,0,389.66507491414086
2025-06-26,更新至12:00,74306.89238851506,75405.20135734223,0.0,48994.968372527714,761.67601308302,0.0,49756.644385610736,2,0,0,687.3043891094567
2025-06-26,更新至18:00,74306.89238851506,75405.20135734223,0.0,48994.968372527714,761.67601308302,0.0,49756.644385610736,2,1,0,687.3043891094567
2025-06-27,仅0:00预报,34350.46281401117,34350.46281401117,1.1368683772161603e-13,21993.81142691705,0.0,2.4630253392388114e-13,21993.81142691705,0,0,0,0.0
2025-06-27,更新至6:00,34350.46281401117,34350.46281401117,1.1368683772161603e-13,21993.81142691705,0.0,2.4630253392388114e-13,21993.81142691705,0,1,0,-7.275957614183426e-12
2025-06-27,更新至12:00,34350.46281401117,34350.46281401117,1.1368683772161603e-13,21993.81142691705,0.0,2.4630253392388114e-13,21993.81142691705,0,2,0,0.0
2025-06-27,更新至18:00,34350.46281401117,34350.46281401117,1.1368683772161603e-13,21993.81142691705,0.0,2.4630253392388114e-13,21993.81142691705,0,3,0,0.0
2025-06-28,仅0:00预报,37169.750230578255,37169.750230578255,0.0,23017.801336610966,0.0,0.0,23017.801336610966,0,0,0,0.0
2025-06-28,更新至6:00,37169.750230578255,37169.750230578255,0.0,23017.801336610966,0.0,0.0,23017.801336610966,0,1,0,0.0
2025-06-28,更新至12:00,37169.750230578255,37169.750230578255,0.0,23017.801336610966,0.0,0.0,23017.801336610966,0,2,0,0.0
2025-06-28,更新至18:00,37169.750230578255,37169.750230578255,0.0,23017.801336610966,0.0,0.0,23017.801336610966,0,3,0,0.0
2025-06-29,仅0:00预报,78661.70053504166,78661.70053504166,0.0,50411.11904101213,0.0,0.0,50411.11904101213,0,0,0,0.0
2025-06-29,更新至6:00,78661.70053504166,80721.27199944496,0.0,50411.11904101213,2022.1570444151093,0.0,52433.276085427235,1,0,0,403.6343473525776
2025-06-29,更新至12:00,78661.70053504166,81114.88694831327,0.0,50411.11904101213,2021.5623718842576,0.0,52432.68141289638,2,0,0,652.61266162846
2025-06-29,更新至18:00,78661.70053504166,81114.88694831327,0.0,50411.11904101213,2021.5623718842576,0.0,52432.68141289638,2,1,0,652.61266162846
2025-06-30,仅0:00预报,79700.38213126168,79700.38213126168,0.0,52217.92337620026,0.0,0.0,52217.92337620026,0,0,0,0.0
2025-06-30,更新至6:00,79700.38213126168,79700.38213126168,0.0,52217.92337620026,0.0,0.0,52217.92337620026,0,1,0,6.188127176690614
2025-06-30,更新至12:00,79700.38213126168,79700.38213126168,0.0,52217.92337620026,0.0,0.0,52217.92337620026,0,2,0,6.188127176690614
2025-06-30,更新至18:00,79700.38213126168,79700.38213126168,0.0,52217.92337620026,0.0,0.0,52217.92337620026,0,3,0,6.188127176690614
2025-07-01,仅0:00预报,69820.28469188191,69820.28469188191,8390.52924281636,46054.43819064635,0.0,52589.4423714226,98643.88056206895,0,0,0,0.0
2025-07-01,更新至6:00,69820.28469188191,74116.61815815145,4704.03912885803,46054.43819064635,3855.884691549835,30891.1336914492,80801.45657364538,1,0,0,3164.5833894607204
2025-07-01,更新至12:00,69820.28469188191,75802.90373850125,3283.1436440416674,46054.43819064635,5439.393644110922,21316.615687646085,72810.44752240337,2,0,0,4522.674985515856
2025-07-01,更新至18:00,69820.28469188191,78613.07909025124,480.20646262500395,46054.43819064635,11110.723045415569,2465.8362225497913,59630.99745861171,3,0,0,13389.742724704323
2025-07-02,仅0:00预报,70048.09061935626,70048.09061935626,4190.525659208337,45690.14495280581,0.0,25272.83738652565,70962.98233933146,0,0,0,0.0
2025-07-02,更新至6:00,70048.09061935626,70488.78533989792,3749.830938666668,45690.14495280581,515.0195620628526,23093.966775514717,69299.13129038338,1,0,0,220.4083144426113
2025-07-02,更新至12:00,70048.09061935626,70488.78533989792,3749.830938666668,45690.14495280581,515.0195620628526,23093.966775514717,69299.13129038338,1,1,0,220.40831444262585
2025-07-02,更新至18:00,70048.09061935626,72516.96143643958,1721.6548421249997,45690.14495280581,4605.766826547485,9449.595421716083,59745.50720106938,2,1,0,5353.579993136213
2025-07-03,仅0:00预报,79274.59569240035,79274.59569240035,3981.433106674488,51040.827257561235,0.0,24251.080049588247,75291.90730714948,0,0,0,0.0
2025-07-03,更新至6:00,79274.59569240035,82544.58636608861,1225.1211997994953,51040.827257561235,3072.604180585179,7994.099741124687,62107.5311792711,1,0,0,3137.7701608595526
2025-07-03,更新至12:00,79274.59569240035,81944.3274035886,1711.3309594244981,51040.827257561235,2674.546116625804,11271.206290615739,64986.579664802775,2,0,0,3270.456182179347
2025-07-03,更新至18:00,79274.59569240035,83258.33897183862,397.7618750494929,51040.827257561235,5322.66794857899,2432.2065427082543,58795.701748848485,3,0,0,5493.641969457924
2025-07-04,仅0:00预报,33599.961320594826,33599.961320594826,3956.440424571503,20609.873295314515,0.0,14881.384094406763,35491.25738972128,0,0,0,0.0
2025-07-04,更新至6:00,33599.961320594826,34544.74618792817,3115.471009029836,20609.873295314515,1238.428505516918,11043.199676568925,32891.50147740036,1,0,0,2111.5041885685787
2025-07-04,更新至12:00,33599.961320594826,34387.3404472615,3169.0612979048365,20609.873295314515,1043.2538140472495,11403.87138091593,33056.99849027769,2,0,0,2306.678880038249
2025-07-04,更新至18:00,33599.961320594826,34387.3404472615,3169.0612979048365,20609.873295314515,1043.2538140472495,11403.87138091593,33056.99849027769,2,1,0,2309.169745010193
2025-07-05,仅0:00预报,38099.52458935387,38099.52458935387,3552.340106740263,22789.029268319973,0.0,13250.738654342767,36039.76792266274,0,0,0,0.0
2025-07-05,更新至6:00,38099.52458935387,39069.39693935387,2582.9748350735963,22789.029268319973,1284.7355266949994,8970.661466462767,33044.42626147774,1,0,0,2571.6335924291634
2025-07-05,更新至12:00,38099.52458935387,39069.39693935387,2582.9748350735963,22789.029268319973,1284.7355266949994,8970.661466462767,33044.42626147774,1,1,0,2571.6335924291707
2025-07-05,更新至18:00,38099.52458935387,39149.15760110387,2503.214173323595,22789.029268319973,1438.845089295262,8432.702088626007,32660.57644624124,2,1,0,2621.0870906684213
2025-07-06,仅0:00预报,76084.23119674456,76084.23119674456,8810.661807797984,49530.077813396114,0.0,48191.25664507925,97721.33445847536,0,0,0,0.0
2025-07-06,更新至6:00,76084.23119674456,83098.38528624363,2313.631493380908,49530.077813396114,8139.612117316937,15519.910700302375,73189.60063101543,1,0,0,10998.068826192946
2025-07-06,更新至12:00,76084.23119674456,83962.50410665412,1663.8959374999931,49530.077813396114,8766.745363175367,11179.189824116384,69476.01300068786,2,0,0,11531.701645437643
2025-07-06,更新至18:00,76084.23119674456,85085.91832723745,540.4817169166647,49530.077813396114,11030.299991402419,3622.4479680439863,64182.825772842516,3,0,0,13131.957388148614
2025-07-07,仅0:00预报,73728.20517429314,73728.20517429314,3867.923556027596,48221.149049000276,0.0,18671.590611370673,66892.73966037095,0,0,0,0.0
2025-07-07,更新至6:00,73728.20517429314,75433.84225173741,2291.3232092083304,48221.149049000276,1953.5767377784678,11904.4851806323,62079.21096741104,1,0,0,3229.6703007440665
2025-07-07,更新至12:00,73728.20517429314,75433.84225173741,2291.3232092083304,48221.149049000276,1953.5767377784678,11904.4851806323,62079.21096741104,1,1,0,3229.6703007440665
2025-07-07,更新至18:00,73728.20517429314,75433.84225173741,2291.3232092083304,48221.149049000276,1953.5767377784678,11904.4851806323,62079.21096741104,1,2,0,3229.6703007440665
2025-07-08,仅0:00预报,81012.30283838426,81012.30283838426,196.90571024999713,52977.65396183093,0.0,958.031413012486,53935.685374843415,0,0,0,0.0
2025-07-08,更新至6:00,81012.30283838426,81098.53947030092,196.90571024999713,52977.65396183093,124.03085861982726,958.031413012486,54059.716233463245,1,0,0,40.48663777329784
2025-07-08,更新至12:00,81012.30283838426,81012.30283838426,196.90571024999713,52977.65396183093,0.0,958.031413012486,53935.685374843415,2,0,0,83.49964865362563
2025-07-08,更新至18:00,81012.30283838426,81012.30283838426,196.90571024999713,52977.65396183093,0.0,958.031413012486,53935.685374843415,2,1,0,83.49964865362563
2025-07-09,仅0:00预报,82626.94979285743,82626.94979285743,45.72083749999979,53460.57633779102,0.0,308.27266310416525,53768.849000895185,0,0,0,0.0
2025-07-09,更新至6:00,82626.94979285743,82872.6905157741,45.72083749999979,53460.57633779102,308.0192305662473,308.27266310416525,54076.868231461434,1,0,0,36.87341216573259
2025-07-09,更新至12:00,82626.94979285743,82849.90860744077,45.72083749999979,53460.57633779102,273.5917321762472,308.27266310416525,54042.44073307143,2,0,0,48.281743011815706
2025-07-09,更新至18:00,82626.94979285743,82849.90860744077,45.72083749999979,53460.57633779102,273.5917321762472,308.27266310416525,54042.44073307143,2,1,0,48.281743011815706
2025-07-10,仅0:00预报,76123.0420047178,76123.0420047178,1004.3191400416634,49859.223540491315,0.0,5066.948278426441,54926.171818917755,0,0,0,0.0
2025-07-10,更新至6:00,76123.0420047178,78199.2031919678,22.457670833333395,49859.223540491315,2617.9149732515457,151.40729217708318,52628.545805919945,1,0,0,796.6597102916567
2025-07-10,更新至12:00,76123.0420047178,77732.3564919678,22.457670833333623,49859.223540491315,1898.9112543240465,151.4072921770843,51909.54208699245,2,0,0,1323.1957100808359
2025-07-10,更新至18:00,76123.0420047178,77732.3564919678,22.457670833333623,49859.223540491315,1898.9112543240465,151.4072921770843,51909.54208699245,2,1,0,1323.1957100808359
2025-07-11,仅0:00预报,41265.65662530365,41265.65662530365,42.97803337499761,25545.97493552186,0.0,162.83535614257403,25708.810291664435,0,0,0,0.0
2025-07-11,更新至6:00,41265.65662530365,41265.65662530365,42.97803337499761,25545.97493552186,0.0,162.83535614257403,25708.810291664435,0,1,0,-7.275957614183426e-12
2025-07-11,更新至12:00,41265.65662530365,41265.65662530365,42.97803337499761,25545.97493552186,0.0,162.83535614257403,25708.810291664435,0,2,0,-7.275957614183426e-12
2025-07-11,更新至18:00,41265.65662530365,41265.65662530365,42.97803337499761,25545.97493552186,0.0,162.83535614257403,25708.810291664435,0,3,0,-7.275957614183426e-12
2025-07-12,仅0:00预报,42134.387702092514,42134.387702092514,0.0,25324.363464495582,0.0,0.0,25324.363464495582,0,0,0,0.0
2025-07-12,更新至6:00,42134.387702092514,42385.94570209252,0.0,25324.363464495582,364.93247408749966,0.0,25689.29593858308,1,0,0,80.9408075114552
2025-07-12,更新至12:00,42134.387702092514,42134.387702092514,0.0,25324.363464495582,0.0,0.0,25324.363464495582,2,0,0,211.8660922324416
2025-07-12,更新至18:00,42134.387702092514,42134.387702092514,0.0,25324.363464495582,0.0,0.0,25324.363464495582,2,1,0,211.8660922324416
2025-07-13,仅0:00预报,83667.47546658451,83667.47546658451,124.44500416666676,54413.227173266234,0.0,837.7271794604171,55250.95435272665,0,0,0,0.0
2025-07-13,更新至6:00,83667.47546658451,83667.47546658451,124.44500416666676,54413.227173266234,0.0,837.7271794604171,55250.95435272665,0,1,0,1.4551915228366852e-11
2025-07-13,更新至12:00,83667.47546658451,83667.47546658451,124.44500416666676,54413.227173266234,0.0,837.7271794604171,55250.95435272665,0,2,0,1.4551915228366852e-11
2025-07-13,更新至18:00,83667.47546658451,83667.47546658451,124.44500416666676,54413.227173266234,0.0,837.7271794604171,55250.95435272665,0,3,0,1.4551915228366852e-11
2025-07-14,仅0:00预报,74773.61862982067,74773.61862982067,683.8657411666719,48366.54957956991,0.0,4418.226037526424,52784.77561709633,0,0,0,0.0
2025-07-14,更新至6:00,74773.61862982067,75258.26433886235,204.91770145834482,48366.54957956991,578.5101735816452,1399.6010830296634,50344.66083618122,1,0,0,110.32534309738548
2025-07-14,更新至12:00,74773.61862982067,75258.26433886235,204.91770145834482,48366.54957956991,578.5101735816452,1399.6010830296634,50344.66083618122,1,1,0,115.5584311804705
2025-07-14,更新至18:00,74773.61862982067,75309.20169469569,153.98034562500277,48366.54957956991,680.8942588066632,1055.8727120044985,50103.316550381074,2,1,0,144.83212957788783
2025-07-15,仅0:00预报,83750.00787351555,83750.00787351555,0.0,54098.12234429694,0.0,0.0,54098.12234429694,0,0,0,0.0
2025-07-15,更新至6:00,83750.00787351555,83879.04982826556,0.0,54098.12234429694,195.19105094605914,0.0,54293.313395243,1,0,0,62.956714468760765
2025-07-15,更新至12:00,83750.00787351555,83750.00787351555,0.0,54098.12234429694,0.0,0.0,54098.12234429694,2,0,0,139.74365840674727
2025-07-15,更新至18:00,83750.00787351555,83750.00787351555,0.0,54098.12234429694,0.0,0.0,54098.12234429694,2,1,0,139.74365840673272
2025-07-16,仅0:00预报,79470.71919581127,79470.71919581127,2.2737367544323206e-13,52235.920331247806,0.0,7.769926924083848e-13,52235.920331247806,0,0,0,0.0
2025-07-16,更新至6:00,79470.71919581127,79470.71919581127,2.2737367544323206e-13,52235.920331247806,0.0,7.769926924083848e-13,52235.920331247806,0,1,0,0.0
2025-07-16,更新至12:00,79470.71919581127,79470.71919581127,2.2737367544323206e-13,52235.920331247806,0.0,7.769926924083848e-13,52235.920331247806,0,2,0,0.0
2025-07-16,更新至18:00,79470.71919581127,79470.71919581127,2.2737367544323206e-13,52235.920331247806,0.0,7.769926924083848e-13,52235.920331247806,0,3,0,-1.4551915228366852e-11
2025-07-17,仅0:00预报,77830.41309875684,77830.41309875684,0.0,50951.75467313344,0.0,0.0,50951.75467313344,0,0,0,0.0
2025-07-17,更新至6:00,77830.41309875684,79026.37069653835,0.0,50951.75467313344,992.949874308169,0.0,51944.70454744161,1,0,0,367.14018552457856
2025-07-17,更新至12:00,77830.41309875684,78281.5485073482,0.0,50951.75467313344,377.5655153920701,0.0,51329.320188525504,2,0,0,869.1956668171333
2025-07-17,更新至18:00,77830.41309875684,78281.5485073482,0.0,50951.75467313344,377.5655153920701,0.0,51329.320188525504,2,1,0,869.1956668171188
2025-07-18,仅0:00预报,43686.89861701925,43686.89861701925,1.1368683772161603e-13,27415.11210948632,0.0,7.140101843106095e-13,27415.11210948632,0,0,0,0.0
2025-07-18,更新至6:00,43686.89861701925,43686.89861701925,1.1368683772161603e-13,27415.11210948632,0.0,7.140101843106095e-13,27415.11210948632,0,1,0,0.0
2025-07-18,更新至12:00,43686.89861701925,43686.89861701925,1.1368683772161603e-13,27415.11210948632,0.0,7.140101843106095e-13,27415.11210948632,0,2,0,0.0
2025-07-18,更新至18:00,43686.89861701925,43686.89861701925,1.1368683772161603e-13,27415.11210948632,0.0,7.140101843106095e-13,27415.11210948632,0,3,0,0.0
2025-07-19,仅0:00预报,45498.769486881094,45498.769486881094,5.684341886080802e-14,28392.1203402018,0.0,2.6625457394402475e-13,28392.1203402018,0,0,0,0.0
2025-07-19,更新至6:00,45498.769486881094,45498.769486881094,5.684341886080802e-14,28392.1203402018,0.0,2.6625457394402475e-13,28392.1203402018,0,1,0,4.4522673086758005
2025-07-19,更新至12:00,45498.769486881094,45498.769486881094,5.684341886080802e-14,28392.1203402018,0.0,2.6625457394402475e-13,28392.1203402018,0,2,0,4.4522673086685245
2025-07-19,更新至18:00,45498.769486881094,45498.769486881094,5.684341886080802e-14,28392.1203402018,0.0,2.6625457394402475e-13,28392.1203402018,0,3,0,4.4522673086685245
2025-07-20,仅0:00预报,85429.29880114732,85429.29880114732,6.821210263296962e-13,54665.45897627726,0.0,3.212505816918565e-12,54665.45897627726,0,0,0,0.0
2025-07-20,更新至6:00,85429.29880114732,85592.16900876153,4.547473508864641e-13,54665.45897627726,242.90141515207424,2.1029222807555924e-12,54908.360391429334,1,0,0,146.8478178718069
2025-07-20,更新至12:00,85429.29880114732,85472.02794143898,6.821210263296962e-13,54665.45897627726,55.815040031926415,3.212505816918565e-12,54721.27401630919,2,0,0,209.16903733616346
2025-07-20,更新至18:00,85429.29880114732,85472.02794143898,6.821210263296962e-13,54665.45897627726,55.815040031926415,3.212505816918565e-12,54721.27401630919,2,1,0,209.16903733616346
2025-07-21,仅0:00预报,83157.45525270773,83157.45525270773,2.2737367544323206e-13,54326.07115605688,0.0,1.2212240108055995e-12,54326.07115605688,0,0,0,0.0
2025-07-21,更新至6:00,83157.45525270773,83157.45525270773,2.2737367544323206e-13,54326.07115605688,0.0,1.2212240108055995e-12,54326.07115605688,0,1,0,4.785101120665786
2025-07-21,更新至12:00,83157.45525270773,83157.45525270773,2.2737367544323206e-13,54326.07115605688,0.0,1.2212240108055995e-12,54326.07115605688,0,2,0,4.785101120665786
2025-07-21,更新至18:00,83157.45525270773,83157.45525270773,2.2737367544323206e-13,54326.07115605688,0.0,1.2212240108055995e-12,54326.07115605688,0,3,0,4.785101120665786
2025-07-22,仅0:00预报,82588.9489725382,82588.9489725382,0.0,54729.956268836635,0.0,0.0,54729.956268836635,0,0,0,0.0
2025-07-22,更新至6:00,82588.9489725382,91191.71532176044,0.0,54729.956268836635,7116.999594659021,0.0,61846.955863495656,1,0,0,5930.392074911739
2025-07-22,更新至12:00,82588.9489725382,88460.37488338543,0.0,54729.956268836635,4865.996864466466,0.0,59595.953133303105,2,0,0,8128.7314234431105
2025-07-22,更新至18:00,82588.9489725382,88460.37488338543,0.0,54729.956268836635,4865.996864466466,0.0,59595.953133303105,2,1,0,8128.7314234431105
2025-07-23,仅0:00预报,91457.59832572751,91457.59832572751,1.1368683772161603e-13,61151.12826525777,0.0,4.978915058018174e-13,61151.12826525777,0,0,0,0.0
2025-07-23,更新至6:00,91457.59832572751,91457.59832572751,1.1368683772161603e-13,61151.12826525777,0.0,4.978915058018174e-13,61151.12826525777,0,1,0,0.0
2025-07-23,更新至12:00,91457.59832572751,91457.59832572751,1.1368683772161603e-13,61151.12826525777,0.0,4.978915058018174e-13,61151.12826525777,0,2,0,1.4551915228366852e-11
2025-07-23,更新至18:00,91457.59832572751,91457.59832572751,1.1368683772161603e-13,61151.12826525777,0.0,4.978915058018174e-13,61151.12826525777,0,3,0,1.4551915228366852e-11
2025-07-24,仅0:00预报,90938.88341729392,90938.88341729392,0.0,60506.93476774402,0.0,0.0,60506.93476774402,0,0,0,0.0
2025-07-24,更新至6:00,90938.88341729392,90938.88341729392,0.0,60506.93476774402,0.0,0.0,60506.93476774402,0,1,0,-2.9103830456733704e-11
2025-07-24,更新至12:00,90938.88341729392,90938.88341729392,0.0,60506.93476774402,0.0,0.0,60506.93476774402,0,2,0,-1.4551915228366852e-11
2025-07-24,更新至18:00,90938.88341729392,90938.88341729392,0.0,60506.93476774402,0.0,0.0,60506.93476774402,0,3,0,-1.4551915228366852e-11
2025-07-25,仅0:00预报,42927.10290278541,42927.10290278541,0.0,27175.34149583718,0.0,0.0,27175.34149583718,0,0,0,0.0
2025-07-25,更新至6:00,42927.10290278541,43003.09994249734,0.0,27175.34149583718,113.26585607604717,0.0,27288.607351913226,1,0,0,29.900645925969002
2025-07-25,更新至12:00,42927.10290278541,42927.10290278541,0.0,27175.34149583718,0.0,0.0,27175.34149583718,2,0,0,67.65593128464388
2025-07-25,更新至18:00,42927.10290278541,42927.10290278541,0.0,27175.34149583718,0.0,0.0,27175.34149583718,2,1,0,67.65593128465116
2025-07-26,仅0:00预报,45004.56116540586,45004.56116540586,0.0,27857.601542163033,0.0,0.0,27857.601542163033,0,0,0,0.0
2025-07-26,更新至6:00,45004.56116540586,45225.97287574702,0.0,27857.601542163033,345.2199235160068,0.0,28202.82146567904,1,0,0,85.58056906698039
2025-07-26,更新至12:00,45004.56116540586,45004.56116540586,0.0,27857.601542163033,0.0,0.0,27857.601542163033,2,0,0,202.48597296779917
2025-07-26,更新至18:00,45004.56116540586,45004.56116540586,0.0,27857.601542163033,0.0,0.0,27857.601542163033,2,1,0,202.4859729677919
2025-07-27,仅0:00预报,84885.21556313933,84885.21556313933,0.0,55611.06205062779,0.0,0.0,55611.06205062779,0,0,0,0.0
2025-07-27,更新至6:00,84885.21556313933,85460.54992542183,0.0,55611.06205062779,947.5109322992373,0.0,56558.57298292703,1,0,0,408.61096783101675
2025-07-27,更新至12:00,84885.21556313933,84941.093505806,0.0,55611.06205062779,70.06625543239983,0.0,55681.12830606019,2,0,0,774.9079688973434
2025-07-27,更新至18:00,84885.21556313933,84941.093505806,0.0,55611.06205062779,70.06625543239983,0.0,55681.12830606019,2,1,0,774.9079688973434
2025-07-28,仅0:00预报,86261.54939394936,86261.54939394936,2.2737367544323206e-13,56694.794237898284,0.0,1.2570353646879083e-12,56694.794237898284,0,0,0,0.0
2025-07-28,更新至6:00,86261.54939394936,87352.49444965957,2.2737367544323206e-13,56694.794237898284,1669.1034804262924,1.2570353646879083e-12,58363.89771832457,1,0,0,875.4916273868876
2025-07-28,更新至12:00,86261.54939394936,86435.89915935625,2.2737367544323206e-13,56694.794237898284,203.8702914270993,1.2570353646879083e-12,56898.66452932538,2,0,0,1578.3567617597728
2025-07-28,更新至18:00,86261.54939394936,86435.89915935625,2.2737367544323206e-13,56694.794237898284,203.8702914270993,1.2570353646879083e-12,56898.66452932538,2,1,0,1578.3567617597728
2025-07-29,仅0:00预报,86323.68087117208,86323.68087117208,0.0,57340.35831115709,0.0,0.0,57340.35831115709,0,0,0,0.0
2025-07-29,更新至6:00,86323.68087117208,90829.68003888373,0.0,57340.35831115709,4190.575082587122,0.0,61530.93339374421,1,0,0,3092.704382729411
2025-07-29,更新至12:00,86323.68087117208,89803.0162686259,0.0,57340.35831115709,3476.15989338514,0.0,60816.51820454223,2,0,0,3769.5256188487547
2025-07-29,更新至18:00,86323.68087117208,89803.0162686259,0.0,57340.35831115709,3476.15989338514,0.0,60816.51820454223,2,1,0,3769.525618848769
2025-07-30,仅0:00预报,78458.5238976737,78458.5238976737,3.410605131648481e-13,52241.47368201319,0.0,1.7010961528285408e-12,52241.47368201319,0,0,0,0.0
2025-07-30,更新至6:00,78458.5238976737,87478.00440308583,0.0,52241.47368201319,8096.440035448915,0.0,60337.9137174621,1,0,0,6383.745101280278
2025-07-30,更新至12:00,78458.5238976737,85922.71337063357,0.0,52241.47368201319,6656.710302894631,0.0,58898.18398490782,2,0,0,7693.420290711365
2025-07-30,更新至18:00,78458.5238976737,85922.71337063357,0.0,52241.47368201319,6656.710302894631,0.0,58898.18398490782,2,1,0,7693.4202907113795
2025-07-31,仅0:00预报,82810.8953823837,82810.8953823837,0.0,55105.65341739409,0.0,0.0,55105.65341739409,0,0,0,0.0
2025-07-31,更新至6:00,82810.8953823837,85577.89959129057,0.0,55105.65341739409,2093.621734938137,0.0,57199.27515233222,1,0,0,887.615414143118
2025-07-31,更新至12:00,82810.8953823837,84425.69787045724,0.0,55105.65341739409,1254.029795630014,0.0,56359.6832130241,2,0,0,1637.6038717212505
2025-07-31,更新至18:00,82810.8953823837,84425.69787045724,0.0,55105.65341739409,1254.029795630014,0.0,56359.6832130241,2,1,0,1637.603871721265
2025-08-01,仅0:00预报,45588.03742254111,45588.03742254111,1.1368683772161603e-13,29063.42769789731,0.0,2.444835445203353e-13,29063.42769789731,0,0,0,0.0
2025-08-01,更新至6:00,45588.03742254111,45588.03742254111,1.1368683772161603e-13,29063.42769789731,0.0,2.444835445203353e-13,29063.42769789731,0,1,0,0.0
2025-08-01,更新至12:00,45588.03742254111,45588.03742254111,1.1368683772161603e-13,29063.42769789731,0.0,2.444835445203353e-13,29063.42769789731,0,2,0,7.275957614183426e-12
2025-08-01,更新至18:00,45588.03742254111,45588.03742254111,1.1368683772161603e-13,29063.42769789731,0.0,2.444835445203353e-13,29063.42769789731,0,3,0,7.275957614183426e-12
2025-08-02,仅0:00预报,51529.07273418055,51529.07273418055,5.684341886080802e-14,32107.41225292923,0.0,1.6223111742874608e-13,32107.41225292923,0,0,0,0.0
2025-08-02,更新至6:00,51529.07273418055,51529.07273418055,5.684341886080802e-14,32107.41225292923,0.0,1.6223111742874608e-13,32107.41225292923,0,1,0,0.0
2025-08-02,更新至12:00,51529.07273418055,51529.07273418055,5.684341886080802e-14,32107.41225292923,0.0,1.6223111742874608e-13,32107.41225292923,0,2,0,0.0
2025-08-02,更新至18:00,51529.07273418055,51529.07273418055,5.684341886080802e-14,32107.41225292923,0.0,1.6223111742874608e-13,32107.41225292923,0,3,0,0.0
2025-08-03,仅0:00预报,74467.95043570487,74467.95043570487,1.1368683772161603e-13,49806.835345857544,0.0,5.325091478880495e-13,49806.835345857544,0,0,0,0.0
2025-08-03,更新至6:00,74467.95043570487,74467.95043570487,1.1368683772161603e-13,49806.835345857544,0.0,5.325091478880495e-13,49806.835345857544,0,1,0,0.0
2025-08-03,更新至12:00,74467.95043570487,74467.95043570487,1.1368683772161603e-13,49806.835345857544,0.0,5.325091478880495e-13,49806.835345857544,0,2,0,1.4551915228366852e-11
2025-08-03,更新至18:00,74467.95043570487,74467.95043570487,1.1368683772161603e-13,49806.835345857544,0.0,5.325091478880495e-13,49806.835345857544,0,3,0,1.4551915228366852e-11
2025-08-04,仅0:00预报,76023.19599597044,76023.19599597044,0.0,50598.85953058538,0.0,0.0,50598.85953058538,0,0,0,0.0
2025-08-04,更新至6:00,76023.19599597044,78976.78518995525,0.0,50598.85953058538,2382.512151030723,0.0,52981.3716816161,1,0,0,1271.4757519290579
2025-08-04,更新至12:00,76023.19599597044,77630.40703668553,0.0,50598.85953058538,1131.4650193697132,0.0,51730.3245499551,2,0,0,2522.5228835900634
2025-08-04,更新至18:00,76023.19599597044,77630.40703668553,0.0,50598.85953058538,1131.4650193697132,0.0,51730.3245499551,2,1,0,2522.5228835900634
2025-08-05,仅0:00预报,78915.94281016268,78915.94281016268,1.1368683772161603e-13,51713.897325571575,0.0,4.978915058018174e-13,51713.897325571575,0,0,0,0.0
2025-08-05,更新至6:00,78915.94281016268,82102.647863803,1.1368683772161603e-13,51713.897325571575,2248.9197565152162,4.978915058018174e-13,53962.81708208679,1,0,0,1381.4704660188872
2025-08-05,更新至12:00,78915.94281016268,81243.06885546967,1.1368683772161603e-13,51713.897325571575,1654.2613404039657,4.978915058018174e-13,53368.15866597554,2,0,0,1946.457930075674
2025-08-05,更新至18:00,78915.94281016268,81243.06885546967,1.1368683772161603e-13,51713.897325571575,1654.2613404039657,4.978915058018174e-13,53368.15866597554,2,1,0,1946.457930075674
2025-08-06,仅0:00预报,76061.48134435315,76061.48134435315,0.0,51946.00888200368,0.0,0.0,51946.00888200368,0,0,0,0.0
2025-08-06,更新至6:00,76061.48134435315,76105.19004056149,0.0,51946.00888200368,45.23194427119212,0.0,51991.24082627487,1,0,0,15.0773147570726
2025-08-06,更新至12:00,76061.48134435315,76105.19004056149,0.0,51946.00888200368,45.23194427119212,0.0,51991.24082627487,1,1,0,15.077314757087152
2025-08-06,更新至18:00,76061.48134435315,76105.19004056149,0.0,51946.00888200368,45.23194427119212,0.0,51991.24082627487,1,2,0,15.077314757087152
2025-08-07,仅0:00预报,83864.90404630746,83864.90404630746,0.0,54265.84698550169,0.0,0.0,54265.84698550169,0,0,0,0.0
2025-08-07,更新至6:00,83864.90404630746,83864.90404630746,0.0,54265.84698550169,0.0,0.0,54265.84698550169,0,1,0,0.0
2025-08-07,更新至12:00,83864.90404630746,83864.90404630746,0.0,54265.84698550169,0.0,0.0,54265.84698550169,0,2,0,0.0
2025-08-07,更新至18:00,83864.90404630746,83864.90404630746,0.0,54265.84698550169,0.0,0.0,54265.84698550169,0,3,0,0.0
2025-08-08,仅0:00预报,41322.21682910214,41322.21682910214,0.0,26326.621423531193,0.0,0.0,26326.621423531193,0,0,0,0.0
2025-08-08,更新至6:00,41322.21682910214,41322.21682910214,0.0,26326.621423531193,0.0,0.0,26326.621423531193,0,1,0,0.0
2025-08-08,更新至12:00,41322.21682910214,41322.21682910214,0.0,26326.621423531193,0.0,0.0,26326.621423531193,0,2,0,0.0
2025-08-08,更新至18:00,41322.21682910214,41322.21682910214,0.0,26326.621423531193,0.0,0.0,26326.621423531193,0,3,0,0.0
2025-08-09,仅0:00预报,42961.78723764388,42961.78723764388,0.0,27361.88523649167,0.0,0.0,27361.88523649167,0,0,0,0.0
2025-08-09,更新至6:00,42961.78723764388,42961.78723764388,0.0,27361.88523649167,0.0,0.0,27361.88523649167,0,1,0,0.0
2025-08-09,更新至12:00,42961.78723764388,42961.78723764388,0.0,27361.88523649167,0.0,0.0,27361.88523649167,0,2,0,0.0
2025-08-09,更新至18:00,42961.78723764388,42961.78723764388,0.0,27361.88523649167,0.0,0.0,27361.88523649167,0,3,0,0.0
2025-08-10,仅0:00预报,83244.98828716195,83244.98828716195,0.0,54194.83818477142,0.0,0.0,54194.83818477142,0,0,0,0.0
2025-08-10,更新至6:00,83244.98828716195,83244.98828716195,0.0,54194.83818477142,0.0,0.0,54194.83818477142,0,1,0,0.0
2025-08-10,更新至12:00,83244.98828716195,83244.98828716195,0.0,54194.83818477142,0.0,0.0,54194.83818477142,0,2,0,0.0
2025-08-10,更新至18:00,83244.98828716195,83244.98828716195,0.0,54194.83818477142,0.0,0.0,54194.83818477142,0,3,0,-1.4551915228366852e-11
2025-08-11,仅0:00预报,72321.85775743489,72321.85775743489,0.0,48294.73410717484,0.0,0.0,48294.73410717484,0,0,0,0.0
2025-08-11,更新至6:00,72321.85775743489,72321.85775743489,0.0,48294.73410717484,0.0,0.0,48294.73410717484,0,1,0,0.0
2025-08-11,更新至12:00,72321.85775743489,72321.85775743489,0.0,48294.73410717484,0.0,0.0,48294.73410717484,0,2,0,0.0
2025-08-11,更新至18:00,72321.85775743489,72321.85775743489,0.0,48294.73410717484,0.0,0.0,48294.73410717484,0,3,0,0.0
2025-08-12,仅0:00预报,79823.83406739653,79823.83406739653,1.1368683772161603e-13,52411.66432372952,0.0,5.325091478880495e-13,52411.66432372952,0,0,0,0.0
2025-08-12,更新至6:00,79823.83406739653,80205.5770236208,1.1368683772161603e-13,52411.66432372952,285.1672649861351,5.325091478880495e-13,52696.83158871566,1,0,0,69.32670039178629
2025-08-12,更新至12:00,79823.83406739653,80205.5770236208,1.1368683772161603e-13,52411.66432372952,285.1672649861351,5.325091478880495e-13,52696.83158871566,1,1,0,69.32670039178629
2025-08-12,更新至18:00,79823.83406739653,80205.5770236208,1.1368683772161603e-13,52411.66432372952,285.1672649861351,5.325091478880495e-13,52696.83158871566,1,2,0,69.32670039178629
2025-08-13,仅0:00预报,72607.30332654004,72607.30332654004,0.0,48084.98768030842,0.0,0.0,48084.98768030842,0,0,0,0.0
2025-08-13,更新至6:00,72607.30332654004,75176.59076861825,0.0,48084.98768030842,1748.67202841538,0.0,49833.6597087238,1,0,0,639.3992751407932
2025-08-13,更新至12:00,72607.30332654004,73942.73796861824,0.0,48084.98768030842,937.1978881753798,0.0,49022.1855684838,2,0,0,1221.386878688354
2025-08-13,更新至18:00,72607.30332654004,73942.73796861824,0.0,48084.98768030842,937.1978881753798,0.0,49022.1855684838,2,1,0,1221.3868786883395
2025-08-14,仅0:00预报,70747.94290137733,70747.94290137733,20.15169166666658,46252.11713829314,0.0,140.57820106666605,46392.69533935981,0,0,0,0.0
2025-08-14,更新至6:00,70747.94290137733,76497.39641295091,20.151691666666693,46252.11713829314,4805.55384019023,140.5782010666665,51198.24917955004,1,0,0,3411.2807252468774
2025-08-14,更新至12:00,70747.94290137733,75688.18901300234,20.151691666666693,46252.11713829314,4132.291143079802,140.5782010666665,50524.98648243961,2,0,0,3932.8044640090084
2025-08-14,更新至18:00,70747.94290137733,75688.18901300234,20.151691666666693,46252.11713829314,4132.291143079802,140.5782010666665,50524.98648243961,2,1,0,3932.8044640090084
2025-08-15,仅0:00预报,40149.642583648,40149.642583648,0.0,24421.944608081,0.0,0.0,24421.944608081,0,0,0,0.0
2025-08-15,更新至6:00,40149.642583648,40149.642583648,0.0,24421.944608081,0.0,0.0,24421.944608081,0,1,0,0.0
2025-08-15,更新至12:00,40149.642583648,40149.642583648,0.0,24421.944608081,0.0,0.0,24421.944608081,0,2,0,0.0
2025-08-15,更新至18:00,40149.642583648,40149.642583648,0.0,24421.944608081,0.0,0.0,24421.944608081,0,3,0,0.0
2025-08-16,仅0:00预报,40592.88037948238,40592.88037948238,5.684341886080802e-14,25538.66845548925,0.0,2.6625457394402475e-13,25538.66845548925,0,0,0,0.0
2025-08-16,更新至6:00,40592.88037948238,40592.88037948238,5.684341886080802e-14,25538.66845548925,0.0,2.6625457394402475e-13,25538.66845548925,0,1,0,0.0
2025-08-16,更新至12:00,40592.88037948238,40592.88037948238,5.684341886080802e-14,25538.66845548925,0.0,2.6625457394402475e-13,25538.66845548925,0,2,0,0.0
2025-08-16,更新至18:00,40592.88037948238,40592.88037948238,5.684341886080802e-14,25538.66845548925,0.0,2.6625457394402475e-13,25538.66845548925,0,3,0,0.0
2025-08-17,仅0:00预报,80964.88482738243,80964.88482738243,1.1368683772161603e-13,51383.56423873938,0.0,4.531557351583615e-13,51383.56423873938,0,0,0,0.0
2025-08-17,更新至6:00,80964.88482738243,80964.88482738243,1.1368683772161603e-13,51383.56423873938,0.0,4.531557351583615e-13,51383.56423873938,0,1,0,-1.4551915228366852e-11
2025-08-17,更新至12:00,80964.88482738243,81293.79874821575,1.1368683772161603e-13,51383.56423873938,389.9693728654934,4.531557351583615e-13,51773.53361160488,1,1,0,172.55256137717515
2025-08-17,更新至18:00,80964.88482738243,81293.79874821575,1.1368683772161603e-13,51383.56423873938,389.9693728654934,4.531557351583615e-13,51773.53361160488,1,2,0,172.55256137717515
2025-08-18,仅0:00预报,71928.96421593144,71928.96421593144,38.88475833333359,47846.81895922037,0.0,262.65095555416843,48109.46991477454,0,0,0,0.0
2025-08-18,更新至6:00,71928.96421593144,72798.07911942939,38.88475833333359,47846.81895922037,551.7772382856651,262.65095555416843,48661.247153060205,1,0,0,183.9257460952067
2025-08-18,更新至12:00,71928.96421593144,71928.96421593144,38.88475833333359,47846.81895922037,0.0,262.65095555416843,48109.46991477454,2,0,0,735.7029843808705
2025-08-18,更新至18:00,71928.96421593144,71928.96421593144,38.88475833333359,47846.81895922037,0.0,262.65095555416843,48109.46991477454,2,1,0,735.7029843808705
2025-08-19,仅0:00预报,71440.32192829128,71440.32192829128,24.68584583333336,46794.475783268004,0.0,166.4628211875002,46960.93860445551,0,0,0,0.0
2025-08-19,更新至6:00,71440.32192829128,71440.32192829128,24.68584583333336,46794.475783268004,0.0,166.4628211875002,46960.93860445551,0,1,0,0.0
2025-08-19,更新至12:00,71440.32192829128,71440.32192829128,24.68584583333336,46794.475783268004,0.0,166.4628211875002,46960.93860445551,0,2,0,0.0
2025-08-19,更新至18:00,71440.32192829128,71440.32192829128,24.68584583333336,46794.475783268004,0.0,166.4628211875002,46960.93860445551,0,3,0,0.0
2025-08-20,仅0:00预报,81012.71101848662,81012.71101848662,4.4185125000001335,51541.819688910036,0.0,29.853679706250364,51571.673368616284,0,0,0,0.0
2025-08-20,更新至6:00,81012.71101848662,81070.77431811162,4.4185125000001335,51541.819688910036,68.21470693158092,29.853679706250364,51639.88807554787,1,0,0,59.54130306610023
2025-08-20,更新至12:00,81012.71101848662,81070.77431811162,4.4185125000001335,51541.819688910036,68.21470693158092,29.853679706250364,51639.88807554787,1,1,0,59.54130306610023
2025-08-20,更新至18:00,81012.71101848662,81070.77431811162,4.4185125000001335,51541.819688910036,68.21470693158092,29.853679706250364,51639.88807554787,1,2,0,59.54130306610023
2025-08-21,仅0:00预报,73674.84814611665,73674.84814611665,0.0,47061.71554943478,0.0,0.0,47061.71554943478,0,0,0,0.0
2025-08-21,更新至6:00,73674.84814611665,74499.60099667418,0.0,47061.71554943478,1038.153921733543,0.0,48099.86947116833,1,0,0,394.6928227667813
2025-08-21,更新至12:00,73674.84814611665,73674.84814611665,0.0,47061.71554943478,0.0,0.0,47061.71554943478,2,0,0,1049.7873200478061
2025-08-21,更新至18:00,73674.84814611665,73674.84814611665,0.0,47061.71554943478,0.0,0.0,47061.71554943478,2,1,0,1049.7873200478207
2025-08-22,仅0:00预报,36039.71667443996,36039.71667443996,273.54196929166636,22149.869496860814,0.0,1137.8093393801237,23287.67883624094,0,0,0,0.0
2025-08-22,更新至6:00,36039.71667443996,36192.29723123163,126.42185416666723,22149.869496860814,191.17402956528636,526.1329603125024,22867.1764867386,1,0,0,174.21308165672235
2025-08-22,更新至12:00,36039.71667443996,36192.29723123163,126.42185416666723,22149.869496860814,191.17402956528636,526.1329603125024,22867.1764867386,1,1,0,174.21308165672235
2025-08-22,更新至18:00,36039.71667443996,36192.29723123163,126.42185416666723,22149.869496860814,191.17402956528636,526.1329603125024,22867.1764867386,1,2,0,174.21308165672235
2025-08-23,仅0:00预报,39446.513871934876,39446.513871934876,425.0250730514398,22880.593458089545,0.0,2672.272191230668,25552.865649320214,0,0,0,0.0
2025-08-23,更新至6:00,39446.513871934876,39846.99655136131,89.28874169855408,22880.593458089545,549.0883482397114,414.2747353795928,23843.95654170885,1,0,0,322.1500123689475
2025-08-23,更新至12:00,39446.513871934876,40104.43963602798,3.228066490223682,22880.593458089545,901.5379280850118,12.531354115048334,23794.662740289605,2,0,0,432.9799798711392
2025-08-23,更新至18:00,39446.513871934876,40095.71872764321,11.94897487499702,22880.593458089545,891.3815581801048,46.385920464738426,23818.36093673439,3,0,0,439.46571943689924
2025-08-24,仅0:00预报,73727.60960500914,73727.60960500914,21.783307083332602,47266.108254091145,0.0,110.51760848728794,47376.62586257843,0,0,0,0.0
2025-08-24,更新至6:00,73727.60960500914,74148.3882079258,0.0,47266.108254091145,464.3087288658127,0.0,47730.41698295696,1,0,0,220.1443638344208
2025-08-24,更新至12:00,73727.60960500914,75166.16848894433,0.0,47266.108254091145,1268.0853581707013,0.0,48534.19361226184,2,0,0,423.8825099863461
2025-08-24,更新至18:00,73727.60960500914,75166.16848894433,0.0,47266.108254091145,1268.0853581707013,0.0,48534.19361226184,2,1,0,423.8825099863461
2025-08-25,仅0:00预报,91588.05882891681,91588.05882891681,1.1368683772161603e-13,57952.41392006761,0.0,5.325091478880495e-13,57952.41392006761,0,0,0,0.0
2025-08-25,更新至6:00,91588.05882891681,91588.05882891681,1.1368683772161603e-13,57952.41392006761,0.0,5.325091478880495e-13,57952.41392006761,0,1,0,0.0
2025-08-25,更新至12:00,91588.05882891681,91588.05882891681,1.1368683772161603e-13,57952.41392006761,0.0,5.325091478880495e-13,57952.41392006761,0,2,0,0.0
2025-08-25,更新至18:00,91588.05882891681,91588.05882891681,1.1368683772161603e-13,57952.41392006761,0.0,5.325091478880495e-13,57952.41392006761,0,3,0,0.0
2025-08-26,仅0:00预报,70619.47863100858,70619.47863100858,11.806249999999864,46850.879664034044,0.0,79.58593124999909,46930.46559528404,0,0,0,0.0
2025-08-26,更新至6:00,70619.47863100858,70825.18504005024,11.806249999999864,46850.879664034044,217.2400080446762,79.58593124999909,47147.705603328715,1,0,0,40.92835578175436
2025-08-26,更新至12:00,70619.47863100858,70825.18504005024,11.806249999999864,46850.879664034044,217.2400080446762,79.58593124999909,47147.705603328715,1,1,0,40.92835578175436
2025-08-26,更新至18:00,70619.47863100858,70825.18504005024,11.806249999999864,46850.879664034044,217.2400080446762,79.58593124999909,47147.705603328715,1,2,0,40.92835578175436
2025-08-27,仅0:00预报,73866.17007860082,73866.17007860082,88.50159583333289,48243.44739834855,0.0,612.1493222145798,48855.59672056313,0,0,0,0.0
2025-08-27,更新至6:00,73866.17007860082,80233.0168870746,86.24409583333295,48243.44739834855,4987.911090660473,596.4010022145802,53827.75949122361,1,0,0,5191.07197708005
2025-08-27,更新至12:00,73866.17007860082,76304.85757479424,88.50159583333289,48243.44739834855,1711.9979500082195,612.1493222145798,50567.59467057135,2,0,0,7942.780888088251
2025-08-27,更新至18:00,73866.17007860082,76304.85757479424,88.50159583333289,48243.44739834855,1711.9979500082195,612.1493222145798,50567.59467057135,2,1,0,7942.780888088266
2025-08-28,仅0:00预报,71062.11872129628,71062.11872129628,3335.2613413333283,45388.56599482376,0.0,22221.668640536132,67610.2346353599,0,0,0,0.0
2025-08-28,更新至6:00,71062.11872129628,76532.99963229115,24.259166666666943,45388.56599482376,5045.841575722723,163.53104250000123,50597.93861304648,1,0,0,9442.233998985
2025-08-28,更新至12:00,71062.11872129628,75800.43238656948,24.259166666666715,45388.56599482376,4277.016631528299,163.53104250000013,49829.11366885206,2,0,0,9929.092291129724
2025-08-28,更新至18:00,71062.11872129628,75800.43238656948,24.259166666666715,45388.56599482376,4277.016631528299,163.53104250000013,49829.11366885206,2,1,0,9929.092291129724
2025-08-29,仅0:00预报,38292.88711225944,38292.88711225944,0.0,23177.8147766464,0.0,0.0,23177.8147766464,0,0,0,0.0
2025-08-29,更新至6:00,38292.88711225944,38292.88711225944,0.0,23177.8147766464,0.0,0.0,23177.8147766464,0,1,0,0.0
2025-08-29,更新至12:00,38292.88711225944,38292.88711225944,0.0,23177.8147766464,0.0,0.0,23177.8147766464,0,2,0,7.275957614183426e-12
2025-08-29,更新至18:00,38292.88711225944,38292.88711225944,0.0,23177.8147766464,0.0,0.0,23177.8147766464,0,3,0,7.275957614183426e-12
2025-08-30,仅0:00预报,39452.618135878525,39452.618135878525,69.18451312499963,23315.32040611939,0.0,453.29896220583066,23768.61936832522,0,0,0,0.0
2025-08-30,更新至6:00,39452.618135878525,40407.25363587492,0.0,23315.32040611939,1244.871561105947,0.0,24560.191967225335,1,0,0,579.6398514324173
2025-08-30,更新至12:00,39452.618135878525,39595.455871420185,69.18451312499963,23315.32040611939,172.38790245046852,453.29896220583066,23941.007270775688,2,0,0,1188.1488357403941
2025-08-30,更新至18:00,39452.618135878525,39595.455871420185,69.18451312499963,23315.32040611939,172.38790245046852,453.29896220583066,23941.007270775688,2,1,0,1188.1488357403941
2025-08-31,仅0:00预报,71128.4497028912,71128.4497028912,2335.6167623019624,46370.37657640553,0.0,13570.201536924882,59940.57811333041,0,0,0,0.0
2025-08-31,更新至6:00,71128.4497028912,74068.55380217759,42.87080000000026,46370.37657640553,2915.022660821709,289.65656020000125,49575.05579742724,1,0,0,3695.455698981503
2025-08-31,更新至12:00,71128.4497028912,73429.47236884425,126.18925070833325,46370.37657640553,2507.538602892959,853.7169318579988,49731.63211115648,2,0,0,3961.661842942878
2025-08-31,更新至18:00,71128.4497028912,73715.84807067759,42.87080000000026,46370.37657640553,3032.8941609408357,289.65656020000125,49692.92729754637,3,0,0,4422.064933876012
2025-09-01,仅0:00预报,79061.54945480918,79061.54945480918,1.1368683772161603e-13,49838.06698711265,0.0,4.978346623829566e-13,49838.06698711265,0,0,0,0.0
2025-09-01,更新至6:00,79061.54945480918,79498.3339189887,1.1368683772161603e-13,49838.06698711265,503.6400490392633,4.978346623829566e-13,50341.707036151915,1,0,0,170.98611514140794
2025-09-01,更新至12:00,79061.54945480918,79069.53169772585,1.1368683772161603e-13,49838.06698711265,9.64454500406739,4.978346623829566e-13,49847.71153211672,2,0,0,314.2828140458296
2025-09-01,更新至18:00,79061.54945480918,79069.53169772585,1.1368683772161603e-13,49838.06698711265,9.64454500406739,4.978346623829566e-13,49847.71153211672,2,1,0,314.2828140458296
2025-09-02,仅0:00预报,65170.89292407796,65170.89292407796,1.1368683772161603e-13,42571.79553514261,0.0,7.686935532547068e-13,42571.79553514261,0,0,0,0.0
2025-09-02,更新至6:00,65170.89292407796,73446.67733847554,1.1368683772161603e-13,42571.79553514261,7693.198357089921,7.686935532547068e-13,50264.99389223254,1,0,0,6509.86341105937
2025-09-02,更新至12:00,65170.89292407796,68703.3028986433,1.1368683772161603e-13,42571.79553514261,2830.2561259185177,7.686935532547068e-13,45402.05166106113,2,0,0,10378.851531262771
2025-09-02,更新至18:00,65170.89292407796,68666.69864203647,1.1368683772161603e-13,42571.79553514261,2853.036785017768,7.686935532547068e-13,45424.83232016038,3,0,1,
2025-09-03,仅0:00预报,68379.21713508715,68379.21713508715,0.0,44559.89601838738,0.0,0.0,44559.89601838738,0,0,0,0.0
2025-09-03,更新至6:00,68379.21713508715,70063.12061437634,0.0,44559.89601838738,1875.8047038224013,0.0,46435.70072220978,1,0,0,918.6686111739255
2025-09-03,更新至12:00,68379.21713508715,69206.88657329626,0.0,44559.89601838738,943.1117076395803,0.0,45503.00772602696,2,0,0,1562.9930929174443
2025-09-03,更新至18:00,68379.21713508715,69204.94408809829,0.0,44559.89601838738,944.3278976220305,0.0,45504.22391600941,3,0,1,
2025-09-04,仅0:00预报,67631.59900662705,67631.59900662705,1.1368683772161603e-13,44545.70964491753,0.0,4.978915058018174e-13,44545.70964491753,0,0,0,0.0
2025-09-04,更新至6:00,67631.59900662705,69544.31445417386,1.1368683772161603e-13,44545.70964491753,2126.4139067756632,4.978915058018174e-13,46672.12355169319,1,0,0,827.2905898409226
2025-09-04,更新至12:00,67631.59900662705,68526.27053563477,1.1368683772161603e-13,44545.70964491753,1010.3204611023787,4.978915058018174e-13,45556.030106019905,2,0,0,1798.6648465315666
2025-09-04,更新至18:00,67631.59900662705,68427.61408434564,1.1368683772161603e-13,44545.70964491753,1071.747927248892,4.978915058018174e-13,45617.45757216642,3,0,1,
2025-09-05,仅0:00预报,34469.63188571744,34469.63188571744,0.0,21381.97766213689,0.0,0.0,21381.97766213689,0,0,0,0.0
2025-09-05,更新至6:00,34469.63188571744,34469.63188571744,0.0,21381.97766213689,0.0,0.0,21381.97766213689,0,1,0,0.0
2025-09-05,更新至12:00,34469.63188571744,34469.63188571744,0.0,21381.97766213689,0.0,0.0,21381.97766213689,0,2,0,0.0
2025-09-05,更新至18:00,34469.63188571744,34469.63188571744,0.0,21381.97766213689,0.0,0.0,21381.97766213689,0,3,0,0.0
2025-09-06,仅0:00预报,36114.75700564285,36114.75700564285,0.0,21956.03465205538,0.0,0.0,21956.03465205538,0,0,0,0.0
2025-09-06,更新至6:00,36114.75700564285,36114.75700564285,0.0,21956.03465205538,0.0,0.0,21956.03465205538,0,1,0,0.0
2025-09-06,更新至12:00,36114.75700564285,36114.75700564285,0.0,21956.03465205538,0.0,0.0,21956.03465205538,0,2,0,0.0
2025-09-06,更新至18:00,36114.75700564285,36114.75700564285,0.0,21956.03465205538,0.0,0.0,21956.03465205538,0,3,0,0.0
2025-09-07,仅0:00预报,66790.04486425586,66790.04486425586,1.1368683772161603e-13,43893.928946746724,0.0,4.889102456218097e-13,43893.928946746724,0,0,0,0.0
2025-09-07,更新至6:00,66790.04486425586,72762.20818636788,1.1368683772161603e-13,43893.928946746724,4186.396033913841,4.889102456218097e-13,48080.32498066057,1,0,0,2266.7407839498483
2025-09-07,更新至12:00,66790.04486425586,70904.10077355923,1.1368683772161603e-13,43893.928946746724,2983.2285373186564,4.889102456218097e-13,46877.15748406538,2,0,0,3549.6597193352645
2025-09-07,更新至18:00,66790.04486425586,70842.61735560342,1.1368683772161603e-13,43893.928946746724,3021.7377870653913,4.889102456218097e-13,46915.66673381212,3,0,1,
2025-09-08,仅0:00预报,68253.08551450813,68253.08551450813,3.410605131648481e-13,44312.48010666059,0.0,1.6949570635915735e-12,44312.48010666059,0,0,0,0.0
2025-09-08,更新至6:00,68253.08551450813,68670.51151435281,1.1368683772161603e-13,44312.48010666059,459.4498997368711,4.73733052785974e-13,44771.93000639746,1,0,0,373.7393613774475
2025-09-08,更新至12:00,68253.08551450813,69868.00798740578,1.1368683772161603e-13,44312.48010666059,1694.7773510097786,4.73733052785974e-13,46007.25745767036,2,0,0,1082.8544003721327
2025-09-08,更新至18:00,68253.08551450813,69863.04284028332,1.1368683772161603e-13,44312.48010666059,1697.8674103214462,4.73733052785974e-13,46010.34751698203,3,0,1,
2025-09-09,仅0:00预报,61044.852384491336,61044.852384491336,3.410605131648481e-13,40201.80056056796,0.0,1.4168790585245007e-12,40201.80056056796,0,0,0,0.0
2025-09-09,更新至6:00,61044.852384491336,65252.08570897883,2.2737367544323206e-13,40201.80056056796,3678.9542908167796,1.0417124940431677e-12,43880.754851384736,1,0,0,2540.8483584172936
2025-09-09,更新至12:00,61044.852384491336,62412.68459653028,2.2737367544323206e-13,40201.80056056796,1316.1054904853586,1.0417124940431677e-12,41517.906051053316,2,0,0,4095.4238415938016
2025-09-09,更新至18:00,61044.852384491336,62412.68459653028,2.2737367544323206e-13,40201.80056056796,1316.1054904853586,1.0417124940431677e-12,41517.906051053316,2,1,0,4095.4238415938016
2025-09-10,仅0:00预报,72171.44826046194,72171.44826046194,0.0,46531.894960982616,0.0,0.0,46531.894960982616,0,0,0,0.0
2025-09-10,更新至6:00,72171.44826046194,72171.44826046194,0.0,46531.894960982616,0.0,0.0,46531.894960982616,0,1,0,5.72804654664651
2025-09-10,更新至12:00,72171.44826046194,72329.05928079528,0.0,46531.894960982616,198.56048409497657,0.0,46730.45544507759,1,1,0,22.050829140120186
2025-09-10,更新至18:00,72171.44826046194,72329.05928079528,0.0,46531.894960982616,198.56048409497657,0.0,46730.45544507759,1,2,0,22.050829140134738
2025-09-11,仅0:00预报,70907.26298079643,70907.26298079643,1.1368683772161603e-13,46431.27012984773,0.0,4.978915058018174e-13,46431.27012984773,0,0,0,0.0
2025-09-11,更新至6:00,70907.26298079643,70907.26298079643,1.1368683772161603e-13,46431.27012984773,0.0,4.978915058018174e-13,46431.27012984773,0,1,0,0.0
2025-09-11,更新至12:00,70907.26298079643,70907.26298079643,1.1368683772161603e-13,46431.27012984773,0.0,4.978915058018174e-13,46431.27012984773,0,2,0,0.0
2025-09-11,更新至18:00,70907.26298079643,70861.7086253406,1.1368683772161603e-13,46431.27012984773,28.521581950878634,4.978915058018174e-13,46459.791711798614,1,2,1,
2025-09-12,仅0:00预报,34198.60831009646,34198.60831009646,0.0,20482.98612692652,0.0,0.0,20482.98612692652,0,0,0,0.0
2025-09-12,更新至6:00,34198.60831009646,34198.60831009646,0.0,20482.98612692652,0.0,0.0,20482.98612692652,0,1,0,0.0
2025-09-12,更新至12:00,34198.60831009646,34527.44938072145,0.0,20482.98612692652,412.28184958590583,0.0,20895.267976512427,1,1,0,132.6930552506019
2025-09-12,更新至18:00,34198.60831009646,34527.44938072145,0.0,20482.98612692652,412.28184958590583,0.0,20895.267976512427,1,2,0,132.6930552506019
2025-09-13,仅0:00预报,34507.25933880982,34507.25933880982,0.0,20804.41307742867,0.0,0.0,20804.41307742867,0,0,0,0.0
2025-09-13,更新至6:00,34507.25933880982,34507.25933880982,0.0,20804.41307742867,0.0,0.0,20804.41307742867,0,1,0,0.0
2025-09-13,更新至12:00,34507.25933880982,34507.25933880982,0.0,20804.41307742867,0.0,0.0,20804.41307742867,0,2,0,0.0
2025-09-13,更新至18:00,34507.25933880982,34507.25933880982,0.0,20804.41307742867,0.0,0.0,20804.41307742867,0,3,0,0.0
2025-09-14,仅0:00预报,76996.7929698987,76996.7929698987,0.0,50313.29904672735,0.0,0.0,50313.29904672735,0,0,0,0.0
2025-09-14,更新至6:00,76996.7929698987,77361.48344563262,0.0,50313.29904672735,397.38407434095666,0.0,50710.68312106831,1,0,0,54.442631263445946
2025-09-14,更新至12:00,76996.7929698987,77119.80770115984,0.0,50313.29904672735,129.21823361060666,0.0,50442.517280337954,2,0,0,263.9258527344209
2025-09-14,更新至18:00,76996.7929698987,77021.1512498707,0.0,50313.29904672735,190.64569975711925,0.0,50503.94474648447,3,0,1,
2025-09-15,仅0:00预报,60287.76020188196,60287.76020188196,989.9372148333308,39661.65940872949,0.0,5261.36000069032,44923.01940941981,0,0,0,0.0
2025-09-15,更新至6:00,60287.76020188196,60287.76020188196,989.9372148333308,39661.65940872949,0.0,5261.36000069032,44923.01940941981,0,1,0,4.850919399759732
2025-09-15,更新至12:00,60287.76020188196,60396.010420737926,989.9372148333308,39661.65940872949,142.84126183972,5261.36000069032,45065.86067125953,1,1,0,13.379652157542296
2025-09-15,更新至18:00,60287.76020188196,60396.010420737926,989.9372148333308,39661.65940872949,142.84126183972,5261.36000069032,45065.86067125953,1,2,0,13.379652157542296
2025-09-16,仅0:00预报,72589.50376139731,72589.50376139731,1.1368683772161603e-13,45944.50673536316,0.0,4.889102456218097e-13,45944.50673536316,0,0,0,0.0
2025-09-16,更新至6:00,72589.50376139731,72936.3141221473,1.1368683772161603e-13,45944.50673536316,460.4270158962005,4.889102456218097e-13,46404.93375125936,1,0,0,27.754018552193884
2025-09-16,更新至12:00,72589.50376139731,72865.14840898063,1.1368683772161603e-13,45944.50673536316,366.70550729867887,4.889102456218097e-13,46311.21224266184,2,0,0,65.21885167219443
2025-09-16,更新至18:00,72589.50376139731,72845.91468644381,1.1368683772161603e-13,45944.50673536316,378.67561451947665,4.889102456218097e-13,46323.182349882634,3,0,1,
2025-09-17,仅0:00预报,68719.48211002407,68719.48211002407,7.62916666666672,44438.034121671924,0.0,34.70889375000024,44472.743015421926,0,0,0,0.0
2025-09-17,更新至6:00,68719.48211002407,68810.12726002406,7.62916666666672,44438.034121671924,110.41913367499782,34.70889375000024,44583.16214909693,1,0,0,12.07070743291115
2025-09-17,更新至12:00,68719.48211002407,68777.35617669072,7.62916666666672,44438.034121671924,65.37688965499785,34.70889375000024,44538.11990507692,2,0,0,57.112951452916604
2025-09-17,更新至18:00,68719.48211002407,68740.75192008392,7.62916666666672,44438.034121671924,88.15754875424842,34.70889375000024,44560.900564176176,3,0,1,
2025-09-18,仅0:00预报,61098.29967337081,61098.29967337081,368.1182232499907,39891.954058577794,0.0,2516.099290545268,42408.05334912306,0,0,0,0.0
2025-09-18,更新至6:00,61098.29967337081,68251.63595131242,2.2737367544323206e-13,39891.954058577794,6396.486489629018,1.2531700122053735e-12,46288.44054820681,1,0,0,5284.4401241942105
2025-09-18,更新至12:00,61098.29967337081,64352.47817485539,2.2737367544323206e-13,39891.954058577794,2978.5403607424278,1.2531700122053735e-12,42870.494419320225,2,0,0,8039.532099622229
2025-09-18,更新至18:00,61098.29967337081,64352.47817485539,2.2737367544323206e-13,39891.954058577794,2978.5403607424278,1.2531700122053735e-12,42870.494419320225,2,1,0,8039.532099622229
2025-09-19,仅0:00预报,31511.22022372332,31511.22022372332,0.0,18806.02715188567,0.0,0.0,18806.02715188567,0,0,0,0.0
2025-09-19,更新至6:00,31511.22022372332,32431.472891181656,0.0,18806.02715188567,1102.0930698122236,0.0,19908.120221697896,1,0,0,363.99731528035045
2025-09-19,更新至12:00,31511.22022372332,31649.63144072332,0.0,18806.02715188567,148.94123225594927,0.0,18954.968384141623,2,0,0,1110.778957216622
2025-09-19,更新至18:00,31511.22022372332,31649.63144072332,0.0,18806.02715188567,148.94123225594927,0.0,18954.968384141623,2,1,0,1110.778957216622
2025-09-20,仅0:00预报,33269.66777312258,33269.66777312258,1.1368683772161603e-13,19551.2323206991,0.0,2.1105961423018016e-13,19551.2323206991,0,0,0,0.0
2025-09-20,更新至6:00,33269.66777312258,33467.69520408091,1.1368683772161603e-13,19551.2323206991,237.848078967583,2.1105961423018016e-13,19789.08039966668,1,0,0,78.58629346920497
2025-09-20,更新至12:00,33269.66777312258,33269.66777312258,1.1368683772161603e-13,19551.2323206991,0.0,2.1105961423018016e-13,19551.2323206991,2,0,0,281.88869128578517
2025-09-20,更新至18:00,33269.66777312258,33269.66777312258,1.1368683772161603e-13,19551.2323206991,0.0,2.1105961423018016e-13,19551.2323206991,2,1,0,281.88869128578517
2025-09-21,仅0:00预报,68509.25680965144,68509.25680965144,2.2737367544323206e-13,44114.45305894208,0.0,4.2211922846036033e-13,44114.45305894208,0,0,0,0.0
2025-09-21,更新至6:00,68509.25680965144,68509.25680965144,2.2737367544323206e-13,44114.45305894208,0.0,4.2211922846036033e-13,44114.45305894208,0,1,0,0.0
2025-09-21,更新至12:00,68509.25680965144,68694.57927110979,2.2737367544323206e-13,44114.45305894208,210.07891283998563,4.2211922846036033e-13,44324.53197178207,1,1,0,69.29514349893725
2025-09-21,更新至18:00,68509.25680965144,68689.55757168529,2.2737367544323206e-13,44114.45305894208,213.23279116353882,4.2211922846036033e-13,44327.68585010562,2,1,1,
2025-09-22,仅0:00预报,69287.17278088308,69287.17278088308,29.848094034982296,44114.71655356465,0.0,182.84697495754727,44297.563528522194,0,0,0,0.0
2025-09-22,更新至6:00,69287.17278088308,69287.17278088308,29.848094034982296,44114.71655356465,0.0,182.84697495754727,44297.563528522194,0,1,0,0.0
2025-09-22,更新至12:00,69287.17278088308,69287.17278088308,29.848094034982296,44114.71655356465,0.0,182.84697495754727,44297.563528522194,0,2,0,0.0
2025-09-22,更新至18:00,69287.17278088308,69287.17278088308,29.848094034982296,44114.71655356465,0.0,182.84697495754727,44297.563528522194,0,3,0,0.0
2025-09-23,仅0:00预报,68213.01807778841,68213.01807778841,6.375000000000114,44123.78746673523,0.0,42.99618750000046,44166.78365423523,0,0,0,0.0
2025-09-23,更新至6:00,68213.01807778841,68213.01807778841,6.375000000000114,44123.78746673523,0.0,42.99618750000046,44166.78365423523,0,1,0,0.0
2025-09-23,更新至12:00,68213.01807778841,68213.01807778841,6.375000000000114,44123.78746673523,0.0,42.99618750000046,44166.78365423523,0,2,0,0.0
2025-09-23,更新至18:00,68213.01807778841,68172.9505717571,6.375000000000114,44123.78746673523,25.08626552620256,42.99618750000046,44191.86991976143,1,2,1,
2025-09-24,仅0:00预报,60615.993936082676,60615.993936082676,3214.496702374994,39060.7060752313,0.0,21429.678343790096,60490.38441902139,0,0,0,0.0
2025-09-24,更新至6:00,60615.993936082676,61757.16443962434,2084.043522499998,39060.7060752313,1382.4567018182108,14075.507127595854,54518.669904645365,1,0,0,357.99879624613095
2025-09-24,更新至12:00,60615.993936082676,64079.14263527301,172.04473594457318,39060.7060752313,3116.0949376725475,1200.1840779493425,43376.98509085319,2,0,0,1176.4405976797134
2025-09-24,更新至18:00,60615.993936082676,64261.86162780092,0.0,39060.7060752313,3472.564230868159,0.0,42533.27030609945,3,0,0,1325.3370886139164
2025-09-25,仅0:00预报,67021.61400060596,67021.61400060596,15.371666666666783,42697.75186789412,0.0,103.49743166666718,42801.24929956079,0,0,0,0.0
2025-09-25,更新至6:00,67021.61400060596,68364.25596689762,15.371666666666783,42697.75186789412,1496.2654995174955,103.49743166666717,44297.514799078286,1,0,0,747.2634003318235
2025-09-25,更新至12:00,67021.61400060596,68364.25596689762,15.371666666666783,42697.75186789412,1496.2654995174955,103.49743166666717,44297.514799078286,1,1,0,747.4089009925519
2025-09-25,更新至18:00,67021.61400060596,68364.25596689762,15.371666666666783,42697.75186789412,1496.2654995174955,103.49743166666717,44297.514799078286,1,2,0,747.4089009925519
2025-09-26,仅0:00预报,30858.21772944693,30858.21772944693,5.684341886080802e-14,17732.105900905175,0.0,2.689262146304827e-13,17732.105900905175,0,0,0,0.0
2025-09-26,更新至6:00,30858.21772944693,30915.65582351689,5.684341886080802e-14,17732.105900905175,59.439811648295475,2.689262146304827e-13,17791.54571255347,1,0,0,19.8132705494354
2025-09-26,更新至12:00,30858.21772944693,30915.65582351689,5.684341886080802e-14,17732.105900905175,59.439811648295475,2.689262146304827e-13,17791.54571255347,1,1,0,19.8132705494354
2025-09-26,更新至18:00,30858.21772944693,30915.65582351689,5.684341886080802e-14,17732.105900905175,59.439811648295475,2.689262146304827e-13,17791.54571255347,1,2,0,19.813270549442677
2025-09-27,仅0:00预报,32352.151918375,32352.151918375,416.9969715416646,18274.61249467727,0.0,1858.072018173821,20132.68451285109,0,0,0,0.0
2025-09-27,更新至6:00,32352.151918375,32533.167138833327,276.3685467916655,18274.61249467727,208.45744118311845,1291.932503057826,19775.002438918214,1,0,0,77.49756637660175
2025-09-27,更新至12:00,32352.151918375,32484.94650979166,284.20238012499846,18274.61249467727,153.4472081347994,1346.5813243911566,19774.641027203226,2,0,0,106.96639603180665
2025-09-27,更新至18:00,32352.151918375,32484.94650979166,284.20238012499846,18274.61249467727,153.4472081347994,1346.5813243911566,19774.641027203226,2,1,0,106.96639603180665
2025-09-28,仅0:00预报,67458.43604414864,67458.43604414864,2314.0504209999986,42671.655189921126,0.0,15611.585531306355,58283.240721227485,0,0,0,0.0
2025-09-28,更新至6:00,67458.43604414864,74583.43076377014,0.0,42671.655189921126,6096.525406554705,0.0,48768.18059647583,1,0,0,4298.673250209351
2025-09-28,更新至12:00,67458.43604414864,73422.99228413845,0.0,42671.655189921126,4996.356534387204,0.0,47668.01172430833,2,0,0,4898.188439435282
2025-09-28,更新至18:00,67458.43604414864,73632.18082152013,0.0,42671.655189921126,5320.64229924928,0.0,47992.29748917041,3,0,0,4999.244300040504
2025-09-29,仅0:00预报,65175.380564328974,65175.380564328974,1540.5138792016512,41468.31794216341,0.0,9295.77104634133,50764.08898850474,0,0,0,0.0
2025-09-29,更新至6:00,65175.380564328974,65175.380564328974,1540.5138792016512,41468.31794216341,0.0,9295.77104634133,50764.08898850474,0,1,0,0.0
2025-09-29,更新至12:00,65175.380564328974,65175.380564328974,1540.5138792016512,41468.31794216341,0.0,9295.77104634133,50764.08898850474,0,2,0,0.0
2025-09-29,更新至18:00,65175.380564328974,65551.03064569729,1217.8240844747893,41468.31794216341,565.8289030623694,7612.536673923032,49646.68351914881,1,2,0,213.81887992133852
2025-09-30,仅0:00预报,65201.33706255144,65201.33706255144,3958.3486128431095,41639.68945796735,0.0,23107.02091669594,64746.71037466329,0,0,0,0.0
2025-09-30,更新至6:00,65201.33706255144,67860.56664800979,1476.937779884776,41639.68945796735,3156.3501054784483,9532.872085442816,54328.91164888862,1,0,0,2253.154906462296
2025-09-30,更新至12:00,65201.33706255144,67975.66549353446,1383.7077150097834,41639.68945796735,3254.4488515191333,8903.26808648508,53797.40639597157,2,0,0,2273.5934611370903
2025-09-30,更新至18:00,65201.33706255144,68715.4023917109,667.8700129454743,41639.68945796735,4649.305550103103,4359.6009226867545,50648.59593075721,3,0,0,2956.606988892978
2025-10-01,仅0:00预报,61458.33297375154,61458.33297375154,316.2192717500051,38403.82200199623,0.0,1673.2498611579024,40077.07186315413,0,0,0,0.0
2025-10-01,更新至6:00,61458.33297375154,62216.057172751534,3.410605131648481e-13,38403.82200199623,874.8705382046588,1.5606929082423448e-12,39278.69254020089,1,0,0,289.5481175477762
2025-10-01,更新至12:00,61458.33297375154,62091.8085496682,3.410605131648481e-13,38403.82200199623,739.1316460900564,1.5606929082423448e-12,39142.95364808629,2,0,0,334.79441491932084
2025-10-01,更新至18:00,61458.33297375154,62091.8085496682,3.410605131648481e-13,38403.82200199623,739.1316460900564,1.5606929082423448e-12,39142.95364808629,2,1,0,334.79441491932084
2025-10-02,仅0:00预报,64720.83463540683,64720.83463540683,0.0,41220.22285001807,0.0,0.0,41220.22285001807,0,0,0,0.0
2025-10-02,更新至6:00,64720.83463540683,64720.83463540683,0.0,41220.22285001807,0.0,0.0,41220.22285001807,0,1,0,1.4551915228366852e-11
2025-10-02,更新至12:00,64720.83463540683,64720.83463540683,0.0,41220.22285001807,0.0,0.0,41220.22285001807,0,2,0,0.0
2025-10-02,更新至18:00,64720.83463540683,64333.3952091177,0.0,41220.22285001807,242.32711186125016,0.0,41462.549961879326,1,2,1,
2025-10-03,仅0:00预报,25969.47322711294,25969.47322711294,572.2424946249917,14655.191228773094,0.0,2303.1971398440073,16958.388368617103,0,0,0,0.0
2025-10-03,更新至6:00,25969.47322711294,26535.626092571267,62.5843624999996,14655.191228773094,672.4478490207027,256.5828924083319,15584.221970202128,1,0,0,1119.376529486639
2025-10-03,更新至12:00,25969.47322711294,26535.626092571267,62.5843624999996,14655.191228773094,672.4478490207027,256.5828924083319,15584.221970202128,1,1,0,1119.376529486639
2025-10-03,更新至18:00,25969.47322711294,26535.626092571267,62.5843624999996,14655.191228773094,672.4478490207027,256.5828924083319,15584.221970202128,1,2,0,1119.376529486639
2025-10-04,仅0:00预报,29558.954524151457,29558.954524151457,16.2159760833311,16503.59254149517,0.0,55.93700949945067,16559.529550994623,0,0,0,0.0
2025-10-04,更新至6:00,29558.954524151457,29558.954524151457,16.2159760833311,16503.59254149517,0.0,55.93700949945067,16559.529550994623,0,1,0,0.0
2025-10-04,更新至12:00,29558.954524151457,29558.954524151457,16.2159760833311,16503.59254149517,0.0,55.93700949945067,16559.529550994623,0,2,0,-7.275957614183426e-12
2025-10-04,更新至18:00,29558.954524151457,29558.954524151457,16.2159760833311,16503.59254149517,0.0,55.93700949945067,16559.529550994623,0,3,0,-3.637978807091713e-12
2025-10-05,仅0:00预报,68420.17673286048,68420.17673286048,1.1368683772161603e-13,42789.65266996638,0.0,5.208562470215839e-13,42789.65266996638,0,0,0,0.0
2025-10-05,更新至6:00,68420.17673286048,68420.17673286048,1.1368683772161603e-13,42789.65266996638,0.0,5.208562470215839e-13,42789.65266996638,0,1,0,0.0
2025-10-05,更新至12:00,68420.17673286048,68420.17673286048,1.1368683772161603e-13,42789.65266996638,0.0,5.208562470215839e-13,42789.65266996638,0,2,0,0.0
2025-10-05,更新至18:00,68420.17673286048,68420.17673286048,1.1368683772161603e-13,42789.65266996638,0.0,5.208562470215839e-13,42789.65266996638,0,3,0,0.0
2025-10-06,仅0:00预报,56501.26770113929,56501.26770113929,3607.54994564242,36132.34410462764,0.0,21102.199875531314,57234.54398015895,0,0,0,0.0
2025-10-06,更新至6:00,56501.26770113929,60093.19560554919,585.5824184649982,36132.34410462764,3215.829293146435,3971.4302870928695,43319.60368486695,1,0,0,3930.631493785593
2025-10-06,更新至12:00,56501.26770113929,60089.88187269169,381.33937987500417,36132.34410462764,3301.2876663248862,2603.2354326196955,42036.86720357223,2,0,0,4283.185260592058
2025-10-06,更新至18:00,56501.26770113929,61083.59843731669,0.0,36132.34410462764,5301.037898651111,0.0,41433.382003278755,3,0,0,5277.133190646011
2025-10-07,仅0:00预报,61337.51099969995,61337.51099969995,621.7772042499948,38825.929698504144,0.0,3147.768972573306,41973.69867107745,0,0,0,0.0
2025-10-07,更新至6:00,61337.51099969995,64346.84220922453,0.0,38825.929698504144,2913.567449128597,0.0,41739.49714763274,1,0,0,837.0485926847468
2025-10-07,更新至12:00,61337.51099969995,63999.8166090776,0.0,38825.929698504144,2712.026930858125,0.0,41537.95662936227,2,0,0,1187.4237588553224
2025-10-07,更新至18:00,61337.51099969995,63929.18167171279,0.0,38825.929698504144,2755.9865841271167,0.0,41581.91628263126,3,0,1,
2025-10-08,仅0:00预报,60606.621146704725,60606.621146704725,764.4802303333328,37826.56474426119,0.0,4015.5518286014967,41842.11657286269,0,0,0,0.0
2025-10-08,更新至6:00,60606.621146704725,61873.826813550375,2.2737367544323206e-13,37826.56474426119,1536.8774049198128,1.1075371730839833e-12,39363.442149181,1,0,0,618.2875426700921
2025-10-08,更新至12:00,60606.621146704725,61611.59073594324,2.2737367544323206e-13,37826.56474426119,1229.2150434459381,1.1075371730839833e-12,39055.77978770713,2,0,0,650.2213725697802
2025-10-08,更新至18:00,60606.621146704725,61611.59073594324,2.2737367544323206e-13,37826.56474426119,1229.2150434459381,1.1075371730839833e-12,39055.77978770713,2,1,0,650.2213725697802
2025-10-09,仅0:00预报,64474.25408395797,64474.25408395797,0.0,40815.936730653906,0.0,0.0,40815.936730653906,0,0,0,0.0
2025-10-09,更新至6:00,64474.25408395797,64474.25408395797,0.0,40815.936730653906,0.0,0.0,40815.936730653906,0,1,0,0.0
2025-10-09,更新至12:00,64474.25408395797,64474.25408395797,0.0,40815.936730653906,0.0,0.0,40815.936730653906,0,2,0,0.0
2025-10-09,更新至18:00,64474.25408395797,64474.25408395797,0.0,40815.936730653906,0.0,0.0,40815.936730653906,0,3,0,0.0
2025-10-10,仅0:00预报,28531.39151879225,28531.39151879225,2.690972237652545,15503.371727223406,0.0,9.282508733782453,15512.654235957189,0,0,0,0.0
2025-10-10,更新至6:00,28531.39151879225,28531.39151879225,2.690972237652545,15503.371727223406,0.0,9.282508733782453,15512.654235957189,0,1,0,0.0
2025-10-10,更新至12:00,28531.39151879225,28531.39151879225,2.690972237652545,15503.371727223406,0.0,9.282508733782453,15512.654235957189,0,2,0,0.0
2025-10-10,更新至18:00,28531.39151879225,28531.39151879225,2.690972237652545,15503.371727223406,0.0,9.282508733782453,15512.654235957189,0,3,0,0.0
2025-10-11,仅0:00预报,30758.590621681593,30758.590621681593,0.0,16651.11550178317,0.0,0.0,16651.11550178317,0,0,0,0.0
2025-10-11,更新至6:00,30758.590621681593,30963.726253139925,0.0,16651.11550178317,222.5764235426223,0.0,16873.69192532579,1,0,0,74.19214118086893
2025-10-11,更新至12:00,30758.590621681593,30963.726253139925,0.0,16651.11550178317,222.5764235426223,0.0,16873.69192532579,1,1,0,74.19214118086893
2025-10-11,更新至18:00,30758.590621681593,30963.726253139925,0.0,16651.11550178317,222.5764235426223,0.0,16873.69192532579,1,2,0,74.19214118086893
2025-10-12,仅0:00预报,64796.675348982564,64796.675348982564,323.6281572852049,39901.99360230108,0.0,2206.9830500070057,42108.97665230809,0,0,0,0.0
2025-10-12,更新至6:00,64796.675348982564,65214.42611423966,1.1368683772161603e-13,39901.99360230108,462.04153542092115,5.129550117999315e-13,40364.035137722,1,0,0,190.86174103464873
2025-10-12,更新至12:00,64796.675348982564,64796.675348982564,323.6281572852049,39901.99360230108,0.0,2206.9830500070057,42108.97665230809,2,0,0,269.98374185780995
2025-10-12,更新至18:00,64796.675348982564,65025.383235434434,94.92027083333414,39901.99360230108,460.26860922681044,662.1638093333388,41024.42602086123,3,0,0,396.4138863150729
2025-10-13,仅0:00预报,59513.902864987955,59513.902864987955,1750.2254164166684,37774.90919563121,0.0,8284.002834091814,46058.912029723026,0,0,0,0.0
2025-10-13,更新至6:00,59513.902864987955,61050.9612855713,221.55531533333067,37774.90919563121,1887.7588732106183,1107.2859092186532,40769.95397806048,1,0,0,3570.0755912510213
2025-10-13,更新至12:00,59513.902864987955,61050.9612855713,221.55531533333067,37774.90919563121,1887.7588732106183,1107.2859092186532,40769.95397806048,1,1,0,3570.075591251036
2025-10-13,更新至18:00,59513.902864987955,61050.9612855713,221.55531533333067,37774.90919563121,1887.7588732106183,1107.2859092186532,40769.95397806048,1,2,0,3570.075591251036
2025-10-14,仅0:00预报,69856.31834971363,69856.31834971363,1084.3010486666712,44161.62905279336,0.0,5521.241118085024,49682.870170878385,0,0,0,0.0
2025-10-14,更新至6:00,69856.31834971363,70732.94385074623,383.16674058333354,44161.62905279336,1054.8151256540937,1887.9551058495424,47104.399284297,1,0,0,475.56923721084604
2025-10-14,更新至12:00,69856.31834971363,70732.94385074623,383.16674058333354,44161.62905279336,1054.8151256540937,1887.9551058495424,47104.399284297,1,1,0,475.7400336698629
2025-10-14,更新至18:00,69856.31834971363,70732.94385074623,383.16674058333354,44161.62905279336,1054.8151256540937,1887.9551058495424,47104.399284297,1,2,0,475.7400336698629
2025-10-15,仅0:00预报,68117.52127442112,68117.52127442112,482.57716666666977,42621.11232997954,0.0,2439.741281383349,45060.853611362894,0,0,0,0.0
2025-10-15,更新至6:00,68117.52127442112,69234.16030429612,2.2737367544323206e-13,42621.11232997954,1235.4355508525014,1.0746248335635756e-12,43856.54788083205,1,0,0,1045.3857764724671
2025-10-15,更新至12:00,68117.52127442112,69234.16030429612,2.2737367544323206e-13,42621.11232997954,1235.4355508525014,1.0746248335635756e-12,43856.54788083205,1,1,0,1045.3857764724671
2025-10-15,更新至18:00,68117.52127442112,69234.16030429612,2.2737367544323206e-13,42621.11232997954,1235.4355508525014,1.0746248335635756e-12,43856.54788083205,1,2,0,1045.3857764724671
2025-10-16,仅0:00预报,67986.29025870882,67986.29025870882,590.8016819583332,42328.98468703063,0.0,2993.9493296774986,45322.934016708125,0,0,0,0.0
2025-10-16,更新至6:00,67986.29025870882,68717.37584520574,2.2737367544323206e-13,42328.98468703063,891.2102315928929,1.0115854820469394e-12,43220.19491862352,1,0,0,1557.2610796363297
2025-10-16,更新至12:00,67986.29025870882,68717.37584520574,2.2737367544323206e-13,42328.98468703063,891.2102315928929,1.0115854820469394e-12,43220.19491862352,1,1,0,1557.2610796363297
2025-10-16,更新至18:00,67986.29025870882,68717.37584520574,2.2737367544323206e-13,42328.98468703063,891.2102315928929,1.0115854820469394e-12,43220.19491862352,1,2,0,1557.2610796363297
2025-10-17,仅0:00预报,27892.942219790013,27892.942219790013,739.5141425416625,14727.497694152753,0.0,3449.405779658565,18176.90347381132,0,0,0,0.0
2025-10-17,更新至6:00,27892.942219790013,28463.872045665008,265.70357916666586,14727.497694152753,654.8039615458208,1623.1999190291615,17005.501574727736,1,0,0,1019.7313471866619
2025-10-17,更新至12:00,27892.942219790013,28490.52660954001,239.0490152916612,14727.497694152753,687.0093383477945,1460.260570061258,16874.767602561806,2,0,0,1030.4664727873205
2025-10-17,更新至18:00,27892.942219790013,28652.502858165008,101.71034311665755,14727.497694152753,972.3867607368127,620.7092670554609,16320.593721945026,3,0,0,1105.5451083715488
2025-10-18,仅0:00预报,32159.507226830247,32159.507226830247,183.20194008333294,17104.86725856946,0.0,733.1162187068319,17837.98347727629,0,0,0,0.0
2025-10-18,更新至6:00,32159.507226830247,32612.495271080243,2.2737367544323206e-13,17104.86725856946,509.97712097227463,1.0300595931767022e-12,17614.844379541733,1,0,0,450.90865508020215
2025-10-18,更新至12:00,32159.507226830247,32612.495271080243,2.2737367544323206e-13,17104.86725856946,509.97712097227463,1.0300595931767022e-12,17614.844379541733,1,1,0,450.9086550801949
2025-10-18,更新至18:00,32159.507226830247,32612.495271080243,2.2737367544323206e-13,17104.86725856946,509.97712097227463,1.0300595931767022e-12,17614.844379541733,1,2,0,450.9086550801985
2025-10-19,仅0:00预报,69655.79490033626,69655.79490033626,1.1368683772161603e-13,43682.65813139773,0.0,4.531557351583615e-13,43682.65813139773,0,0,0,0.0
2025-10-19,更新至6:00,69655.79490033626,73723.21369483214,1.1368683772161603e-13,43682.65813139773,2978.4880431846996,4.531557351583615e-13,46661.14617458243,1,0,0,936.7775454396324
2025-10-19,更新至12:00,69655.79490033626,72766.3147028054,1.1368683772161603e-13,43682.65813139773,2268.8415060866673,4.531557351583615e-13,45951.4996374844,2,0,0,1508.1930776924855
2025-10-19,更新至18:00,69655.79490033626,72766.3147028054,1.1368683772161603e-13,43682.65813139773,2268.8415060866673,4.531557351583615e-13,45951.4996374844,2,1,0,1508.1930776924855
2025-10-20,仅0:00预报,69999.54183824317,69999.54183824317,2.2737367544323206e-13,45228.57277865094,0.0,4.2211922846036033e-13,45228.57277865094,0,0,0,0.0
2025-10-20,更新至6:00,69999.54183824317,69999.54183824317,2.2737367544323206e-13,45228.57277865094,0.0,4.2211922846036033e-13,45228.57277865094,0,1,0,0.0
2025-10-20,更新至12:00,69999.54183824317,69999.54183824317,2.2737367544323206e-13,45228.57277865094,0.0,4.2211922846036033e-13,45228.57277865094,0,2,0,0.0
2025-10-20,更新至18:00,69999.54183824317,69999.54183824317,2.2737367544323206e-13,45228.57277865094,0.0,4.2211922846036033e-13,45228.57277865094,0,3,0,0.0
2025-10-21,仅0:00预报,69314.91532682246,69314.91532682246,1052.6500382916724,43016.38946008289,0.0,6094.73262852249,49111.122088605385,0,0,0,0.0
2025-10-21,更新至6:00,69314.91532682246,72530.43278237802,1.1368683772161603e-13,43016.38946008289,2709.4370358739634,5.537685865419916e-13,45725.826495956855,1,0,0,1904.3698699127126
2025-10-21,更新至12:00,69314.91532682246,72015.2022087669,1.1368683772161603e-13,43016.38946008289,2353.3777418602135,5.537685865419916e-13,45369.767201943105,2,0,0,2260.42916392647
2025-10-21,更新至18:00,69314.91532682246,72015.2022087669,1.1368683772161603e-13,43016.38946008289,2353.3777418602135,5.537685865419916e-13,45369.767201943105,2,1,0,2260.42916392647
2025-10-22,仅0:00预报,66954.55237141249,66954.55237141249,1587.2186884583289,42582.70468849117,0.0,10455.402507881092,53038.107196372264,0,0,0,0.0
2025-10-22,更新至6:00,66954.55237141249,68515.98466892997,394.64736579166504,42582.70468849117,1273.44717474271,2527.8503851328824,46384.002248366756,1,0,0,494.14103000472824
2025-10-22,更新至12:00,66954.55237141249,68466.64686036688,392.36294855999927,42582.70468849117,1420.527174416044,2428.9644923320125,46432.196355239226,2,0,0,681.40609109652
2025-10-22,更新至18:00,66954.55237141249,68584.52219113521,277.3025083333323,42582.70468849117,1621.1408793760147,1742.1984410041587,45946.04400887134,3,0,0,781.33679911941
2025-10-23,仅0:00预报,77277.95844707474,77277.95844707474,755.4861188868352,48525.2622343742,0.0,5040.137388433814,53565.39962280801,0,0,0,0.0
2025-10-23,更新至6:00,77277.95844707474,77669.0594957373,368.08209101595025,48525.2622343742,491.09935010650435,2444.0096607054775,51460.37124518618,1,0,0,28.872833764355164
2025-10-23,更新至12:00,77277.95844707474,77743.95586807467,295.6119268452352,48525.2622343742,579.2316674252763,1957.4475898741111,51061.941491673584,2,0,0,38.5718376669538
2025-10-23,更新至18:00,77277.95844707474,78131.99156916991,0.0,48525.2622343742,1297.5265350479538,0.0,49822.78876942215,3,0,0,516.6300927767152
2025-10-24,仅0:00预报,30993.514066067422,30993.514066067422,1037.3713041666683,16017.909964671182,0.0,6349.740202270845,22367.650166942025,0,0,0,0.0
2025-10-24,更新至6:00,30993.514066067422,30993.514066067422,1037.3713041666683,16017.909964671182,0.0,6349.740202270845,22367.650166942025,0,1,0,1.3941656861643423
2025-10-24,更新至12:00,30993.514066067422,30993.514066067422,1037.3713041666683,16017.909964671182,0.0,6349.740202270845,22367.650166942025,0,2,0,1.3941656861643423
2025-10-24,更新至18:00,30993.514066067422,31296.073970234094,734.811399999998,16017.909964671182,554.8646082512569,4501.5167057354065,21074.291278657845,1,2,0,648.8231832872771
2025-10-25,仅0:00预报,34413.57853066578,34413.57853066578,539.984249999998,17760.67931532931,0.0,3095.0143341208213,20855.69364945013,0,0,0,0.0
2025-10-25,更新至6:00,34413.57853066578,34573.53619733244,380.0265833333315,17760.67931532931,218.40709997500062,2117.1931177874885,20096.2795330918,1,0,0,10.256937032911082
2025-10-25,更新至12:00,34413.57853066578,34692.57653066577,260.9862499999986,17760.67931532931,380.19265247000044,1389.4995601208252,19530.371527920135,2,0,0,18.125398970685637
2025-10-25,更新至18:00,34413.57853066578,34692.57653066577,260.9862499999986,17760.67931532931,380.19265247000044,1389.4995601208252,19530.371527920135,2,1,0,18.125398970685637
2025-10-26,仅0:00预报,72383.37993259501,72383.37993259501,431.1118856995856,45460.64386353221,0.0,2750.373417441144,48211.017280973356,0,0,0,0.0
2025-10-26,更新至6:00,72383.37993259501,72902.43856592834,0.0,45460.64386353221,686.79526554,0.0,46147.43912907221,1,0,0,127.95252574699407
2025-10-26,更新至12:00,72383.37993259501,73028.49917842835,0.0,45460.64386353221,847.9512157731243,0.0,46308.595079305334,2,0,0,140.34566355818242
2025-10-26,更新至18:00,72383.37993259501,73028.49917842835,0.0,45460.64386353221,847.9512157731243,0.0,46308.595079305334,2,1,0,140.34566355818242
2025-10-27,仅0:00预报,66015.36312368477,66015.36312368477,1882.0981959155251,41411.51621523921,0.0,12487.069658590435,53898.585873829645,0,0,0,0.0
2025-10-27,更新至6:00,66015.36312368477,75679.92808253897,74.6828380155182,41411.51621523921,8135.344369699647,344.35750307194803,49891.218088010806,1,0,0,7811.604918204699
2025-10-27,更新至12:00,66015.36312368477,73081.91771777614,21.00137451551916,41411.51621523921,5992.762971071072,98.40194029246499,47502.68112660274,2,0,0,10146.71136867856
2025-10-27,更新至18:00,66015.36312368477,73081.91771777614,21.00137451551916,41411.51621523921,5992.762971071072,98.40194029246499,47502.68112660274,2,1,0,10146.71136867856
2025-10-28,仅0:00预报,64298.81016862202,64298.81016862202,4720.158034820828,40703.35255751376,0.0,31572.981018217306,72276.33357573107,0,0,0,0.0
2025-10-28,更新至6:00,64298.81016862202,73377.31509147637,82.83527394583234,40703.35255751376,7117.224274340817,403.6988645012899,48224.275696355864,1,0,0,4086.914124621995
2025-10-28,更新至12:00,64298.81016862202,70641.64199886378,175.11541149999914,40703.35255751376,4816.3379020181455,1012.2092243889108,46531.89968392082,2,0,0,6306.599506974613
2025-10-28,更新至18:00,64298.81016862202,70695.09683915545,121.66057120833375,40703.35255751376,4919.620671687688,641.037906666961,46264.011135868415,3,0,0,6340.861081801981
2025-10-29,仅0:00预报,73089.98693298912,73089.98693298912,1252.6089975833272,45547.646555817155,0.0,7357.533178332424,52905.17973414958,0,0,0,0.0
2025-10-29,更新至6:00,73089.98693298912,74487.33225435333,819.9204181666644,45547.646555817155,1771.8368493877633,5242.0215181884005,52561.50492339332,1,0,0,2679.9673656068044
2025-10-29,更新至12:00,73089.98693298912,74487.33225435333,819.9204181666644,45547.646555817155,1771.8368493877633,5242.0215181884005,52561.50492339332,1,1,0,2679.9673656068044
2025-10-29,更新至18:00,73089.98693298912,74673.73145852,633.5212139999963,45547.646555817155,2131.9880717183914,3992.0069306729747,51671.64155820852,2,1,0,2799.5158997170074
2025-10-30,仅0:00预报,65908.91670648084,65908.91670648084,2631.5576517916597,41315.37391702258,0.0,17207.975259097784,58523.34917612036,0,0,0,0.0
2025-10-30,更新至6:00,65908.91670648084,66865.03887438207,1838.5347013678493,41315.37391702258,949.8207298047572,11971.206297610102,54236.40094443744,1,0,0,130.2271027231618
2025-10-30,更新至12:00,65908.91670648084,68274.77008394997,693.7319541250007,41315.37391702258,2341.6846542281464,4315.443302087525,47972.50187333825,2,0,0,674.502880572225
2025-10-30,更新至18:00,65908.91670648084,68525.30089444997,443.95562753718036,41315.37391702258,2825.747759735722,2643.3920975508904,46784.51377430919,3,0,0,835.8572490747611
2025-10-31,仅0:00预报,32052.57210987591,32052.57210987591,284.8706065833326,17292.080271395556,0.0,1334.2616095842056,18626.341880979762,0,0,0,0.0
2025-10-31,更新至6:00,32052.57210987591,32353.337199792575,0.0,17292.080271395556,322.98994923907503,0.0,17615.070220634632,1,0,0,365.8164255106749
2025-10-31,更新至12:00,32052.57210987591,32353.337199792575,0.0,17292.080271395556,322.98994923907503,0.0,17615.070220634632,1,1,0,365.8164255106749
2025-10-31,更新至18:00,32052.57210987591,32353.337199792575,0.0,17292.080271395556,322.98994923907503,0.0,17615.070220634632,1,2,0,365.8164255106749
2025-11-01,仅0:00预报,32971.3868850715,32971.3868850715,0.0,17399.780176557237,0.0,0.0,17399.780176557237,0,0,0,0.0
2025-11-01,更新至6:00,32971.3868850715,33151.03215023817,0.0,17399.780176557237,185.90590265772784,0.0,17585.686079214964,1,0,0,102.82623305981542
2025-11-01,更新至12:00,32971.3868850715,33151.03215023817,0.0,17399.780176557237,185.90590265772784,0.0,17585.686079214964,1,1,0,102.82623305981542
2025-11-01,更新至18:00,32971.3868850715,33151.03215023817,0.0,17399.780176557237,185.90590265772784,0.0,17585.686079214964,1,2,0,102.82623305981542
2025-11-02,仅0:00预报,71253.06748739301,71253.06748739301,2404.9624066666543,44612.773813918895,0.0,15477.572759628669,60090.34657354756,0,0,0,0.0
2025-11-02,更新至6:00,71253.06748739301,76814.9649720144,141.53308112500008,44612.773813918895,4514.3639046339,841.903757569142,49969.041476121936,1,0,0,7339.088430965887
2025-11-02,更新至12:00,71253.06748739301,74230.51453785802,141.5330811250003,44612.773813918895,2286.8049198206368,841.9037575691431,47741.48249130867,2,0,0,9448.047536348677
2025-11-02,更新至18:00,71253.06748739301,74227.65243125119,144.3951877318142,44612.773813918895,2288.5861518673873,861.8698132582766,47763.22977904456,3,0,1,
2025-11-03,仅0:00预报,77328.20078332108,77328.20078332108,0.0,48242.662194817894,0.0,0.0,48242.662194817894,0,0,0,0.0
2025-11-03,更新至6:00,77328.20078332108,77328.20078332108,0.0,48242.662194817894,0.0,0.0,48242.662194817894,0,1,0,0.0
2025-11-03,更新至12:00,77328.20078332108,77328.20078332108,0.0,48242.662194817894,0.0,0.0,48242.662194817894,0,2,0,0.0
2025-11-03,更新至18:00,77328.20078332108,77328.20078332108,0.0,48242.662194817894,0.0,0.0,48242.662194817894,0,3,0,0.0
2025-11-04,仅0:00预报,71239.08786876002,71239.08786876002,244.19213062499819,45822.25363859231,0.0,1290.8728095621336,47113.12644815444,0,0,0,0.0
2025-11-04,更新至6:00,71239.08786876002,74074.38294133164,244.19213062499819,45822.25363859231,2107.071068722957,1290.8728095621336,49220.1975168774,1,0,0,809.8764414160396
2025-11-04,更新至12:00,71239.08786876002,73735.72663716497,244.19213062499819,45822.25363859231,1853.6939554148323,1290.8728095621336,48966.820403569276,2,0,0,1057.2636122804834
2025-11-04,更新至18:00,71239.08786876002,73735.72663716497,244.19213062499819,45822.25363859231,1853.6939554148323,1290.8728095621336,48966.820403569276,2,1,0,1057.2636122804834
2025-11-05,仅0:00预报,81124.29135324499,81124.29135324499,1.1368683772161603e-13,50923.18078440022,0.0,4.599769454216585e-13,50923.18078440022,0,0,0,0.0
2025-11-05,更新至6:00,81124.29135324499,81124.29135324499,1.1368683772161603e-13,50923.18078440022,0.0,4.599769454216585e-13,50923.18078440022,0,1,0,0.0
2025-11-05,更新至12:00,81124.29135324499,81124.29135324499,1.1368683772161603e-13,50923.18078440022,0.0,4.599769454216585e-13,50923.18078440022,0,2,0,0.0
2025-11-05,更新至18:00,81124.29135324499,81124.29135324499,1.1368683772161603e-13,50923.18078440022,0.0,4.599769454216585e-13,50923.18078440022,0,3,0,0.0
2025-11-06,仅0:00预报,73273.4402180959,73273.4402180959,2071.108836874992,45877.65063215575,0.0,13014.100582318615,58891.75121447437,0,0,0,0.0
2025-11-06,更新至6:00,73273.4402180959,75578.50701723118,207.5862775933258,45877.65063215575,2180.1048137618427,1055.4188104699363,49113.17425638753,1,0,0,1854.407014958706
2025-11-06,更新至12:00,73273.4402180959,75610.79401129612,140.06123049405687,45877.65063215575,2207.8856418145924,647.9750254612485,48733.5112994316,2,0,0,1899.0554052316875
2025-11-06,更新至18:00,73273.4402180959,75610.79401129612,140.06123049405687,45877.65063215575,2207.8856418145924,647.9750254612485,48733.5112994316,2,1,0,1899.0554052316875
2025-11-07,仅0:00预报,33857.60234943107,33857.60234943107,113.84860149999264,17966.91300041801,0.0,619.538702975293,18586.451703393304,0,0,0,0.0
2025-11-07,更新至6:00,33857.60234943107,34277.277572806066,0.0,17966.91300041801,453.64354972489195,0.0,18420.556550142905,1,0,0,446.9526852926101
2025-11-07,更新至12:00,33857.60234943107,34277.277572806066,0.0,17966.91300041801,453.64354972489195,0.0,18420.556550142905,1,1,0,449.60399215404686
2025-11-07,更新至18:00,33857.60234943107,34277.277572806066,0.0,17966.91300041801,453.64354972489195,0.0,18420.556550142905,1,2,0,449.60399215404686
2025-11-08,仅0:00预报,34078.52778937603,34078.52778937603,0.0,17873.72949621772,0.0,0.0,17873.72949621772,0,0,0,0.0
2025-11-08,更新至6:00,34078.52778937603,34109.241072376026,0.0,17873.72949621772,35.18392761134808,0.0,17908.913423829068,1,0,0,11.727975870449882
2025-11-08,更新至12:00,34078.52778937603,34078.52778937603,0.0,17873.72949621772,0.0,0.0,17873.72949621772,2,0,0,23.455951740899764
2025-11-08,更新至18:00,34078.52778937603,34108.94667087603,0.0,17873.72949621772,45.03971689297878,0.0,17918.769213110696,3,0,0,32.29186416015
2025-11-09,仅0:00预报,72624.23256856995,72624.23256856995,1789.3541501666643,46254.65250687866,0.0,11280.232325962028,57534.88483284069,0,0,0,0.0
2025-11-09,更新至6:00,72624.23256856995,73775.84464644495,683.0123672083355,46254.65250687866,1478.2432094364467,4600.760644073265,52333.65636038837,1,0,0,2101.49969886271
2025-11-09,更新至12:00,72624.23256856995,73837.54883477828,621.3081788749951,46254.65250687866,1547.5538967627033,4187.9706213323825,51990.17702497374,2,0,0,2124.6032613048155
2025-11-09,更新至18:00,72624.23256856995,74253.38618423662,205.47082941666486,46254.65250687866,2347.4283487186162,1396.8456015252373,49998.926457122514,3,0,0,2747.875170580999
2025-11-10,仅0:00预报,80344.98789845474,80344.98789845474,354.5805007916654,49895.462099731725,0.0,2386.04508543099,52281.507185162714,0,0,0,0.0
2025-11-10,更新至6:00,80344.98789845474,82510.81848679681,354.58050079166526,49895.462099731725,2060.9198275998556,2386.0450854309897,54342.42701276257,1,0,0,2414.595206562866
2025-11-10,更新至12:00,80344.98789845474,81943.3453849964,354.58050079166526,49895.462099731725,1658.1899092447468,2386.0450854309897,53939.697094407464,2,0,0,2817.325124917974
2025-11-10,更新至18:00,80344.98789845474,81967.2109284964,330.714957291665,49895.462099731725,1704.301719118272,2224.6000195199877,53824.36383836999,3,0,0,2831.1325351099076
2025-11-11,仅0:00预报,81068.22500611757,81068.22500611757,1.1368683772161603e-13,52513.21132365165,0.0,4.3451109377201647e-13,52513.21132365165,0,0,0,0.0
2025-11-11,更新至6:00,81068.22500611757,81068.22500611757,1.1368683772161603e-13,52513.21132365165,0.0,4.3451109377201647e-13,52513.21132365165,0,1,0,0.0
2025-11-11,更新至12:00,81068.22500611757,81068.22500611757,1.1368683772161603e-13,52513.21132365165,0.0,4.3451109377201647e-13,52513.21132365165,0,2,0,0.0
2025-11-11,更新至18:00,81068.22500611757,81068.22500611757,1.1368683772161603e-13,52513.21132365165,0.0,4.3451109377201647e-13,52513.21132365165,0,3,0,0.0
2025-11-12,仅0:00预报,77048.51830638551,77048.51830638551,783.3964087916655,47967.83314464317,0.0,5269.731363693992,53237.564508337164,0,0,0,0.0
2025-11-12,更新至6:00,77048.51830638551,79745.31513611184,11.773333333333426,47967.83314464317,2927.147451814033,51.56131333333374,50946.54190979053,1,0,0,4742.272668699632
2025-11-12,更新至12:00,77048.51830638551,77544.1965085069,439.6297700416684,47967.83314464317,513.9181103412332,2965.093733556512,51446.84498854091,2,0,0,6997.772435600142
2025-11-12,更新至18:00,77048.51830638551,78106.40502654033,11.773333333333426,47967.83314464317,1600.1892984595418,51.56131333333374,49619.58375643604,3,0,0,7645.00454940644
2025-11-13,仅0:00预报,74735.24542043475,74735.24542043475,1156.8676084379126,47726.80912948726,0.0,7803.203598696211,55530.01272818347,0,0,0,0.0
2025-11-13,更新至6:00,74735.24542043475,76246.09761158699,844.9353829345831,47726.80912948726,1051.0528458707101,5709.242538474986,54487.10451383296,1,0,0,353.41131059848703
2025-11-13,更新至12:00,74735.24542043475,75641.45105247485,867.2756374691752,47726.80912948726,636.3817975881109,5857.821294284966,54221.01222136033,2,0,0,747.3985255895823
2025-11-13,更新至18:00,74735.24542043475,76507.51289990236,2.2737367544323206e-13,47726.80912948726,2344.980284122056,9.88563897408312e-13,50071.78941360932,3,0,0,2576.3650857399334
2025-11-14,仅0:00预报,33948.26589521349,33948.26589521349,17.87960299999554,18136.689818829866,0.0,69.40861884598269,18206.09843767585,0,0,0,0.0
2025-11-14,更新至6:00,33948.26589521349,33948.26589521349,17.87960299999554,18136.689818829866,0.0,69.40861884598269,18206.09843767585,0,1,0,0.0
2025-11-14,更新至12:00,33948.26589521349,33948.26589521349,17.87960299999554,18136.689818829866,0.0,69.40861884598269,18206.09843767585,0,2,0,0.0
2025-11-14,更新至18:00,33948.26589521349,33948.26589521349,17.87960299999554,18136.689818829866,0.0,69.40861884598269,18206.09843767585,0,3,0,0.0
2025-11-15,仅0:00预报,37426.66333674581,37426.66333674581,0.0,19700.660424194473,0.0,0.0,19700.660424194473,0,0,0,0.0
2025-11-15,更新至6:00,37426.66333674581,37426.66333674581,0.0,19700.660424194473,0.0,0.0,19700.660424194473,0,1,0,-3.637978807091713e-12
2025-11-15,更新至12:00,37426.66333674581,37426.66333674581,0.0,19700.660424194473,0.0,0.0,19700.660424194473,0,2,0,-1.0913936421275139e-11
2025-11-15,更新至18:00,37426.66333674581,37426.66333674581,0.0,19700.660424194473,0.0,0.0,19700.660424194473,0,3,0,-1.0913936421275139e-11
2025-11-16,仅0:00预报,77719.44817350051,77719.44817350051,1045.5975786666647,49063.07250078427,0.0,6988.754801756151,56051.82730254042,0,0,0,0.0
2025-11-16,更新至6:00,77719.44817350051,82446.25225495936,0.0,49063.07250078427,4492.260294055503,0.0,53555.33279483977,1,0,0,5089.635326399541
2025-11-16,更新至12:00,77719.44817350051,79816.85131934618,50.14150234666886,49063.07250078427,1979.31812413006,268.1068005118533,51310.49742542618,2,0,0,7528.2400143181
2025-11-16,更新至18:00,77719.44817350051,79867.95993582455,15.706649083334469,49063.07250078427,2054.8852914407917,96.0147458464236,51213.97253807149,3,0,0,7567.138987150553
2025-11-17,仅0:00预报,71769.90392949793,71769.90392949793,4243.425321500004,45505.860376985846,0.0,28275.845840833466,73781.70621781932,0,0,0,0.0
2025-11-17,更新至6:00,71769.90392949793,80705.04286275506,0.0,45505.860376985846,8129.544425406049,0.0,53635.404802391895,1,0,0,12428.811140301113
2025-11-17,更新至12:00,71769.90392949793,78311.96217216863,0.0,45505.860376985846,5959.546349280248,0.0,51465.4067262661,2,0,0,14578.656835919028
2025-11-17,更新至18:00,71769.90392949793,78311.96217216863,0.0,45505.860376985846,5959.546349280248,0.0,51465.4067262661,2,1,0,14578.656835919028
2025-11-18,仅0:00预报,78035.721408196,78035.721408196,1720.7422936249977,48720.68472778195,0.0,11171.116721630046,59891.80144941199,0,0,0,0.0
2025-11-18,更新至6:00,78035.721408196,78404.70423323766,1393.6455066250041,48720.68472778195,430.5332147912427,9236.129163663738,58387.34710623693,1,0,0,138.21936329550226
2025-11-18,更新至12:00,78035.721408196,79904.34698282043,246.4776054166722,48720.68472778195,1665.210037995139,1528.8969343510817,51914.79170012817,2,0,0,985.5937178641179
2025-11-18,更新至18:00,78035.721408196,80309.22613107043,3.410605131648481e-13,48720.68472778195,2399.7180377284667,1.569560481584631e-12,51120.402765510415,3,0,0,1425.6751693233964
2025-11-19,仅0:00预报,77227.44540408024,77227.44540408024,1989.7174677916614,48879.502878304906,0.0,12437.910743577611,61317.413621882515,0,0,0,0.0
2025-11-19,更新至6:00,77227.44540408024,80309.82855592672,1.3850000000004457,48879.502878304906,3338.998829479123,6.301057500001909,52224.80276528403,1,0,0,4624.05611549961
2025-11-19,更新至12:00,77227.44540408024,79733.00295547994,1.3850000000002183,48879.502878304906,2974.9484494438198,6.30105750000091,51860.75238524873,2,0,0,5099.815876055829
2025-11-19,更新至18:00,77227.44540408024,79733.00295547994,1.3850000000002183,48879.502878304906,2974.9484494438198,6.30105750000091,51860.75238524873,2,1,0,5099.815876055814
2025-11-20,仅0:00预报,76788.9944475859,76788.9944475859,2947.0376743789984,47852.67770922248,0.0,19427.57685995259,67280.25456917507,0,0,0,0.0
2025-11-20,更新至6:00,76788.9944475859,78302.58634958064,1612.3601543009258,47852.67770922248,1591.258410667485,10655.577404109417,60099.51352399938,1,0,0,1799.0710381982353
2025-11-20,更新至12:00,76788.9944475859,79571.39872887306,494.61668703240673,47852.67770922248,2877.8530549261945,3147.9459516329753,53878.476715781646,2,0,0,3050.0117942070647
2025-11-20,更新至18:00,76788.9944475859,79907.2172853314,158.79813057407284,47852.67770922248,3526.7048787871636,856.1797686733885,52235.56235668303,3,0,0,3743.1892122851714
2025-11-21,仅0:00预报,34957.11766763833,34957.11766763833,0.0,18873.497686703726,0.0,0.0,18873.497686703726,0,0,0,0.0
2025-11-21,更新至6:00,34957.11766763833,35601.43692083071,2.2737367544323206e-13,18873.497686703726,655.7568323458222,9.025598046719097e-13,19529.254519049548,1,0,0,494.26744767229684
2025-11-21,更新至12:00,34957.11766763833,35302.32370622166,0.0,18873.497686703726,359.69816054276697,0.0,19233.195847246494,2,0,0,682.270739919797
2025-11-21,更新至18:00,34957.11766763833,35302.32370622166,0.0,18873.497686703726,359.69816054276697,0.0,19233.195847246494,2,1,0,682.270739919797
2025-11-22,仅0:00预报,38034.45012209649,38034.45012209649,99.15664295833909,19855.86653361338,0.0,606.1445584043269,20462.01109201771,0,0,0,0.0
2025-11-22,更新至6:00,38034.45012209649,38034.45012209649,99.15664295833909,19855.86653361338,0.0,606.1445584043269,20462.01109201771,0,1,0,0.0
2025-11-22,更新至12:00,38034.45012209649,38034.45012209649,99.15664295833909,19855.86653361338,0.0,606.1445584043269,20462.01109201771,0,2,0,-7.275957614183426e-12
2025-11-22,更新至18:00,38034.45012209649,38215.200198388164,0.0,19855.86653361338,325.95528116129515,0.0,20181.821814774677,1,2,0,103.33056699820008
2025-11-23,仅0:00预报,79753.22135077571,79753.22135077571,435.3161517499898,50686.49128974377,0.0,2436.109200999983,53122.60049074375,0,0,0,0.0
2025-11-23,更新至6:00,79753.22135077571,83097.98974416024,1.1368683772161603e-13,50686.49128974377,3318.227055004971,4.599769454216585e-13,54004.71834474874,1,0,0,3209.3862909721793
2025-11-23,更新至12:00,79753.22135077571,82491.0346447042,1.1368683772161603e-13,50686.49128974377,2744.706282807223,4.599769454216585e-13,53431.19757255099,2,0,0,3771.4448508680507
2025-11-23,更新至18:00,79753.22135077571,82491.0346447042,1.1368683772161603e-13,50686.49128974377,2744.706282807223,4.599769454216585e-13,53431.19757255099,2,1,0,3771.4448508680507
2025-11-24,仅0:00预报,78328.39879566396,78328.39879566396,203.7920601183289,49637.79693911761,0.0,1204.019928785462,50841.81686790307,0,0,0,0.0
2025-11-24,更新至6:00,78328.39879566396,81143.69863375192,18.83966666666663,49637.79693911761,2280.4532337479513,88.2449986666665,52006.49517153223,1,0,0,1313.1546209067455
2025-11-24,更新至12:00,78328.39879566396,79916.92570255695,18.839666666666744,49637.79693911761,1185.2785578313621,88.24499866666699,50911.32049561564,2,0,0,2395.3846557689394
2025-11-24,更新至18:00,78328.39879566396,79916.92570255695,18.839666666666744,49637.79693911761,1185.2785578313621,88.24499866666699,50911.32049561564,2,1,0,2395.3846557689394
2025-11-25,仅0:00预报,89655.3254882771,89655.3254882771,1.1368683772161603e-13,57754.85265571059,0.0,4.888534022029489e-13,57754.85265571059,0,0,0,0.0
2025-11-25,更新至6:00,89655.3254882771,89655.3254882771,1.1368683772161603e-13,57754.85265571059,0.0,4.888534022029489e-13,57754.85265571059,0,1,0,0.0
2025-11-25,更新至12:00,89655.3254882771,89655.3254882771,1.1368683772161603e-13,57754.85265571059,0.0,4.888534022029489e-13,57754.85265571059,0,2,0,0.0
2025-11-25,更新至18:00,89655.3254882771,89655.3254882771,1.1368683772161603e-13,57754.85265571059,0.0,4.888534022029489e-13,57754.85265571059,0,3,0,0.0
2025-11-26,仅0:00预报,84547.55557043813,84547.55557043813,32.993166666666866,53843.772665257675,0.0,154.53999266666756,53998.31265792434,0,0,0,0.0
2025-11-26,更新至6:00,84547.55557043813,85591.12747339645,2.2737367544323206e-13,53843.772665257675,1367.4090133417499,1.025910023599863e-12,55211.18167859942,1,0,0,402.2744511326746
2025-11-26,更新至12:00,84547.55557043813,85558.69099906311,2.2737367544323206e-13,53843.772665257675,1326.6216868601025,1.025910023599863e-12,55170.39435211778,2,0,0,423.2323237446981
2025-11-26,更新至18:00,84547.55557043813,85558.69099906311,2.2737367544323206e-13,53843.772665257675,1326.6216868601025,1.025910023599863e-12,55170.39435211778,2,1,0,423.2323237446981
2025-11-27,仅0:00预报,81874.33406408168,81874.33406408168,0.0,52266.721810684314,0.0,0.0,52266.721810684314,0,0,0,0.0
2025-11-27,更新至6:00,81874.33406408168,82329.88815107831,0.0,52266.721810684314,456.81159362959846,0.0,52723.533404313916,1,0,0,230.4629714920884
2025-11-27,更新至12:00,81874.33406408168,82137.69930383167,0.0,52266.721810684314,312.5163708305374,0.0,52579.238181514855,2,0,0,360.27335689769825
2025-11-27,更新至18:00,81874.33406408168,82137.69930383167,0.0,52266.721810684314,312.5163708305374,0.0,52579.238181514855,2,1,0,360.27335689769825
2025-11-28,仅0:00预报,36500.93555163397,36500.93555163397,1.1368683772161603e-13,19731.422062749116,0.0,4.842490852752235e-13,19731.422062749116,0,0,0,0.0
2025-11-28,更新至6:00,36500.93555163397,36500.93555163397,1.1368683772161603e-13,19731.422062749116,0.0,4.842490852752235e-13,19731.422062749116,0,1,0,0.0
2025-11-28,更新至12:00,36500.93555163397,36500.93555163397,1.1368683772161603e-13,19731.422062749116,0.0,4.842490852752235e-13,19731.422062749116,0,2,0,0.0
2025-11-28,更新至18:00,36500.93555163397,36500.93555163397,1.1368683772161603e-13,19731.422062749116,0.0,4.842490852752235e-13,19731.422062749116,0,3,0,0.0
2025-11-29,仅0:00预报,46894.71260305901,46894.71260305901,0.0,24499.93420487717,0.0,0.0,24499.93420487717,0,0,0,0.0
2025-11-29,更新至6:00,46894.71260305901,46894.71260305901,0.0,24499.93420487717,0.0,0.0,24499.93420487717,0,1,0,0.0
2025-11-29,更新至12:00,46894.71260305901,46894.71260305901,0.0,24499.93420487717,0.0,0.0,24499.93420487717,0,2,0,0.0
2025-11-29,更新至18:00,46894.71260305901,46894.71260305901,0.0,24499.93420487717,0.0,0.0,24499.93420487717,0,3,0,0.0
2025-11-30,仅0:00预报,85900.80416983186,85900.80416983186,0.0,54758.89434106641,0.0,0.0,54758.89434106641,0,0,0,0.0
2025-11-30,更新至6:00,85900.80416983186,86672.30551317683,2.2737367544323206e-13,54758.89434106641,716.8271705613013,1.025910023599863e-12,55475.72151162771,1,0,0,313.7436285881413
2025-11-30,更新至12:00,85900.80416983186,86243.68415568577,0.0,54758.89434106641,257.95468920689143,0.0,55016.8490302733,2,0,0,694.6590649009449
2025-11-30,更新至18:00,85900.80416983186,86243.68415568577,0.0,54758.89434106641,257.95468920689143,0.0,55016.8490302733,2,1,0,694.6590649009449
2025-12-01,仅0:00预报,89211.67819550572,89211.67819550572,3030.760938000005,57538.15532364079,0.0,14930.865592407567,72469.02091604836,0,0,0,0.0
2025-12-01,更新至6:00,89211.67819550572,89211.67819550572,3030.760938000005,57538.15532364079,0.0,14930.865592407567,72469.02091604836,0,1,0,2.458873126844992
2025-12-01,更新至12:00,89211.67819550572,89211.67819550572,3030.760938000005,57538.15532364079,0.0,14930.865592407567,72469.02091604836,0,2,0,2.458873126844992
2025-12-01,更新至18:00,89211.67819550572,89211.67819550572,3030.760938000005,57538.15532364079,0.0,14930.865592407567,72469.02091604836,0,3,0,2.458873126844992
2025-12-02,仅0:00预报,91478.88755421137,91478.88755421137,1659.3930056204695,59562.763298451675,0.0,8758.889077473088,68321.65237592476,0,0,0,0.0
2025-12-02,更新至6:00,91478.88755421137,91478.88755421137,1659.3930056204695,59562.763298451675,0.0,8758.889077473088,68321.65237592476,0,1,0,-1.4551915228366852e-11
2025-12-02,更新至12:00,91478.88755421137,91478.88755421137,1659.3930056204695,59562.763298451675,0.0,8758.889077473088,68321.65237592476,0,2,0,0.0
2025-12-02,更新至18:00,91478.88755421137,91692.30509122928,1451.2797144358867,59562.763298451675,373.72050437410974,7488.894169668002,67425.37797249379,1,2,0,307.62014830161934
2025-12-03,仅0:00预报,83481.78407126534,83481.78407126534,7642.313584955829,53580.9877343674,0.0,48109.72956819186,101690.71730255926,0,0,0,0.0
2025-12-03,更新至6:00,83481.78407126534,88903.14944467724,3345.863728599993,53580.9877343674,4529.51188035088,19163.7930660911,77274.29268080939,1,0,0,5769.071856939961
2025-12-03,更新至12:00,83481.78407126534,89860.15048386579,2486.7462761953043,53580.9877343674,5638.759415488015,13500.293122869616,72720.04027272503,2,0,0,7445.118591991384
2025-12-03,更新至18:00,83481.78407126534,90910.72259034078,1522.529383053636,53580.9877343674,7673.794627703297,7341.578732885338,68596.36109495604,3,0,0,11376.012895970067
2025-12-04,仅0:00预报,90299.77950625596,90299.77950625596,2549.8321391449954,58949.47554857261,0.0,12414.85649577801,71364.33204435062,0,0,0,0.0
2025-12-04,更新至6:00,90299.77950625596,90299.77950625596,2549.8321391449954,58949.47554857261,0.0,12414.85649577801,71364.33204435062,0,1,0,0.0
2025-12-04,更新至12:00,90299.77950625596,90299.77950625596,2549.8321391449954,58949.47554857261,0.0,12414.85649577801,71364.33204435062,0,2,0,0.0
2025-12-04,更新至18:00,90299.77950625596,90299.77950625596,2549.8321391449954,58949.47554857261,0.0,12414.85649577801,71364.33204435062,0,3,0,0.0
2025-12-05,仅0:00预报,40618.25374813448,40618.25374813448,2565.9056504583286,21962.40574817174,0.0,16052.699213319156,38015.1049614909,0,0,0,0.0
2025-12-05,更新至6:00,40618.25374813448,41875.930372928706,1575.2519311250055,21962.40574817174,836.0334285522456,9850.849735484997,32649.28891220898,1,0,0,278.6208704057499
2025-12-05,更新至12:00,40618.25374813448,42032.783560530326,1415.1670985843625,21962.40574817174,967.933057731228,8854.072237182305,31784.411043085274,2,0,0,609.5434923835128
2025-12-05,更新至18:00,40618.25374813448,43457.233457072,0.0,21962.40574817174,3617.2035553547644,0.0,25579.609303526504,3,0,0,6160.919070622556
2025-12-06,仅0:00预报,45170.161923228254,45170.161923228254,2035.358765875002,24331.018418783122,0.0,12698.688885210471,37029.70730399359,0,0,0,0.0
2025-12-06,更新至6:00,45170.161923228254,45170.161923228254,2035.358765875002,24331.018418783122,0.0,12698.688885210471,37029.70730399359,0,1,0,0.0
2025-12-06,更新至12:00,45170.161923228254,46240.56685470973,1119.941444708334,24331.018418783122,979.7156316422906,6936.5109266387135,32247.244977064125,1,1,0,529.8444073288993
2025-12-06,更新至18:00,45170.161923228254,47281.87468691806,83.53152433333474,24331.018418783122,2910.3958641904514,388.77766844608965,27630.191951419663,2,1,0,4272.899520418068
2025-12-07,仅0:00预报,93322.32803141122,93322.32803141122,83.98671666666723,61536.55676867046,0.0,487.9525863083366,62024.5093549788,0,0,0,0.0
2025-12-07,更新至6:00,93322.32803141122,93322.32803141122,83.98671666666723,61536.55676867046,0.0,487.9525863083366,62024.5093549788,0,1,0,0.0
2025-12-07,更新至12:00,93322.32803141122,93322.32803141122,83.98671666666723,61536.55676867046,0.0,487.9525863083366,62024.5093549788,0,2,0,0.0
2025-12-07,更新至18:00,93322.32803141122,93322.32803141122,83.98671666666723,61536.55676867046,0.0,487.9525863083366,62024.5093549788,0,3,0,0.0
2025-12-08,仅0:00预报,93520.89674460914,93520.89674460914,610.6328857499977,62019.69860031021,0.0,4053.4225746857333,66073.12117499593,0,0,0,0.0
2025-12-08,更新至6:00,93520.89674460914,93897.43475031901,284.89901833333147,62019.69860031021,396.15590542203665,1864.4592711433193,64280.31377687556,1,0,0,131.39616074178775
2025-12-08,更新至12:00,93520.89674460914,93520.89674460914,610.6328857499977,62019.69860031021,0.0,4053.4225746857333,66073.12117499593,2,0,0,263.4481292158016
2025-12-08,更新至18:00,93520.89674460914,94240.81923035913,12.03933333333407,62019.69860031021,1425.000377085617,69.93046766666984,63514.6294450625,3,0,0,2725.90683460499
2025-12-09,仅0:00预报,92878.88025877962,92878.88025877962,431.574758083333,61572.237504898636,0.0,2749.3381700490518,64321.575674947686,0,0,0,0.0
2025-12-09,更新至6:00,92878.88025877962,92878.88025877962,431.574758083333,61572.237504898636,0.0,2749.3381700490518,64321.575674947686,0,1,0,0.0
2025-12-09,更新至12:00,92878.88025877962,92965.48867616986,356.30784725000194,61572.237504898636,100.60492098126011,2244.6563160757346,63917.498741955635,1,1,0,33.5349736604403
2025-12-09,更新至18:00,92878.88025877962,93145.76538030927,179.000529415124,61572.237504898636,458.90799535826375,1079.0723109946257,63110.217811251525,2,1,0,286.0181151811994
2025-12-10,仅0:00预报,88885.56446418012,88885.56446418012,3019.1456003588046,58651.81809791103,0.0,19016.44811686026,77668.2662147713,0,0,0,0.0
2025-12-10,更新至6:00,88885.56446418012,94130.99575352001,0.0,58651.81809791103,4044.519943461225,0.0,62696.338041372255,1,0,0,2827.437925701597
2025-12-10,更新至12:00,88885.56446418012,93225.05205961988,0.0,58651.81809791103,3430.8848514032625,0.0,62082.7029493143,2,0,0,3130.4029429912916
2025-12-10,更新至18:00,88885.56446418012,93225.05205961988,0.0,58651.81809791103,3430.8848514032625,0.0,62082.7029493143,2,1,0,3130.4029429912916
2025-12-11,仅0:00预报,91846.57379512985,91846.57379512985,4.395054166666796,61091.66329398514,0.0,20.586433716667273,61112.249727701805,0,0,0,0.0
2025-12-11,更新至6:00,91846.57379512985,91846.57379512985,4.395054166666796,61091.66329398514,0.0,20.586433716667273,61112.249727701805,0,1,0,4.295045376667986
2025-12-11,更新至12:00,91846.57379512985,91846.57379512985,4.395054166666796,61091.66329398514,0.0,20.586433716667273,61112.249727701805,0,2,0,4.2950453766970895
2025-12-11,更新至18:00,91846.57379512985,91846.57379512985,4.395054166666796,61091.66329398514,0.0,20.586433716667273,61112.249727701805,0,3,0,4.2950453766970895
2025-12-12,仅0:00预报,43605.43125877746,43605.43125877746,1784.4230480833294,23791.357211740287,0.0,11261.550487906054,35052.90769964634,0,0,0,0.0
2025-12-12,更新至6:00,43605.43125877746,47712.65369577074,2.2737367544323206e-13,23791.357211740287,2844.128074059503,9.23193965718383e-13,26635.48528579979,1,0,0,984.6922883789448
2025-12-12,更新至12:00,43605.43125877746,46425.8675143942,2.2737367544323206e-13,23791.357211740287,2076.0704684680413,9.23193965718383e-13,25867.42768020833,2,0,0,2052.1059094985176
2025-12-12,更新至18:00,43605.43125877746,46425.8675143942,2.2737367544323206e-13,23791.357211740287,2076.0704684680413,9.23193965718383e-13,25867.42768020833,2,1,0,2052.1059094985176
2025-12-13,仅0:00预报,46262.4884911472,46262.4884911472,735.7758098696011,25343.040681281163,0.0,4409.092823061464,29752.133504342626,0,0,0,0.0
2025-12-13,更新至6:00,46262.4884911472,48883.09876286486,0.0,25343.040681281163,1972.9277724415533,0.0,27315.968453722715,1,0,0,898.0389866315527
2025-12-13,更新至12:00,46262.4884911472,47730.44834929695,0.0,25343.040681281163,1080.8302379260622,0.0,26423.870919207227,2,0,0,1730.4871146844016
2025-12-13,更新至18:00,46262.4884911472,47730.44834929695,0.0,25343.040681281163,1080.8302379260622,0.0,26423.870919207227,2,1,0,1730.4871146844016
2025-12-14,仅0:00预报,88168.68362491473,88168.68362491473,4217.126476780812,57960.260801832905,0.0,28182.864545073407,86143.12534690631,0,0,0,0.0
2025-12-14,更新至6:00,88168.68362491473,93513.72330141935,2.2737367544323206e-13,57960.260801832905,4266.705623301852,7.843254934414289e-13,62226.96642513476,1,0,0,1405.4517516394844
2025-12-14,更新至12:00,88168.68362491473,93883.02417397145,4.547473508864641e-13,57960.260801832905,4675.752268651674,1.7646470951149238e-12,62636.01307048458,2,0,0,1501.1912113700237
2025-12-14,更新至18:00,88168.68362491473,93883.02417397145,4.547473508864641e-13,57960.260801832905,4675.752268651674,1.7646470951149238e-12,62636.01307048458,2,1,0,1501.1912113700237
2025-12-15,仅0:00预报,88982.60140990553,88982.60140990553,3652.700899419576,58572.7013938822,0.0,24531.766797263463,83104.46819114566,0,0,0,0.0
2025-12-15,更新至6:00,88982.60140990553,95722.570365613,2.2737367544323206e-13,58572.7013938822,5505.076844255747,1.1185647963429802e-12,64077.778238137944,1,0,0,4183.428613144715
2025-12-15,更新至12:00,88982.60140990553,94112.1792938023,2.2737367544323206e-13,58572.7013938822,4194.419595772516,1.1185647963429802e-12,62767.120989654715,2,0,0,5451.112871155754
2025-12-15,更新至18:00,88982.60140990553,94112.1792938023,2.2737367544323206e-13,58572.7013938822,4194.419595772516,1.1185647963429802e-12,62767.120989654715,2,1,0,5451.112871155754
2025-12-16,仅0:00预报,94636.68904703809,94636.68904703809,3.410605131648481e-13,63050.27660204239,0.0,9.109726306633092e-13,63050.27660204239,0,0,0,0.0
2025-12-16,更新至6:00,94636.68904703809,94733.03302487935,3.410605131648481e-13,63050.27660204239,61.85813154742258,9.109726306633092e-13,63112.13473358981,1,0,0,19.730189767229604
2025-12-16,更新至12:00,94636.68904703809,94638.32493037141,3.410605131648481e-13,63050.27660204239,2.850608502499862,9.109726306633092e-13,63053.12721054489,2,0,0,45.66926059553225
2025-12-16,更新至18:00,94636.68904703809,94638.32493037141,3.410605131648481e-13,63050.27660204239,2.850608502499862,9.109726306633092e-13,63053.12721054489,2,1,0,45.66926059553225
2025-12-17,仅0:00预报,98296.00382191938,98296.00382191938,0.0,64684.11448011872,0.0,0.0,64684.11448011872,0,0,0,0.0
2025-12-17,更新至6:00,98296.00382191938,98296.00382191938,0.0,64684.11448011872,0.0,0.0,64684.11448011872,0,1,0,0.0
2025-12-17,更新至12:00,98296.00382191938,98296.00382191938,0.0,64684.11448011872,0.0,0.0,64684.11448011872,0,2,0,0.0
2025-12-17,更新至18:00,98296.00382191938,98296.00382191938,0.0,64684.11448011872,0.0,0.0,64684.11448011872,0,3,0,0.0
2025-12-18,仅0:00预报,89502.74806128987,89502.74806128987,1337.762578808197,59169.14040386971,0.0,8822.178495136817,67991.31889900652,0,0,0,0.0
2025-12-18,更新至6:00,89502.74806128987,93855.38004147753,0.0,59169.14040386971,4074.341605712613,0.0,63243.48200958232,1,0,0,6091.248749374718
2025-12-18,更新至12:00,89502.74806128987,92074.2784613203,0.0,59169.14040386971,2104.687007869302,0.0,61273.82741173901,2,0,0,8036.325152638412
2025-12-18,更新至18:00,89502.74806128987,92074.2784613203,0.0,59169.14040386971,2104.687007869302,0.0,61273.82741173901,2,1,0,8036.325152638412
2025-12-19,仅0:00预报,42214.98061781611,42214.98061781611,2367.066332724588,23333.50852046789,0.0,14937.710370338444,38271.21889080633,0,0,0,0.0
2025-12-19,更新至6:00,42214.98061781611,47697.479369359324,0.0,23333.50852046789,3739.3076385921545,0.0,27072.816159060047,1,0,0,4273.412826953383
2025-12-19,更新至12:00,42214.98061781611,45274.92515685932,151.10289147458496,23333.50852046789,2146.26375887528,874.635112821951,26354.40739216512,2,0,0,5752.096473911828
2025-12-19,更新至18:00,42214.98061781611,45443.46172637557,1.1368683772161603e-13,23333.50852046789,2455.342973711132,4.997104952053633e-13,25788.851494179024,3,0,0,6025.847691464711
2025-12-20,仅0:00预报,46550.74490652912,46550.74490652912,1.1368683772161603e-13,25447.481894460427,0.0,4.578737389238085e-13,25447.481894460427,0,0,0,0.0
2025-12-20,更新至6:00,46550.74490652912,47489.72359325731,1.1368683772161603e-13,25447.481894460427,624.8351567666421,4.578737389238085e-13,26072.31705122707,1,0,0,207.9871590472103
2025-12-20,更新至12:00,46550.74490652912,46868.20276743427,0.0,25447.481894460427,206.61335395365828,0.0,25654.095248414083,2,0,0,626.8542305637748
2025-12-20,更新至18:00,46550.74490652912,46868.20276743427,0.0,25447.481894460427,206.61335395365828,0.0,25654.095248414083,2,1,0,626.8542305637748
2025-12-21,仅0:00预报,93419.00366283522,93419.00366283522,562.5591336186134,61468.773925047106,0.0,3774.4744828730304,65243.24840792014,0,0,0,0.0
2025-12-21,更新至6:00,93419.00366283522,94496.4194992735,1.1368683772161603e-13,61468.773925047106,782.3673318730033,4.888534022029489e-13,62251.141256920106,1,0,0,250.497741567684
2025-12-21,更新至12:00,93419.00366283522,95502.58920908008,1.1368683772161603e-13,61468.773925047106,1723.8010714649063,4.888534022029489e-13,63192.57499651201,2,0,0,907.782554225254
2025-12-21,更新至18:00,93419.00366283522,95502.58920908008,1.1368683772161603e-13,61468.773925047106,1723.8010714649063,4.888534022029489e-13,63192.57499651201,2,1,0,907.782554225254
2025-12-22,仅0:00预报,92820.41498959891,92820.41498959891,1128.1918571249948,61077.683406729426,0.0,7370.839655214019,68448.52306194344,0,0,0,0.0
2025-12-22,更新至6:00,92820.41498959891,95018.94699248724,33.391533166668296,61077.683406729426,1593.48896305906,156.92942288575745,62828.10179267424,1,0,0,1094.0949802635732
2025-12-22,更新至12:00,92820.41498959891,94732.15012708344,33.391533166668296,61077.683406729426,1407.1621317540892,156.92942288575745,62641.77496136927,2,0,0,1299.6139604322234
2025-12-22,更新至18:00,92820.41498959891,94732.15012708344,33.391533166668296,61077.683406729426,1407.1621317540892,156.92942288575745,62641.77496136927,2,1,0,1299.6139604322088
2025-12-23,仅0:00预报,95210.48490315111,95210.48490315111,2.2737367544323206e-13,62852.02023253096,0.0,9.79753167484887e-13,62852.02023253096,0,0,0,0.0
2025-12-23,更新至6:00,95210.48490315111,95257.72103481778,2.2737367544323206e-13,62852.02023253096,40.25935501949661,9.79753167484887e-13,62892.27958755045,1,0,0,12.401626923980075
2025-12-23,更新至12:00,95210.48490315111,95210.48490315111,2.2737367544323206e-13,62852.02023253096,0.0,9.79753167484887e-13,62852.02023253096,2,0,0,52.6609819434816
2025-12-23,更新至18:00,95210.48490315111,95210.48490315111,2.2737367544323206e-13,62852.02023253096,0.0,9.79753167484887e-13,62852.02023253096,2,1,0,52.6609819434816
2025-12-24,仅0:00预报,93540.03936150121,93540.03936150121,1.1368683772161603e-13,61745.35736770222,0.0,7.322000783460681e-13,61745.35736770222,0,0,0,0.0
2025-12-24,更新至6:00,93540.03936150121,95861.7743436014,1.1368683772161603e-13,61745.35736770222,1706.0014291806199,7.322000783460681e-13,63451.35879688284,1,0,1,
2025-12-24,更新至12:00,93540.03936150121,95246.02067276806,1.1368683772161603e-13,61745.35736770222,1278.9406347824956,7.322000783460681e-13,63024.29800248472,2,0,1,
2025-12-24,更新至18:00,93540.03936150121,95246.02067276806,1.1368683772161603e-13,61745.35736770222,1278.9406347824956,7.322000783460681e-13,63024.29800248472,2,1,1,
2025-12-25,仅0:00预报,90374.15194957054,90374.15194957054,2567.6946509918143,59100.23219595487,0.0,17089.448095366603,76189.68029132148,0,0,0,0.0
2025-12-25,更新至6:00,90374.15194957054,93152.89382467765,294.5863877333277,59100.23219595487,2021.308266752376,1956.2525871037367,63077.793049810985,1,0,1,
2025-12-25,更新至12:00,90374.15194957054,94514.4143778405,0.0,59100.23219595487,3446.355531479854,0.0,62546.58772743473,2,0,1,
2025-12-25,更新至18:00,90374.15194957054,94514.4143778405,0.0,59100.23219595487,3446.355531479854,0.0,62546.58772743473,2,1,1,
2025-12-26,仅0:00预报,44503.33998409877,44503.33998409877,753.6348061416682,24400.965638520494,0.0,4716.354729695882,29117.320368216377,0,0,0,0.0
2025-12-26,更新至6:00,44503.33998409877,47172.70754999362,0.0,24400.965638520494,1804.1381762026201,0.0,26205.103814723116,1,0,0,1199.5986196638987
2025-12-26,更新至12:00,44503.33998409877,46197.06419155741,0.0,24400.965638520494,1165.3328139558387,0.0,25566.298452476334,2,0,0,1869.6427622663323
2025-12-26,更新至18:00,44503.33998409877,46197.06419155741,0.0,24400.965638520494,1165.3328139558387,0.0,25566.298452476334,2,1,0,1869.6427622663323
2025-12-27,仅0:00预报,48275.28246272748,48275.28246272748,0.0,25990.11184863817,0.0,0.0,25990.11184863817,0,0,0,0.0
2025-12-27,更新至6:00,48275.28246272748,49454.02098217076,0.0,25990.11184863817,820.680065746939,0.0,26810.79191438511,1,0,0,272.78203101147665
2025-12-27,更新至12:00,48275.28246272748,49285.07910333242,0.0,25990.11184863817,706.8343661766976,0.0,26696.946214814867,2,0,0,386.62773058172024
2025-12-27,更新至18:00,48275.28246272748,49305.71023629076,0.0,25990.11184863817,744.6698009089874,0.0,26734.78164954716,3,0,0,399.23954215915
2025-12-28,仅0:00预报,93343.81621741262,93343.81621741262,0.0,61608.61476352366,0.0,0.0,61608.61476352366,0,0,0,0.0
2025-12-28,更新至6:00,93343.81621741262,93619.6143691616,0.0,61608.61476352366,212.29583190181313,0.0,61820.91059542548,1,0,0,57.63927947852062
2025-12-28,更新至12:00,93343.81621741262,93507.9549816616,0.0,61608.61476352366,136.63967724368868,0.0,61745.25444076735,2,0,0,133.29543413664214
2025-12-28,更新至18:00,93343.81621741262,93507.9549816616,0.0,61608.61476352366,136.63967724368868,0.0,61745.25444076735,2,1,0,133.29543413664214
2025-12-29,仅0:00预报,93471.86654033593,93471.86654033593,0.0,61212.485695143856,0.0,0.0,61212.485695143856,0,0,0,0.0
2025-12-29,更新至6:00,93471.86654033593,97000.3334640355,0.0,61212.485695143856,2670.351740451642,0.0,63882.837435595495,1,0,0,3169.620804114791
2025-12-29,更新至12:00,93471.86654033593,96495.49955041823,0.0,61212.485695143856,2514.0887417556014,0.0,63726.57443689946,2,0,0,3752.9729951119953
2025-12-29,更新至18:00,93471.86654033593,96495.49955041823,0.0,61212.485695143856,2514.0887417556014,0.0,63726.57443689946,2,1,0,3752.9729951119807
2025-12-30,仅0:00预报,94938.44406187529,94938.44406187529,9.094947017729282e-13,62597.60735291343,0.0,4.1817429519142026e-12,62597.60735291344,0,0,0,0.0
2025-12-30,更新至6:00,94938.44406187529,96934.58635854759,9.094947017729282e-13,62597.60735291343,1727.5204199856903,4.1817429519142026e-12,64325.127772899126,1,0,0,1157.0144819896668
2025-12-30,更新至12:00,94938.44406187529,95708.34185225592,9.094947017729282e-13,62597.60735291343,646.4684854011501,4.1817429519142026e-12,63244.07583831459,2,0,0,2238.0664165742055
2025-12-30,更新至18:00,94938.44406187529,95708.34185225592,9.094947017729282e-13,62597.60735291343,646.4684854011501,4.1817429519142026e-12,63244.07583831459,2,1,0,2238.0664165742055
2025-12-31,仅0:00预报,96295.05897299209,96295.05897299209,0.0,63672.81164814338,0.0,0.0,63672.81164814338,0,0,0,0.0
2025-12-31,更新至6:00,96295.05897299209,96797.59448349208,4.547473508864641e-13,63672.81164814338,521.0845033093472,1.9215349311707543e-12,64193.89615145273,1,0,0,384.5809906930517
2025-12-31,更新至12:00,96295.05897299209,97001.55629511143,2.2737367544323206e-13,63672.81164814338,758.3998237140366,9.80321601673495e-13,64431.211471857416,2,0,0,399.919816328038
2025-12-31,更新至18:00,96295.05897299209,97001.55629511143,2.2737367544323206e-13,63672.81164814338,758.3998237140366,9.80321601673495e-13,64431.211471857416,2,1,0,399.919816328038
