日期,情景,计划购电量_kWh,调整购电量_kWh,紧急购电量_kWh,计划购电费_元,调整费用_元,紧急购电费_元,总费用_元,更新接受次数,更新拒绝次数,保持计划不可行次数,预计调整节省_元
2025-02-01,仅0:00预报,54453.356820416804,54453.356820416804,0.0,28505.472503602858,0.0,0.0,28505.472503602858,0,0,0,0.0
2025-02-01,更新至6:00,54453.356820416804,54453.356820416804,0.0,28505.472503602858,0.0,0.0,28505.472503602858,0,1,0,0.0
2025-02-01,更新至12:00,54453.356820416804,48770.01185878435,0.0,28505.472503602858,1279.8375814750962,0.0,29785.310085077952,1,1,1,
2025-02-01,更新至18:00,54453.356820416804,47914.691971859545,0.0,28505.472503602858,1776.4476322571236,0.0,30281.920135859982,2,1,2,
2025-02-02,仅0:00预报,97546.52547939884,97546.52547939884,0.0,76450.52661240267,0.0,0.0,76450.52661240267,0,0,0,0.0
2025-02-02,更新至6:00,97546.52547939884,97546.52547939884,0.0,76450.52661240267,0.0,0.0,76450.52661240267,0,1,0,0.0
2025-02-02,更新至12:00,97546.52547939884,94283.23283352083,0.0,76450.52661240267,951.5599501183423,0.0,77402.08656252101,1,1,1,
2025-02-02,更新至18:00,97546.52547939884,93283.09858505559,0.0,76450.52661240267,1585.737858252866,0.0,78036.26447065553,2,1,2,
2025-02-03,仅0:00预报,105558.43369076762,105558.43369076762,0.0,83314.45734053961,0.0,0.0,83314.45734053961,0,0,0,0.0
2025-02-03,更新至6:00,105558.43369076762,105558.43369076762,0.0,83314.45734053961,0.0,0.0,83314.45734053961,0,1,0,0.0
2025-02-03,更新至12:00,105558.43369076762,103427.42206208437,0.0,83314.45734053961,690.2649889615652,0.0,84004.72232950118,1,1,1,
2025-02-03,更新至18:00,105558.43369076762,103104.1608909979,0.0,83314.45734053961,900.9130961192993,0.0,84215.37043665891,2,1,2,
2025-02-04,仅0:00预报,114066.20309965574,114066.20309965574,0.0,88556.1781108598,0.0,0.0,88556.1781108598,0,0,0,0.0
2025-02-04,更新至6:00,114066.20309965574,113753.32898586661,0.0,88556.1781108598,162.87316211656182,0.0,88719.05127297636,1,0,1,
2025-02-04,更新至12:00,114066.20309965574,113742.81795124414,0.0,88556.1781108598,165.73794460291543,0.0,88721.91605546272,2,0,2,
2025-02-04,更新至18:00,114066.20309965574,113742.81795124414,0.0,88556.1781108598,165.73794460291543,0.0,88721.91605546272,2,1,2,
2025-02-05,仅0:00预报,99636.63941314054,99636.63941314054,1.1368683772161603e-13,76800.78126035503,0.0,5.928200152993667e-13,76800.78126035503,0,0,0,0.0
2025-02-05,更新至6:00,99636.63941314054,99636.63941314054,1.1368683772161603e-13,76800.78126035503,0.0,5.928200152993667e-13,76800.78126035503,0,1,0,4.547473508864641e-13
2025-02-05,更新至12:00,99636.63941314054,99636.63941314054,1.1368683772161603e-13,76800.78126035503,0.0,5.928200152993667e-13,76800.78126035503,0,2,0,4.547473508864641e-13
2025-02-05,更新至18:00,99636.63941314054,99636.63941314054,1.1368683772161603e-13,76800.78126035503,0.0,5.928200152993667e-13,76800.78126035503,0,3,0,4.547473508864641e-13
2025-02-06,仅0:00预报,100239.0209478563,100239.0209478563,2.2737367544323206e-13,80609.66344002397,0.0,1.1801262189692354e-12,80609.66344002397,0,0,0,0.0
2025-02-06,更新至6:00,100239.0209478563,100239.0209478563,2.2737367544323206e-13,80609.66344002397,0.0,1.1801262189692354e-12,80609.66344002397,0,1,0,0.0
2025-02-06,更新至12:00,100239.0209478563,99358.44526046373,2.2737367544323206e-13,80609.66344002397,256.5047316678688,1.1801262189692354e-12,80866.16817169184,1,1,1,
2025-02-06,更新至18:00,100239.0209478563,99358.44526046373,2.2737367544323206e-13,80609.66344002397,256.5047316678688,1.1801262189692354e-12,80866.16817169184,1,2,1,
2025-02-07,仅0:00预报,45252.72582737495,45252.72582737495,0.0,19297.517817399355,0.0,0.0,19297.517817399355,0,0,0,0.0
2025-02-07,更新至6:00,45252.72582737495,45252.72582737495,0.0,19297.517817399355,0.0,0.0,19297.517817399355,0,1,0,0.0
2025-02-07,更新至12:00,45252.72582737495,45842.114979844075,0.0,19297.517817399355,300.36179187378866,0.0,19597.879609273143,1,1,0,7.448043286414759
2025-02-07,更新至18:00,45252.72582737495,45294.25103313626,0.0,19297.517817399355,21.134253472221772,0.0,19318.652070871576,2,1,0,56.854318797414635
2025-02-08,仅0:00预报,38219.79854871399,38219.79854871399,0.0,15908.670572436906,0.0,0.0,15908.670572436906,0,0,0,0.0
2025-02-08,更新至6:00,38219.79854871399,38381.14892632819,0.0,15908.670572436906,161.38647892269753,0.0,16070.057051359603,1,0,0,122.70879985509237
2025-02-08,更新至12:00,38219.79854871399,38421.34124487378,2.2737367544323206e-13,15908.670572436906,201.12531712220317,8.288907338283025e-13,16109.79588955911,2,0,0,142.41684624962772
2025-02-08,更新至18:00,38219.79854871399,38421.34124487378,2.2737367544323206e-13,15908.670572436906,201.12531712220317,8.288907338283025e-13,16109.79588955911,2,1,0,142.41684624962772
2025-02-09,仅0:00预报,89397.15968575483,89397.15968575483,0.0,64236.743348569806,0.0,0.0,64236.743348569806,0,0,0,0.0
2025-02-09,更新至6:00,89397.15968575483,89397.15968575483,0.0,64236.743348569806,0.0,0.0,64236.743348569806,0,1,0,0.0
2025-02-09,更新至12:00,89397.15968575483,89397.15968575483,0.0,64236.743348569806,0.0,0.0,64236.743348569806,0,2,0,0.0
2025-02-09,更新至18:00,89397.15968575483,89397.15968575483,0.0,64236.743348569806,0.0,0.0,64236.743348569806,0,3,0,0.0
2025-02-10,仅0:00预报,82952.06393279252,82952.06393279252,3.410605131648481e-13,57319.076878526444,0.0,1.7341221791866702e-12,57319.076878526444,0,0,0,0.0
2025-02-10,更新至6:00,82952.06393279252,82952.06393279252,3.410605131648481e-13,57319.076878526444,0.0,1.7341221791866702e-12,57319.076878526444,0,1,0,0.0
2025-02-10,更新至12:00,82952.06393279252,82952.06393279252,3.410605131648481e-13,57319.076878526444,0.0,1.7341221791866702e-12,57319.076878526444,0,2,0,0.0
2025-02-10,更新至18:00,82952.06393279252,82952.06393279252,3.410605131648481e-13,57319.076878526444,0.0,1.7341221791866702e-12,57319.076878526444,0,3,0,0.0
2025-02-11,仅0:00预报,84492.38803030326,84492.38803030326,0.0,58444.68511658439,0.0,0.0,58444.68511658439,0,0,0,0.0
2025-02-11,更新至6:00,84492.38803030326,84495.42256363659,0.0,58444.68511658439,6.082115160000247,0.0,58450.767231744394,1,0,0,2.0186626093327504
2025-02-11,更新至12:00,84492.38803030326,84495.42256363659,0.0,58444.68511658439,6.082115160000247,0.0,58450.767231744394,1,1,0,2.0186626093327504
2025-02-11,更新至18:00,84492.38803030326,84495.42256363659,0.0,58444.68511658439,6.082115160000247,0.0,58450.767231744394,1,2,0,2.0186626093327504
2025-02-12,仅0:00预报,84612.32759885583,84612.32759885583,0.0,58661.72943116022,0.0,0.0,58661.72943116022,0,0,0,0.0
2025-02-12,更新至6:00,84612.32759885583,84612.32759885583,0.0,58661.72943116022,0.0,0.0,58661.72943116022,0,1,0,0.0
2025-02-12,更新至12:00,84612.32759885583,84612.32759885583,0.0,58661.72943116022,0.0,0.0,58661.72943116022,0,2,0,0.0
2025-02-12,更新至18:00,84612.32759885583,84612.32759885583,0.0,58661.72943116022,0.0,0.0,58661.72943116022,0,3,0,0.0
2025-02-13,仅0:00预报,82345.05184628534,82345.05184628534,2.2737367544323206e-13,55570.547851762814,0.0,1.1634710972430184e-12,55570.547851762814,0,0,0,0.0
2025-02-13,更新至6:00,82345.05184628534,82345.05184628534,2.2737367544323206e-13,55570.547851762814,0.0,1.1634710972430184e-12,55570.547851762814,0,1,0,0.0
2025-02-13,更新至12:00,82345.05184628534,82345.05184628534,2.2737367544323206e-13,55570.547851762814,0.0,1.1634710972430184e-12,55570.547851762814,0,2,0,0.0
2025-02-13,更新至18:00,82345.05184628534,82345.05184628534,2.2737367544323206e-13,55570.547851762814,0.0,1.1634710972430184e-12,55570.547851762814,0,3,0,0.0
2025-02-14,仅0:00预报,38519.16444927644,38519.16444927644,0.0,16089.747757146639,0.0,0.0,16089.747757146639,0,0,0,0.0
2025-02-14,更新至6:00,38519.16444927644,38906.39453564474,0.0,16089.747757146639,200.59414555258752,0.0,16290.341902699227,1,0,0,7.51774526103236
2025-02-14,更新至12:00,38519.16444927644,38887.27322731141,0.0,16089.747757146639,186.1894199300881,0.0,16275.937177076727,2,0,0,8.639340905794597
2025-02-14,更新至18:00,38519.16444927644,38519.16444927644,0.0,16089.747757146639,0.0,0.0,16089.747757146639,3,0,0,37.68266544353992
2025-02-15,仅0:00预报,38521.437854366595,38521.437854366595,2.2737367544323206e-13,16525.071507456094,0.0,6.497202775790356e-13,16525.071507456094,0,0,0,0.0
2025-02-15,更新至6:00,38521.437854366595,38521.437854366595,2.2737367544323206e-13,16525.071507456094,0.0,6.497202775790356e-13,16525.071507456094,0,1,0,0.1660230413235695
2025-02-15,更新至12:00,38521.437854366595,38896.754308796815,2.2737367544323206e-13,16525.071507456094,187.48922439807308,6.497202775790356e-13,16712.560731854166,1,1,0,5.022130211606964
2025-02-15,更新至18:00,38521.437854366595,38521.437854366595,2.2737367544323206e-13,16525.071507456094,0.0,6.497202775790356e-13,16525.071507456094,2,1,0,29.92412772793523
2025-02-16,仅0:00预报,87825.23204191495,87825.23204191495,0.0,61403.39668689774,0.0,0.0,61403.39668689774,0,0,0,0.0
2025-02-16,更新至6:00,87825.23204191495,87825.23204191495,0.0,61403.39668689774,0.0,0.0,61403.39668689774,0,1,0,0.0
2025-02-16,更新至12:00,87825.23204191495,87825.23204191495,0.0,61403.39668689774,0.0,0.0,61403.39668689774,0,2,0,0.0
2025-02-16,更新至18:00,87825.23204191495,87825.23204191495,0.0,61403.39668689774,0.0,0.0,61403.39668689774,0,3,0,0.0
2025-02-17,仅0:00预报,84540.39293578448,84540.39293578448,0.0,57710.16060107478,0.0,0.0,57710.16060107478,0,0,0,0.0
2025-02-17,更新至6:00,84540.39293578448,84540.39293578448,0.0,57710.16060107478,0.0,0.0,57710.16060107478,0,1,0,0.0
2025-02-17,更新至12:00,84540.39293578448,84540.39293578448,0.0,57710.16060107478,0.0,0.0,57710.16060107478,0,2,0,0.0
2025-02-17,更新至18:00,84540.39293578448,84540.39293578448,0.0,57710.16060107478,0.0,0.0,57710.16060107478,0,3,0,0.0
2025-02-18,仅0:00预报,77727.58033540541,77727.58033540541,24.471675000000005,52141.739099730425,0.0,124.70765580000003,52266.44675553042,0,0,0,0.0
2025-02-18,更新至6:00,77727.58033540541,77811.58273082206,9.355908333333332,52141.739099730425,114.72401326855763,47.67770886666666,52304.14082186564,1,0,0,44.92702010242374
2025-02-18,更新至12:00,77727.58033540541,77811.58273082206,9.355908333333332,52141.739099730425,114.72401326855763,47.67770886666666,52304.14082186564,1,1,0,44.92702010242374
2025-02-18,更新至18:00,77727.58033540541,77811.58273082206,9.355908333333332,52141.739099730425,114.72401326855763,47.67770886666666,52304.14082186564,1,2,0,44.92702010242374
2025-02-19,仅0:00预报,75455.5496767197,75455.5496767197,1370.2946369087324,50884.09390387926,0.0,8756.6435818215,59640.73748570075,0,0,0,0.0
2025-02-19,更新至6:00,75455.5496767197,75971.02873930073,1008.7684048803179,50884.09390387926,378.57580023370963,6474.400639673206,57737.070343786174,1,0,0,172.54049272528937
2025-02-19,更新至12:00,75455.5496767197,78148.52985314367,5.285350000000108,50884.09390387926,2814.674306827633,27.483820000000566,53726.25203070689,2,0,0,2293.852879373284
2025-02-19,更新至18:00,75455.5496767197,78148.52985314367,5.285350000000108,50884.09390387926,2814.674306827633,27.483820000000566,53726.25203070689,2,1,0,2293.852879373284
2025-02-20,仅0:00预报,79032.61966483555,79032.61966483555,51.45631250000008,53225.314975294954,0.0,288.69564128125046,53514.010616576204,0,0,0,0.0
2025-02-20,更新至6:00,79032.61966483555,79296.3124485316,51.45631250000008,53225.314975294954,346.3279419821324,288.69564128125046,53860.33855855834,1,0,0,248.43346711130107
2025-02-20,更新至12:00,79032.61966483555,79032.61966483555,51.45631250000008,53225.314975294954,0.0,288.69564128125046,53514.010616576204,2,0,0,419.8250178973167
2025-02-20,更新至18:00,79032.61966483555,79032.61966483555,51.45631250000008,53225.314975294954,0.0,288.69564128125046,53514.010616576204,2,1,0,419.8250178973167
2025-02-21,仅0:00预报,35717.716821453185,35717.716821453185,0.0,14976.929501319079,0.0,0.0,14976.929501319079,0,0,0,0.0
2025-02-21,更新至6:00,35717.716821453185,35717.716821453185,0.0,14976.929501319079,0.0,0.0,14976.929501319079,0,1,0,0.32312113017724187
2025-02-21,更新至12:00,35717.716821453185,36001.584604366595,0.0,14976.929501319079,166.5310348461511,0.0,15143.46053616523,1,1,0,33.44029120527102
2025-02-21,更新至18:00,35717.716821453185,35717.716821453185,0.0,14976.929501319079,0.0,0.0,14976.929501319079,2,1,0,41.89557698712997
2025-02-22,仅0:00预报,34821.56047667805,34821.56047667805,167.52284706944846,14950.271720337521,0.0,841.9839119875472,15792.255632325068,0,0,0,0.0
2025-02-22,更新至6:00,34821.56047667805,35296.326969850474,167.52284706944846,14950.271720337521,279.2466903235983,841.9839119875472,16071.502322648666,1,0,0,15.934500243204639
2025-02-22,更新至12:00,34821.56047667805,35192.153938967225,167.52284706944846,14950.271720337521,181.49652958684155,841.9839119875472,15973.75216191191,2,0,0,73.75221014074577
2025-02-22,更新至18:00,34821.56047667805,34821.56047667805,167.52284706944846,14950.271720337521,0.0,841.9839119875472,15792.255632325068,3,0,0,88.31663803362335
2025-02-23,仅0:00预报,78287.49569517102,78287.49569517102,150.652822555557,52305.2771596055,0.0,751.1595393250628,53056.43669893056,0,0,0,0.0
2025-02-23,更新至6:00,78287.49569517102,78355.89627939324,82.2522383333328,52305.2771596055,99.82475157414254,412.17118472249757,52817.27309590214,1,0,0,31.14656272956563
2025-02-23,更新至12:00,78287.49569517102,78355.89627939324,82.2522383333328,52305.2771596055,99.82475157414254,412.17118472249757,52817.27309590214,1,1,0,31.14656272956563
2025-02-23,更新至18:00,78287.49569517102,78355.89627939324,82.2522383333328,52305.2771596055,99.82475157414254,412.17118472249757,52817.27309590214,1,2,0,31.14656272956563
2025-02-24,仅0:00预报,73979.88893974022,73979.88893974022,34.148083333333375,49554.291133079445,0.0,174.289304391667,49728.580437471115,0,0,0,0.0
2025-02-24,更新至6:00,73979.88893974022,75736.21663094376,34.148083333333375,49554.291133079445,1392.200229493546,174.289304391667,51120.78066696466,1,0,0,1714.5486287665956
2025-02-24,更新至12:00,73979.88893974022,75028.35879066598,34.148083333333375,49554.291133079445,874.5216198737542,174.289304391667,50603.10205734487,2,0,0,2279.7703686101377
2025-02-24,更新至18:00,73979.88893974022,75028.35879066598,34.148083333333375,49554.291133079445,874.5216198737542,174.289304391667,50603.10205734487,2,1,0,2279.7703686101377
2025-02-25,仅0:00预报,75017.66848768143,75017.66848768143,1.1368683772161603e-13,49888.42923674945,0.0,5.460947249957826e-13,49888.42923674945,0,0,0,0.0
2025-02-25,更新至6:00,75017.66848768143,75017.66848768143,1.1368683772161603e-13,49888.42923674945,0.0,5.460947249957826e-13,49888.42923674945,0,1,0,0.0
2025-02-25,更新至12:00,75017.66848768143,75017.66848768143,1.1368683772161603e-13,49888.42923674945,0.0,5.460947249957826e-13,49888.42923674945,0,2,0,0.0
2025-02-25,更新至18:00,75017.66848768143,75017.66848768143,1.1368683772161603e-13,49888.42923674945,0.0,5.460947249957826e-13,49888.42923674945,0,3,0,0.0
2025-02-26,仅0:00预报,67967.3982065064,67967.3982065064,3801.8327910417424,44846.50744116241,0.0,23483.911783968975,68330.41922513138,0,0,0,0.0
2025-02-26,更新至6:00,67967.3982065064,70299.92493103337,1743.5843991735164,44846.50744116241,2502.4365711336063,11205.251632280657,58554.19564457667,1,0,0,3573.4018286512082
2025-02-26,更新至12:00,67967.3982065064,73012.39527620183,15.19334583333341,44846.50744116241,5509.529723902886,77.2172701687504,50433.25443523405,2,0,0,7593.769340955874
2025-02-26,更新至18:00,67967.3982065064,73012.39527620183,15.19334583333341,44846.50744116241,5509.529723902886,77.2172701687504,50433.25443523405,2,1,0,7593.769340955874
2025-02-27,仅0:00预报,69959.17553305042,69959.17553305042,1298.8761692751468,45460.011042816914,0.0,7753.886942691596,53213.89798550851,0,0,0,0.0
2025-02-27,更新至6:00,69959.17553305042,70836.29301211557,476.9410919557099,45460.011042816914,1208.6963584153425,2931.5889934814277,49600.29639471368,1,0,0,477.5811319510758
2025-02-27,更新至12:00,69959.17553305042,72108.8742143022,19.832862500000488,45460.011042816914,2224.5213676677668,101.42525882500247,47785.95766930968,2,0,0,1241.1174220496218
2025-02-27,更新至18:00,69959.17553305042,72108.8742143022,19.832862500000488,45460.011042816914,2224.5213676677668,101.42525882500247,47785.95766930968,2,1,0,1241.1174220496218
2025-02-28,仅0:00预报,33466.5817313353,33466.5817313353,551.5337984166707,13708.826028487285,0.0,2073.3376392773393,15782.163667764624,0,0,0,0.0
2025-02-28,更新至6:00,33466.5817313353,34072.552552437155,282.64876250000066,13708.826028487285,461.0548187314329,1116.1025248179749,15285.983372036691,1,0,0,208.8586595751185
2025-02-28,更新至12:00,33466.5817313353,34072.552552437155,282.64876250000066,13708.826028487285,461.0548187314329,1116.1025248179749,15285.983372036691,1,1,0,208.8586595751185
2025-02-28,更新至18:00,33466.5817313353,33735.46676725197,282.64876250000066,13708.826028487285,294.9052352136532,1116.1025248179749,15119.833788518914,2,1,0,263.48280454973246
2025-03-01,仅0:00预报,36546.09459940705,36546.09459940705,1.7053025658242404e-13,15082.264299341392,0.0,6.165237209643237e-13,15082.264299341392,0,0,0,0.0
2025-03-01,更新至6:00,36546.09459940705,36883.180384592226,1.7053025658242404e-13,15082.264299341392,164.38130666527923,6.165237209643237e-13,15246.64560600667,1,0,0,21.949808973368818
2025-03-01,更新至12:00,36546.09459940705,36883.180384592226,1.7053025658242404e-13,15082.264299341392,164.38130666527923,6.165237209643237e-13,15246.64560600667,1,1,0,21.949808973367908
2025-03-01,更新至18:00,36546.09459940705,36582.6272537998,1.7053025658242404e-13,15082.264299341392,17.815148914624775,6.165237209643237e-13,15100.079448256016,2,1,0,37.691658898337664
2025-03-02,仅0:00预报,77870.19529630062,77870.19529630062,539.2284564048648,51815.06041226185,0.0,3117.9314566063,54932.99186886815,0,0,0,0.0
2025-03-02,更新至6:00,77870.19529630062,79945.0287570249,299.8196177983515,51815.06041226185,2685.5897341254,1636.4859220370695,56137.13606842433,1,0,0,3131.537058118817
2025-03-02,更新至12:00,77870.19529630062,79945.0287570249,299.8196177983515,51815.06041226185,2685.5897341254,1636.4859220370695,56137.13606842433,1,1,0,3131.537058118817
2025-03-02,更新至18:00,77870.19529630062,79945.0287570249,299.8196177983515,51815.06041226185,2685.5897341254,1636.4859220370695,56137.13606842433,1,2,0,3131.537058118817
2025-03-03,仅0:00预报,81133.76447262321,81133.76447262321,361.87757924794755,54406.134052591784,0.0,2076.63598540689,56482.77003799867,0,0,0,0.0
2025-03-03,更新至6:00,81133.76447262321,81453.48629454861,42.15575732253626,54406.134052591784,445.9316716641224,201.37322775132714,55053.43895200724,1,0,0,104.07935332057878
2025-03-03,更新至12:00,81133.76447262321,81194.98132796527,300.6607239058685,54406.134052591784,81.31688953315732,1674.6969040946324,56162.147846219574,2,0,0,354.35131840519716
2025-03-03,更新至18:00,81133.76447262321,81375.69519420654,119.94685766461203,54406.134052591784,431.1103403396776,551.3866682252456,55388.63106115671,3,0,0,529.855498938342
2025-03-04,仅0:00预报,72713.33157414192,72713.33157414192,1066.8426075012608,47373.48886352076,0.0,6548.304448723295,53921.79331224406,0,0,0,0.0
2025-03-04,更新至6:00,72713.33157414192,74876.70779062613,2.2737367544323206e-13,47373.48886352076,2476.728867579656,1.302737473451998e-12,49850.21773110042,1,0,0,1117.5054017467269
2025-03-04,更新至12:00,72713.33157414192,74093.53364062612,2.2737367544323206e-13,47373.48886352076,1809.6500620446557,1.302737473451998e-12,49183.138925565414,2,0,0,1725.3936098882273
2025-03-04,更新至18:00,72713.33157414192,74093.53364062612,2.2737367544323206e-13,47373.48886352076,1809.6500620446557,1.302737473451998e-12,49183.138925565414,2,1,0,1725.3936098882273
2025-03-05,仅0:00预报,75814.67148435698,75814.67148435698,3.331633333333457,49011.05516916959,0.0,16.901375900000627,49027.95654506959,0,0,0,0.0
2025-03-05,更新至6:00,75814.67148435698,75814.67148435698,3.331633333333457,49011.05516916959,0.0,16.901375900000627,49027.95654506959,0,1,0,0.0
2025-03-05,更新至12:00,75814.67148435698,75814.67148435698,3.331633333333457,49011.05516916959,0.0,16.901375900000627,49027.95654506959,0,2,0,0.0
2025-03-05,更新至18:00,75814.67148435698,75814.67148435698,3.331633333333457,49011.05516916959,0.0,16.901375900000627,49027.95654506959,0,3,0,0.0
2025-03-06,仅0:00预报,70563.63578233859,70563.63578233859,2.2737367544323206e-13,45514.40770104399,0.0,1.2663576853810809e-12,45514.40770104399,0,0,0,0.0
2025-03-06,更新至6:00,70563.63578233859,70742.79117204796,2.2737367544323206e-13,45514.40770104399,206.56381334375436,1.2663576853810809e-12,45720.97151438774,1,0,0,65.46591448306208
2025-03-06,更新至12:00,70563.63578233859,70742.79117204796,2.2737367544323206e-13,45514.40770104399,206.56381334375436,1.2663576853810809e-12,45720.97151438774,1,1,0,65.46591448306208
2025-03-06,更新至18:00,70563.63578233859,70742.79117204796,2.2737367544323206e-13,45514.40770104399,206.56381334375436,1.2663576853810809e-12,45720.97151438774,1,2,0,65.46591448306208
2025-03-07,仅0:00预报,33811.39350718519,33811.39350718519,0.0,13930.191749599637,0.0,0.0,13930.191749599637,0,0,0,0.0
2025-03-07,更新至6:00,33811.39350718519,33811.39350718519,0.0,13930.191749599637,0.0,0.0,13930.191749599637,0,1,0,0.0
2025-03-07,更新至12:00,33811.39350718519,33811.39350718519,0.0,13930.191749599637,0.0,0.0,13930.191749599637,0,2,0,0.0
2025-03-07,更新至18:00,33811.39350718519,33811.39350718519,0.0,13930.191749599637,0.0,0.0,13930.191749599637,0,3,0,0.0
2025-03-08,仅0:00预报,31626.47645586625,31626.47645586625,243.27766370833808,13199.394253327548,0.0,762.2368047406401,13961.631058068187,0,0,0,0.0
2025-03-08,更新至6:00,31626.47645586625,32009.879948741254,0.0,13199.394253327548,355.19020095981125,0.0,13554.584454287358,1,0,0,148.48983914848577
2025-03-08,更新至12:00,31626.47645586625,32043.978705942896,0.0,13199.394253327548,372.4475819795618,0.0,13571.84183530711,2,0,0,150.3831062587533
2025-03-08,更新至18:00,31626.47645586625,32009.879948741254,0.0,13199.394253327548,355.19020095981125,0.0,13554.584454287358,3,0,0,156.51557678842892
2025-03-09,仅0:00预报,75068.37376498466,75068.37376498466,0.0,47336.75495726976,0.0,0.0,47336.75495726976,0,0,0,0.0
2025-03-09,更新至6:00,75068.37376498466,75068.37376498466,0.0,47336.75495726976,0.0,0.0,47336.75495726976,0,1,0,0.0
2025-03-09,更新至12:00,75068.37376498466,75130.28388165134,0.0,47336.75495726976,90.42643229500155,0.0,47427.181389564765,1,1,0,21.038493686161928
2025-03-09,更新至18:00,75068.37376498466,75130.28388165134,0.0,47336.75495726976,90.42643229500155,0.0,47427.181389564765,1,2,0,21.038493686161928
2025-03-10,仅0:00预报,71949.46020348373,71949.46020348373,400.9451627525275,46920.746855603895,0.0,2021.0256671666532,48941.772522770545,0,0,0,0.0
2025-03-10,更新至6:00,71949.46020348373,73172.08381794926,34.98632916666281,46920.746855603895,1664.3041376798174,158.40107884373126,48743.452072127446,1,0,0,1410.3569042974168
2025-03-10,更新至12:00,71949.46020348373,73172.08381794926,34.98632916666281,46920.746855603895,1664.3041376798174,158.40107884373126,48743.452072127446,1,1,0,1410.3569042974168
2025-03-10,更新至18:00,71949.46020348373,73172.08381794926,34.98632916666281,46920.746855603895,1664.3041376798174,158.40107884373126,48743.452072127446,1,2,0,1410.3569042974168
2025-03-11,仅0:00预报,63675.63410877521,63675.63410877521,4229.35719816667,40170.06740759971,0.0,26595.407773727664,66765.47518132738,0,0,0,0.0
2025-03-11,更新至6:00,63675.63410877521,70999.12020424637,4.547473508864641e-13,40170.06740759971,7276.579382130512,1.5096475181053392e-12,47446.64678973022,1,0,0,13447.276371908218
2025-03-11,更新至12:00,63675.63410877521,69294.99665278345,1.0231815394945443e-12,40170.06740759971,5175.07277675946,4.379899110062979e-12,45345.140184359174,2,0,0,15367.525924330306
2025-03-11,更新至18:00,63675.63410877521,69294.99665278345,1.0231815394945443e-12,40170.06740759971,5175.07277675946,4.379899110062979e-12,45345.140184359174,2,1,0,15367.525924330306
2025-03-12,仅0:00预报,72088.49678445575,72088.49678445575,0.0,45919.663645254106,0.0,0.0,45919.663645254106,0,0,0,0.0
2025-03-12,更新至6:00,72088.49678445575,72088.49678445575,0.0,45919.663645254106,0.0,0.0,45919.663645254106,0,1,0,0.0
2025-03-12,更新至12:00,72088.49678445575,72088.49678445575,0.0,45919.663645254106,0.0,0.0,45919.663645254106,0,2,0,0.0
2025-03-12,更新至18:00,72088.49678445575,72088.49678445575,0.0,45919.663645254106,0.0,0.0,45919.663645254106,0,3,0,0.0
2025-03-13,仅0:00预报,72835.79309051903,72835.79309051903,45.59255662499277,47139.863271718554,0.0,264.8595441761617,47404.72281589472,0,0,0,0.0
2025-03-13,更新至6:00,72835.79309051903,73570.94271650973,30.751347999997847,47139.863271718554,802.8083518740776,188.15550338381956,48130.82712697645,1,0,0,419.21024778402534
2025-03-13,更新至12:00,72835.79309051903,73329.38847597787,45.59255662499277,47139.863271718554,554.6576834845146,264.8595441761617,47959.38049937924,2,0,0,606.2272409321267
2025-03-13,更新至18:00,72835.79309051903,73329.38847597787,45.59255662499277,47139.863271718554,554.6576834845146,264.8595441761617,47959.38049937924,2,1,0,606.2272409321267
2025-03-14,仅0:00预报,30618.580647666673,30618.580647666673,12.540704999998866,12033.922082241392,0.0,65.41858763249388,12099.340669873885,0,0,0,0.0
2025-03-14,更新至6:00,30618.580647666673,30900.86889645834,0.0,12033.922082241392,278.56396715445305,0.0,12312.486049395844,1,0,0,170.2336267521173
2025-03-14,更新至12:00,30618.580647666673,31405.465021128093,1.1368683772161603e-13,12033.922082241392,528.8336090593041,3.928448677470442e-13,12562.755691300696,2,0,0,201.71079700492328
2025-03-14,更新至18:00,30618.580647666673,30792.99450970834,1.1368683772161603e-13,12033.922082241392,172.13290426328572,3.928448677470442e-13,12206.054986504678,3,0,0,357.4676516467157
2025-03-15,仅0:00预报,31406.58000609929,31406.58000609929,153.43060308333185,13021.06419251738,0.0,457.86638575849526,13478.930578275877,0,0,0,0.0
2025-03-15,更新至6:00,31406.58000609929,31415.155547349288,144.8550618333333,13021.06419251738,7.3565280613112325,433.34462555412443,13461.765346132815,1,0,0,2.5395607857744835
2025-03-15,更新至12:00,31406.58000609929,31415.155547349288,144.8550618333333,13021.06419251738,7.3565280613112325,433.34462555412443,13461.765346132815,1,1,0,2.5395607857744835
2025-03-15,更新至18:00,31406.58000609929,31415.155547349288,144.8550618333333,13021.06419251738,7.3565280613112325,433.34462555412443,13461.765346132815,1,2,0,2.5395607857744835
2025-03-16,仅0:00预报,68089.57809111345,68089.57809111345,274.01218958332436,43365.838197053105,0.0,1410.5644992457856,44776.40269629889,0,0,0,0.0
2025-03-16,更新至6:00,68089.57809111345,70210.20866217747,0.33958333333339397,43365.838197053105,2211.7467083326906,1.6732968750002988,45579.2582022608,1,0,0,943.2516888030068
2025-03-16,更新至12:00,68089.57809111345,70008.04067546912,0.33958333333339397,43365.838197053105,2043.8209953092783,1.6732968750002988,45411.332489237386,2,0,0,1084.4283990454414
2025-03-16,更新至18:00,68089.57809111345,70008.04067546912,0.33958333333339397,43365.838197053105,2043.8209953092783,1.6732968750002988,45411.332489237386,2,1,0,1084.4283990454414
2025-03-17,仅0:00预报,65821.99336724248,65821.99336724248,664.9343082333048,39709.39894699575,0.0,3521.360354652059,43230.75930164781,0,0,0,0.0
2025-03-17,更新至6:00,65821.99336724248,65821.99336724248,664.9343082333048,39709.39894699575,0.0,3521.360354652059,43230.75930164781,0,1,0,0.0
2025-03-17,更新至12:00,65821.99336724248,65957.15555711748,664.934308233305,39709.39894699575,178.6611336187195,3521.36035465206,43409.42043526653,1,1,0,143.2015074886158
2025-03-17,更新至18:00,65821.99336724248,65941.91102320235,664.934308233305,39709.39894699575,159.13784984300966,3521.36035465206,43389.897151490826,2,1,0,152.08428281227225
2025-03-18,仅0:00预报,73437.10039976853,73437.10039976853,0.0,46190.97913540031,0.0,0.0,46190.97913540031,0,0,0,0.0
2025-03-18,更新至6:00,73437.10039976853,74100.54931585802,0.0,46190.97913540031,771.7453887728257,0.0,46962.724524173136,1,0,0,664.2669458500104
2025-03-18,更新至12:00,73437.10039976853,73437.10039976853,0.0,46190.97913540031,0.0,0.0,46190.97913540031,2,0,0,1412.20059708202
2025-03-18,更新至18:00,73437.10039976853,73437.10039976853,0.0,46190.97913540031,0.0,0.0,46190.97913540031,2,1,0,1412.20059708202
2025-03-19,仅0:00预报,58863.021977058124,58863.021977058124,4076.4745678308223,37001.038292495476,0.0,24969.437261634044,61970.475554129516,0,0,0,0.0
2025-03-19,更新至6:00,58863.021977058124,67379.62702263016,121.97723766666559,37001.038292495476,7867.272932827455,610.2774277604947,45478.588653083425,1,0,0,10363.619271852678
2025-03-19,更新至12:00,58863.021977058124,65586.13201411368,121.9772376666657,37001.038292495476,5516.612464814851,610.2774277604952,43127.92818507083,2,0,0,12412.794748478078
2025-03-19,更新至18:00,58863.021977058124,65586.13201411368,121.9772376666657,37001.038292495476,5516.612464814851,610.2774277604952,43127.92818507083,2,1,0,12412.794748478078
2025-03-20,仅0:00预报,72545.07421109361,72545.07421109361,402.05389008333987,45460.71238688785,0.0,2084.5438603263683,47545.256247214216,0,0,0,0.0
2025-03-20,更新至6:00,72545.07421109361,72545.07421109361,402.05389008333987,45460.71238688785,0.0,2084.5438603263683,47545.256247214216,0,1,0,0.0
2025-03-20,更新至12:00,72545.07421109361,72545.07421109361,402.05389008333987,45460.71238688785,0.0,2084.5438603263683,47545.256247214216,0,2,0,0.0
2025-03-20,更新至18:00,72545.07421109361,72545.07421109361,402.05389008333987,45460.71238688785,0.0,2084.5438603263683,47545.256247214216,0,3,0,0.0
2025-03-21,仅0:00预报,29636.54805691667,29636.54805691667,689.1937839583334,11485.149172542826,0.0,2200.500280767188,13685.649453310014,0,0,0,0.0
2025-03-21,更新至6:00,29636.54805691667,30068.972320041667,256.76952083333344,11485.149172542826,417.14290806015623,810.0239205666672,12712.31600116965,1,0,0,591.330566693629
2025-03-21,更新至12:00,29636.54805691667,30688.34288753138,256.76952083333344,11485.149172542826,697.0674360371314,810.0239205666672,12992.240529146626,2,0,0,636.7531329788594
2025-03-21,更新至18:00,29636.54805691667,30068.972320041667,256.76952083333344,11485.149172542826,417.14290806015623,810.0239205666672,12712.31600116965,3,0,0,720.8790430305057
2025-03-22,仅0:00预报,31023.53143524433,31023.53143524433,234.45436504165963,12448.07925723218,0.0,764.6383236254754,13212.717580857656,0,0,0,0.0
2025-03-22,更新至6:00,31023.53143524433,31517.420153732495,0.0,12448.07925723218,473.6991738755374,0.0,12921.778431107718,1,0,0,186.8279944484584
2025-03-22,更新至12:00,31023.53143524433,31517.420153732495,0.0,12448.07925723218,473.6991738755374,0.0,12921.778431107718,1,1,0,187.1087466985291
2025-03-22,更新至18:00,31023.53143524433,31493.832129452658,0.0,12448.07925723218,462.7201279744868,0.0,12910.799385206668,2,1,0,194.81855533579255
2025-03-23,仅0:00预报,74012.98076031635,74012.98076031635,1.1368683772161603e-13,46063.08258624794,0.0,5.317133400239981e-13,46063.08258624794,0,0,0,0.0
2025-03-23,更新至6:00,74012.98076031635,74012.98076031635,1.1368683772161603e-13,46063.08258624794,0.0,5.317133400239981e-13,46063.08258624794,0,1,0,0.0
2025-03-23,更新至12:00,74012.98076031635,74012.98076031635,1.1368683772161603e-13,46063.08258624794,0.0,5.317133400239981e-13,46063.08258624794,0,2,0,0.0
2025-03-23,更新至18:00,74012.98076031635,74012.98076031635,1.1368683772161603e-13,46063.08258624794,0.0,5.317133400239981e-13,46063.08258624794,0,3,0,0.0
2025-03-24,仅0:00预报,67138.67790850413,67138.67790850413,1.1368683772161603e-13,41986.337406457795,0.0,5.705942385247909e-13,41986.337406457795,0,0,0,0.0
2025-03-24,更新至6:00,67138.67790850413,67138.67790850413,1.1368683772161603e-13,41986.337406457795,0.0,5.705942385247909e-13,41986.337406457795,0,1,0,0.0
2025-03-24,更新至12:00,67138.67790850413,67528.61063201391,1.1368683772161603e-13,41986.337406457795,470.00425091686975,5.705942385247909e-13,42456.341657374665,1,1,0,380.35787563667236
2025-03-24,更新至18:00,67138.67790850413,67480.8589823889,1.1368683772161603e-13,41986.337406457795,415.50290561737586,5.705942385247909e-13,42401.84031207517,2,1,0,419.0374996304945
2025-03-25,仅0:00预报,73933.79230837499,73933.79230837499,0.0,46957.80266021314,0.0,0.0,46957.80266021314,0,0,0,0.0
2025-03-25,更新至6:00,73933.79230837499,73933.79230837499,0.0,46957.80266021314,0.0,0.0,46957.80266021314,0,1,0,0.0
2025-03-25,更新至12:00,73933.79230837499,73933.79230837499,0.0,46957.80266021314,0.0,0.0,46957.80266021314,0,2,0,0.0
2025-03-25,更新至18:00,73933.79230837499,73933.79230837499,0.0,46957.80266021314,0.0,0.0,46957.80266021314,0,3,0,0.0
2025-03-26,仅0:00预报,67050.46479403239,67050.46479403239,574.0687134166594,40290.77068686322,0.0,3150.3172238559173,43441.08791071914,0,0,0,0.0
2025-03-26,更新至6:00,67050.46479403239,67696.02964644905,39.218639395414925,40290.77068686322,795.4552844057198,194.5131025906777,41280.73907385962,1,0,0,947.3103166350356
2025-03-26,更新至12:00,67050.46479403239,67602.87139049021,39.218639395414925,40290.77068686322,658.0588512615975,194.5131025906777,41143.3426407155,2,0,0,1021.6893274539143
2025-03-26,更新至18:00,67050.46479403239,67598.93567411572,39.218639395414925,40290.77068686322,653.8383858074187,194.5131025906777,41139.12217526132,3,0,0,1025.0380369139812
2025-03-27,仅0:00预报,69200.78793165895,69200.78793165895,1.1368683772161603e-13,42732.302774323194,0.0,5.101128408568911e-13,42732.302774323194,0,0,0,0.0
2025-03-27,更新至6:00,69200.78793165895,69934.59855189404,3.410605131648481e-13,42732.302774323194,860.0721214970092,1.6202648112084717e-12,43592.374895820205,1,0,0,315.1499130613838
2025-03-27,更新至12:00,69200.78793165895,69200.78793165895,1.1368683772161603e-13,42732.302774323194,0.0,5.101128408568911e-13,42732.302774323194,2,0,0,1124.3603645707835
2025-03-27,更新至18:00,69200.78793165895,69200.78793165895,1.1368683772161603e-13,42732.302774323194,0.0,5.101128408568911e-13,42732.302774323194,2,1,0,1124.3603645707835
2025-03-28,仅0:00预报,29794.14924891666,29794.14924891666,0.0,11784.662629309165,0.0,0.0,11784.662629309165,0,0,0,0.0
2025-03-28,更新至6:00,29794.14924891666,29794.14924891666,0.0,11784.662629309165,0.0,0.0,11784.662629309165,0,1,0,0.0
2025-03-28,更新至12:00,29794.14924891666,30388.35475204732,0.0,11784.662629309165,277.19686721045264,0.0,12061.859496519617,1,1,0,37.715253239907724
2025-03-28,更新至18:00,29794.14924891666,29794.14924891666,0.0,11784.662629309165,0.0,0.0,11784.662629309165,2,1,0,115.69010855068427
2025-03-29,仅0:00预报,28534.892854412887,28534.892854412887,924.4991797083387,11078.058385615339,0.0,3564.8533140606874,14642.911699676026,0,0,0,0.0
2025-03-29,更新至6:00,28534.892854412887,29778.844158109394,286.53027499999985,11078.058385615339,961.4788431735774,932.8519080479164,12972.389136836833,1,0,0,873.0513457574971
2025-03-29,更新至12:00,28534.892854412887,29692.83432703943,286.53027499999985,11078.058385615339,884.5113394425011,932.8519080479164,12895.421633105756,2,0,0,894.6611773075774
2025-03-29,更新至18:00,28534.892854412887,29195.00181716289,286.53027499999985,11078.058385615339,646.6718578489853,932.8519080479164,12657.58215151224,3,0,0,927.8400546491494
2025-03-30,仅0:00预报,69793.1998912073,69793.1998912073,0.0,41276.7464649322,0.0,0.0,41276.7464649322,0,0,0,0.0
2025-03-30,更新至6:00,69793.1998912073,69793.1998912073,0.0,41276.7464649322,0.0,0.0,41276.7464649322,0,1,0,0.0
2025-03-30,更新至12:00,69793.1998912073,69793.1998912073,0.0,41276.7464649322,0.0,0.0,41276.7464649322,0,2,0,0.0
2025-03-30,更新至18:00,69793.1998912073,69793.1998912073,0.0,41276.7464649322,0.0,0.0,41276.7464649322,0,3,0,0.0
2025-03-31,仅0:00预报,58385.75884234876,58385.75884234876,2197.233644477081,35771.470669831826,0.0,13237.491856581444,49008.96252641327,0,0,0,0.0
2025-03-31,更新至6:00,58385.75884234876,62850.21264710139,0.0,35771.470669831826,5153.2441148072585,0.0,40924.71478463909,1,0,0,6369.097798566539
2025-03-31,更新至12:00,58385.75884234876,60868.797160249,10.266882583331835,35771.470669831826,2608.581509761421,47.427864093701416,38427.48004368695,2,0,0,8772.461250043863
2025-03-31,更新至18:00,58385.75884234876,60951.31115440483,0.0,35771.470669831826,2778.7257868467864,0.0,38550.19645667861,3,0,0,8997.35983930046
2025-04-01,仅0:00预报,67022.80233807355,67022.80233807355,1.1368683772161603e-13,41266.65836743806,0.0,5.637730282614938e-13,41266.65836743806,0,0,0,0.0
2025-04-01,更新至6:00,67022.80233807355,69187.96557383746,1.1368683772161603e-13,41266.65836743806,2388.4253296545608,5.637730282614938e-13,43655.08369709262,1,0,0,2143.3703275823214
2025-04-01,更新至12:00,67022.80233807355,67568.2182839069,1.1368683772161603e-13,41266.65836743806,649.4168820004041,5.637730282614938e-13,41916.075249438465,2,0,0,3710.728760365176
2025-04-01,更新至18:00,67022.80233807355,67554.36817811523,1.1368683772161603e-13,41266.65836743806,632.7635147965038,5.637730282614938e-13,41899.421882234565,3,0,0,3721.7019311416193
2025-04-02,仅0:00预报,62926.3138363273,62926.3138363273,1412.024721316945,39080.75516480172,0.0,9127.03362726243,48207.78879206415,0,0,0,0.0
2025-04-02,更新至6:00,62926.3138363273,66247.99738080811,0.0,39080.75516480172,2935.5454774119585,0.0,42016.300642213675,1,0,0,4224.94583246323
2025-04-02,更新至12:00,62926.3138363273,65037.00653586854,0.0,39080.75516480172,1668.7751445275408,0.0,40749.53030932926,2,0,0,5542.871479750262
2025-04-02,更新至18:00,62926.3138363273,65030.58413005159,0.0,39080.75516480172,1657.5818545494676,0.0,40738.33701935119,3,0,0,5552.372842333556
2025-04-03,仅0:00预报,62272.022956211295,62272.022956211295,0.0,39945.31651054161,0.0,0.0,39945.31651054161,0,0,0,0.0
2025-04-03,更新至6:00,62272.022956211295,62272.022956211295,0.0,39945.31651054161,0.0,0.0,39945.31651054161,0,1,0,0.0
2025-04-03,更新至12:00,62272.022956211295,62272.022956211295,0.0,39945.31651054161,0.0,0.0,39945.31651054161,0,2,0,0.0
2025-04-03,更新至18:00,62272.022956211295,62272.022956211295,0.0,39945.31651054161,0.0,0.0,39945.31651054161,0,3,0,0.0
2025-04-04,仅0:00预报,28877.25122879166,28877.25122879166,5.684341886080802e-14,10940.239751180528,0.0,2.2109247765911277e-13,10940.239751180528,0,0,0,0.0
2025-04-04,更新至6:00,28877.25122879166,29048.40051454321,5.684341886080802e-14,10940.239751180528,85.0012927685055,2.2109247765911277e-13,11025.241043949034,1,0,0,6.519190393799363
2025-04-04,更新至12:00,28877.25122879166,29427.901949196843,5.684341886080802e-14,10940.239751180528,314.87776484232546,2.2109247765911277e-13,11255.117516022854,2,0,0,76.36875501923714
2025-04-04,更新至18:00,28877.25122879166,29137.678860273656,5.684341886080802e-14,10940.239751180528,170.73846772862706,2.2109247765911277e-13,11110.978218909155,3,0,0,111.36917241366427
2025-04-05,仅0:00预报,26319.978177000412,26319.978177000412,705.7964078333371,10650.860057879136,0.0,2157.1118890575954,12807.97194693673,0,0,0,0.0
2025-04-05,更新至6:00,26319.978177000412,26971.40005150041,133.69991666666687,10650.860057879136,603.2565895963537,418.904976189584,11673.021623665074,1,0,0,848.3522522908338
2025-04-05,更新至12:00,26319.978177000412,29247.772138588894,133.69991666666687,10650.860057879136,1860.9482696983848,418.904976189584,12930.713303767105,2,0,0,1161.5551462582425
2025-04-05,更新至18:00,26319.978177000412,26977.649272333743,133.69991666666687,10650.860057879136,609.2455303819788,418.904976189584,11679.010564450698,3,0,0,1310.1705468379732
2025-04-06,仅0:00预报,61448.98465656018,61448.98465656018,14.789090333328659,37616.81541663882,0.0,72.44435899781044,37689.25977563663,0,0,0,0.0
2025-04-06,更新至6:00,61448.98465656018,61853.00288711091,14.789090333328659,37616.81541663882,536.2536764233942,72.44435899781044,38225.513452060026,1,0,0,411.0181709540284
2025-04-06,更新至12:00,61448.98465656018,61851.95122527963,14.789090333328659,37616.81541663882,533.3896203693753,72.44435899781044,38222.649396006,2,0,0,415.19292278472176
2025-04-06,更新至18:00,61448.98465656018,61835.24423942572,14.789090333328659,37616.81541663882,508.8880034623848,72.44435899781044,38198.14777909902,3,0,0,432.09118949569574
2025-04-07,仅0:00预报,61061.32350985893,61061.32350985893,0.0,36424.0090110165,0.0,0.0,36424.0090110165,0,0,0,0.0
2025-04-07,更新至6:00,61061.32350985893,63478.30688001972,0.0,36424.0090110165,2450.082719976938,0.0,38874.09173099344,1,0,0,1886.4548930056844
2025-04-07,更新至12:00,61061.32350985893,61761.33199843506,0.0,36424.0090110165,704.1300144593627,0.0,37128.13902547586,2,0,0,3495.2772879821096
2025-04-07,更新至18:00,61061.32350985893,61761.33199843506,0.0,36424.0090110165,704.1300144593627,0.0,37128.13902547586,2,1,0,3495.2772879821096
2025-04-08,仅0:00预报,67300.57561764751,67300.57561764751,0.0,40835.71799979401,0.0,0.0,40835.71799979401,0,0,0,0.0
2025-04-08,更新至6:00,67300.57561764751,67457.6180461046,0.0,40835.71799979401,220.25487401065038,0.0,41055.97287380466,1,0,0,121.40375483668777
2025-04-08,更新至12:00,67300.57561764751,67300.57561764751,0.0,40835.71799979401,0.0,0.0,40835.71799979401,2,0,0,218.91898648488132
2025-04-08,更新至18:00,67300.57561764751,67300.57561764751,0.0,40835.71799979401,0.0,0.0,40835.71799979401,2,1,0,218.91898648488132
2025-04-09,仅0:00预报,66834.1913464547,66834.1913464547,2.2737367544323206e-13,40825.008208843705,0.0,1.2262830750842113e-12,40825.008208843705,0,0,0,0.0
2025-04-09,更新至6:00,66834.1913464547,67756.23435984753,1.1368683772161603e-13,40825.008208843705,1058.1032258386,7.309495231311303e-13,41883.1114346823,1,0,0,555.8098544076452
2025-04-09,更新至12:00,66834.1913464547,67683.36562243575,1.1368683772161603e-13,40825.008208843705,1026.9159012651178,7.309495231311303e-13,41851.92411010882,2,0,0,650.1370224599355
2025-04-09,更新至18:00,66834.1913464547,67663.2503476833,1.1368683772161603e-13,40825.008208843705,999.9503696957152,7.309495231311303e-13,41824.95857853942,3,0,0,667.4357278200619
2025-04-10,仅0:00预报,63878.41511846771,63878.41511846771,0.0,39332.93488429846,0.0,0.0,39332.93488429846,0,0,0,0.0
2025-04-10,更新至6:00,63878.41511846771,64889.094405776355,0.0,39332.93488429846,624.680816805522,0.0,39957.61570110398,1,0,0,196.65203562032957
2025-04-10,更新至12:00,63878.41511846771,64727.91498077636,0.0,39332.93488429846,531.6881380236468,0.0,39864.62302232211,2,0,0,277.0382041012049
2025-04-10,更新至18:00,63878.41511846771,64727.91498077636,0.0,39332.93488429846,531.6881380236468,0.0,39864.62302232211,2,1,0,277.0382041012049
2025-04-11,仅0:00预报,27134.33658870576,27134.33658870576,1071.1320475833338,10473.182180798518,0.0,3527.2645261489183,14000.446706947436,0,0,0,0.0
2025-04-11,更新至6:00,27134.33658870576,28253.500685080755,255.39418333333344,10473.182180798518,1074.2804930661716,868.922562416667,12416.385236281356,1,0,0,1434.0093336663226
2025-04-11,更新至12:00,27134.33658870576,28037.533532122427,255.39418333333344,10473.182180798518,879.2861999028003,868.922562416667,12221.390943117985,2,0,0,1636.2627558604768
2025-04-11,更新至18:00,27134.33658870576,28037.533532122427,255.39418333333344,10473.182180798518,879.2861999028003,868.922562416667,12221.390943117985,2,1,0,1636.2627558604768
2025-04-12,仅0:00预报,27451.501286537336,27451.501286537336,1.1368683772161603e-13,10847.610726578441,0.0,3.640820978034753e-13,10847.610726578441,0,0,0,0.0
2025-04-12,更新至6:00,27451.501286537336,27451.501286537336,1.1368683772161603e-13,10847.610726578441,0.0,3.640820978034753e-13,10847.610726578441,0,1,0,0.0
2025-04-12,更新至12:00,27451.501286537336,27451.501286537336,1.1368683772161603e-13,10847.610726578441,0.0,3.640820978034753e-13,10847.610726578441,0,2,0,0.0
2025-04-12,更新至18:00,27451.501286537336,29027.202865704,1.1368683772161603e-13,10847.610726578441,816.8767266762502,3.640820978034753e-13,11664.487453254691,1,2,0,37.86244562023603
2025-04-13,仅0:00预报,55938.62083408641,55938.62083408641,1.1368683772161603e-13,34549.38126378371,0.0,3.9176484278868886e-13,34549.38126378371,0,0,0,0.0
2025-04-13,更新至6:00,55938.62083408641,55938.62083408641,1.1368683772161603e-13,34549.38126378371,0.0,3.9176484278868886e-13,34549.38126378371,0,1,0,0.0
2025-04-13,更新至12:00,55938.62083408641,55938.62083408641,1.1368683772161603e-13,34549.38126378371,0.0,3.9176484278868886e-13,34549.38126378371,0,2,0,0.0
2025-04-13,更新至18:00,55938.62083408641,55938.62083408641,1.1368683772161603e-13,34549.38126378371,0.0,3.9176484278868886e-13,34549.38126378371,0,3,0,0.0
2025-04-14,仅0:00预报,65465.518766962334,65465.518766962334,1.1368683772161603e-13,39489.66100197741,0.0,4.779394657816738e-13,39489.66100197741,0,0,0,0.0
2025-04-14,更新至6:00,65465.518766962334,65465.518766962334,1.1368683772161603e-13,39489.66100197741,0.0,4.779394657816738e-13,39489.66100197741,0,1,0,0.0
2025-04-14,更新至12:00,65465.518766962334,65465.518766962334,1.1368683772161603e-13,39489.66100197741,0.0,4.779394657816738e-13,39489.66100197741,0,2,0,0.0
2025-04-14,更新至18:00,65465.518766962334,65465.518766962334,1.1368683772161603e-13,39489.66100197741,0.0,4.779394657816738e-13,39489.66100197741,0,3,0,0.0
2025-04-15,仅0:00预报,53313.02889820343,53313.02889820343,564.7832617083369,31744.51242688023,0.0,3472.447557372378,35216.95998425261,0,0,0,0.0
2025-04-15,更新至6:00,53313.02889820343,54609.25275636412,35.681412252087625,31744.51242688023,1451.7342610273126,151.87532554682883,33348.12201345437,1,0,0,1278.0304860224155
2025-04-15,更新至12:00,53313.02889820343,53468.056068974525,409.75609093724245,31744.51242688023,235.6648593647704,2520.779671587001,34500.956957832,2,0,0,2133.093628286373
2025-04-15,更新至18:00,53313.02889820343,53814.603381707035,63.20877820472924,31744.51242688023,893.016096858253,292.4747714501937,32930.003295188675,3,0,0,3159.6452074875738
2025-04-16,仅0:00预报,64871.7699745651,64871.7699745651,397.2998167148336,38142.798521333796,0.0,2458.3691560879697,40601.16767742176,0,0,0,0.0
2025-04-16,更新至6:00,64871.7699745651,66219.29277276891,2.2737367544323206e-13,38142.798521333796,1719.1349384619418,8.480469659843948e-13,39861.933459795735,1,0,0,1833.3046864146168
2025-04-16,更新至12:00,64871.7699745651,65718.06803293113,2.2737367544323206e-13,38142.798521333796,1089.7776415985313,8.480469659843948e-13,39232.576162932324,2,0,0,2344.265502776258
2025-04-16,更新至18:00,64871.7699745651,65696.99248138946,2.2737367544323206e-13,38142.798521333796,1053.3238636221001,8.480469659843948e-13,39196.122384955896,3,0,0,2349.991472907874
2025-04-17,仅0:00预报,55449.11814892447,55449.11814892447,1354.9329950814758,33486.915093382224,0.0,8727.730274583942,42214.645367966164,0,0,0,0.0
2025-04-17,更新至6:00,55449.11814892447,60246.78468254171,1.1368683772161603e-13,33486.915093382224,3406.9123625566244,5.182414497539866e-13,36893.82745593885,1,0,0,2880.144404248217
2025-04-17,更新至12:00,55449.11814892447,57866.24668189098,1.1368683772161603e-13,33486.915093382224,1743.8722617132978,5.182414497539866e-13,35230.78735509552,2,0,0,4243.157122301129
2025-04-17,更新至18:00,55449.11814892447,57866.24668189098,1.1368683772161603e-13,33486.915093382224,1743.8722617132978,5.182414497539866e-13,35230.78735509552,2,1,0,4243.157122301129
2025-04-18,仅0:00预报,26690.246614791668,26690.246614791668,364.03657666666817,10055.490252612124,0.0,1134.0790056050048,11189.569258217129,0,0,0,0.0
2025-04-18,更新至6:00,26690.246614791668,27700.388111155356,5.684341886080802e-14,10055.490252612124,715.9028458869674,2.0551738089125137e-13,10771.393098499091,1,0,0,586.6635804268417
2025-04-18,更新至12:00,26690.246614791668,27759.675092225312,5.684341886080802e-14,10055.490252612124,759.017289937633,2.0551738089125137e-13,10814.507542549756,2,0,0,592.39074803726
2025-04-18,更新至18:00,26690.246614791668,27247.606391458336,5.684341886080802e-14,10055.490252612124,524.669049031625,2.0551738089125137e-13,10580.15930164375,3,0,0,641.4462523992606
2025-04-19,仅0:00预报,27385.376767731846,27385.376767731846,5.684341886080802e-14,10277.930163681021,0.0,1.922160208778223e-13,10277.930163681021,0,0,0,0.0
2025-04-19,更新至6:00,27385.376767731846,27647.890390914967,1.7053025658242404e-13,10277.930163681021,224.6550938210763,5.717026851925767e-13,10502.585257502098,1,0,0,81.90172066273226
2025-04-19,更新至12:00,27385.376767731846,28073.238394805914,1.7053025658242404e-13,10277.930163681021,559.9528666190023,5.717026851925767e-13,10837.883030300023,2,0,0,676.7811188941632
2025-04-19,更新至18:00,27385.376767731846,27869.795855231845,1.7053025658242404e-13,10277.930163681021,447.2967445298192,5.717026851925767e-13,10725.226908210841,3,0,0,726.1493297919806
2025-04-20,仅0:00预报,55907.12715876624,55907.12715876624,2.2737367544323206e-13,33916.276988917474,0.0,1.0866756383620669e-12,33916.276988917474,0,0,0,0.0
2025-04-20,更新至6:00,55907.12715876624,56064.599193987946,2.2737367544323206e-13,33916.276988917474,173.45775732513016,1.0866756383620669e-12,34089.734746242604,1,0,0,40.91791464160087
2025-04-20,更新至12:00,55907.12715876624,56490.2230638734,2.2737367544323206e-13,33916.276988917474,660.0898950024255,1.0866756383620669e-12,34576.3668839199,2,0,0,404.7723353097358
2025-04-20,更新至18:00,55907.12715876624,56471.68037079007,2.2737367544323206e-13,33916.276988917474,634.9912830316131,1.0866756383620669e-12,34551.268271949084,3,0,0,406.0862573239333
2025-04-21,仅0:00预报,61932.879100074606,61932.879100074606,0.0,35780.39988677553,0.0,0.0,35780.39988677553,0,0,0,0.0
2025-04-21,更新至6:00,61932.879100074606,61932.879100074606,0.0,35780.39988677553,0.0,0.0,35780.39988677553,0,1,0,0.0
2025-04-21,更新至12:00,61932.879100074606,61932.879100074606,0.0,35780.39988677553,0.0,0.0,35780.39988677553,0,2,0,0.0
2025-04-21,更新至18:00,61932.879100074606,61936.7675456996,0.0,35780.39988677553,4.610141133000171,0.0,35785.01002790853,1,2,0,2.0986018807043365
2025-04-22,仅0:00预报,53384.068869631,53384.068869631,1732.328310500657,32249.179437304458,0.0,10779.002692761806,43028.18213006626,0,0,0,0.0
2025-04-22,更新至6:00,53384.068869631,59093.18136766313,0.0,32249.179437304458,4823.227165957356,0.0,37072.406603261814,1,0,0,5971.307816673845
2025-04-22,更新至12:00,53384.068869631,56863.11171998972,0.0,32249.179437304458,2915.116928376067,0.0,35164.29636568052,2,0,0,7960.534250814576
2025-04-22,更新至18:00,53384.068869631,56849.66192113538,0.0,32249.179437304458,2891.7142783695126,0.0,35140.89371567397,3,0,0,7978.363529225633
2025-04-23,仅0:00预报,51968.34786354043,51968.34786354043,1941.5093245645007,31337.75280572059,0.0,12465.343767814575,43803.096573535164,0,0,0,0.0
2025-04-23,更新至6:00,51968.34786354043,53196.157060316575,900.9274594999985,31337.75280572059,1243.0268241133467,5951.300404115814,38532.08003394975,1,0,0,1790.280449118695
2025-04-23,更新至12:00,51968.34786354043,54558.71819098633,0.0,31337.75280572059,2029.0219507638112,0.0,33366.7747564844,2,0,0,2871.633267700673
2025-04-23,更新至18:00,51968.34786354043,54618.93108214383,0.0,31337.75280572059,2141.9391855514873,0.0,33479.69199127208,3,0,0,2924.902528817727
2025-04-24,仅0:00预报,51595.016256948744,51595.016256948744,143.27349084291518,31128.21637534753,0.0,815.1834618715044,31943.399837219033,0,0,0,0.0
2025-04-24,更新至6:00,51595.016256948744,51774.46652070832,0.0,31128.21637534753,241.697676419026,0.0,31369.914051766555,1,0,0,280.67951489703546
2025-04-24,更新至12:00,51595.016256948744,52484.74452384825,0.0,31128.21637534753,1137.3027460058518,0.0,32265.51912135338,2,0,0,1353.4463916190539
2025-04-24,更新至18:00,51595.016256948744,52474.699068297,0.0,31128.21637534753,1121.3214453178684,0.0,32249.5378206654,3,0,0,1355.3336764529572
2025-04-25,仅0:00预报,27172.790612577995,27172.790612577995,5.684341886080802e-14,9950.746272307464,0.0,3.0809133022557944e-13,9950.746272307464,0,0,0,0.0
2025-04-25,更新至6:00,27172.790612577995,28729.924598221514,5.684341886080802e-14,9950.746272307464,788.5703710036319,3.0809133022557944e-13,10739.316643311096,1,0,0,181.19534036134974
2025-04-25,更新至12:00,27172.790612577995,28472.80504369476,5.684341886080802e-14,9950.746272307464,679.3074163074879,3.0809133022557944e-13,10630.053688614951,2,0,0,222.54179154242047
2025-04-25,更新至18:00,27172.790612577995,28629.742576803532,5.684341886080802e-14,9950.746272307464,745.9980210020619,3.0809133022557944e-13,10696.744293309526,3,0,0,226.67789471261858
2025-04-26,仅0:00预报,26671.02782606172,26671.02782606172,5.684341886080802e-14,10357.621438507611,0.0,2.1395862859208138e-13,10357.621438507611,0,0,0,0.0
2025-04-26,更新至6:00,26671.02782606172,26785.28229693621,5.684341886080802e-14,10357.621438507611,78.53894096974774,2.1395862859208138e-13,10436.160379477358,1,0,0,3.4487368887548655
2025-04-26,更新至12:00,26671.02782606172,26972.92759465843,5.684341886080802e-14,10357.621438507611,204.49652676828237,2.1395862859208138e-13,10562.117965275893,2,0,0,18.91316622472914
2025-04-26,更新至18:00,26671.02782606172,26734.095629895055,5.684341886080802e-14,10357.621438507611,57.97311638595164,2.1395862859208138e-13,10415.594554893563,3,0,0,47.76002202636755
2025-04-27,仅0:00预报,49839.161011548334,49839.161011548334,1804.0153478683235,30073.09905063504,0.0,10377.666916266515,40450.765966901556,0,0,0,0.0
2025-04-27,更新至6:00,49839.161011548334,53916.43871547573,216.20759250244498,30073.09905063504,3518.6297400346175,1369.3333532855104,34961.06214395517,1,0,0,5790.094781479938
2025-04-27,更新至12:00,49839.161011548334,52447.98312909201,187.09086145583285,30073.09905063504,2902.002457608709,1173.4816110163247,34148.583119260074,2,0,0,6719.841031365107
2025-04-27,更新至18:00,49839.161011548334,52767.60685938118,0.0,30073.09905063504,3533.754741711765,0.0,33606.8537923468,3,0,0,7748.372289340588
2025-04-28,仅0:00预报,64029.690904365874,64029.690904365874,28.267600666670887,38417.116834848974,0.0,138.57166047202122,38555.688495320996,0,0,0,0.0
2025-04-28,更新至6:00,64029.690904365874,66854.48150269958,0.0,38417.116834848974,2863.618796314707,0.0,41280.73563116368,1,0,0,2611.7959389689418
2025-04-28,更新至12:00,64029.690904365874,66171.81094690615,0.0,38417.116834848974,2340.300990038516,0.0,40757.41782488749,2,0,0,3169.485226668377
2025-04-28,更新至18:00,64029.690904365874,66171.81094690615,0.0,38417.116834848974,2340.300990038516,0.0,40757.41782488749,2,1,0,3169.485226668377
2025-04-29,仅0:00预报,52276.79318144587,52276.79318144587,9.12825053784718,31695.335153937463,0.0,60.410762059472404,31755.745915996937,0,0,0,0.0
2025-04-29,更新至6:00,52276.79318144587,52693.81262623907,0.0,31695.335153937463,356.6592037014168,0.0,32051.99435763888,1,0,0,260.8424816559432
2025-04-29,更新至12:00,52276.79318144587,52569.24026286254,1.1368683772161603e-13,31695.335153937463,345.3977992986772,5.153424353920854e-13,32040.73295323614,2,0,0,413.6066494493939
2025-04-29,更新至18:00,52276.79318144587,52569.24026286254,1.1368683772161603e-13,31695.335153937463,345.3977992986772,5.153424353920854e-13,32040.73295323614,2,1,0,413.6066494493939
2025-04-30,仅0:00预报,53015.792620318505,53015.792620318505,224.31022676307327,31588.23488934456,0.0,1183.7817502152925,32772.01663955985,0,0,0,0.0
2025-04-30,更新至6:00,53015.792620318505,53015.792620318505,224.31022676307327,31588.23488934456,0.0,1183.7817502152925,32772.01663955985,0,1,0,0.0
2025-04-30,更新至12:00,53015.792620318505,53015.792620318505,224.31022676307327,31588.23488934456,0.0,1183.7817502152925,32772.01663955985,0,2,0,0.0
2025-04-30,更新至18:00,53015.792620318505,53015.792620318505,224.31022676307327,31588.23488934456,0.0,1183.7817502152925,32772.01663955985,0,3,0,0.0
2025-05-01,仅0:00预报,54846.87792373844,54846.87792373844,1710.082230083331,33874.06529594437,0.0,10413.029019722992,44287.09431566736,0,0,0,0.0
2025-05-01,更新至6:00,54846.87792373844,55909.91162169794,1710.082230083331,33874.06529594437,1214.2386587677709,10413.029019722992,45501.33297443513,1,0,0,1257.3085497975317
2025-05-01,更新至12:00,54846.87792373844,55909.91162169794,1710.082230083331,33874.06529594437,1214.2386587677709,10413.029019722992,45501.33297443513,1,1,0,1257.3085497975317
2025-05-01,更新至18:00,54846.87792373844,56194.175455239594,1425.8183965416688,33874.06529594437,1770.0628482346685,8608.157181211202,44252.285325390236,2,1,0,2052.0576331561642
2025-05-02,仅0:00预报,29422.183992102127,29422.183992102127,1.7053025658242404e-13,12870.994446250374,0.0,5.819060788780916e-13,12870.994446250374,0,0,0,0.0
2025-05-02,更新至6:00,29422.183992102127,29449.774362472497,1.7053025658242404e-13,12870.994446250374,14.77464333333241,5.819060788780916e-13,12885.769089583706,1,0,0,1.8954952316044
2025-05-02,更新至12:00,29422.183992102127,29422.183992102127,1.7053025658242404e-13,12870.994446250374,0.0,5.819060788780916e-13,12870.994446250374,2,0,0,5.700482980794732
2025-05-02,更新至18:00,29422.183992102127,29422.183992102127,1.7053025658242404e-13,12870.994446250374,0.0,5.819060788780916e-13,12870.994446250374,2,1,0,5.700482980794732
2025-05-03,仅0:00预报,29399.09152183795,29399.09152183795,531.623474083329,12095.4831488734,0.0,2696.9267423438514,14792.409891217252,0,0,0,0.0
2025-05-03,更新至6:00,29399.09152183795,29399.09152183795,531.623474083329,12095.4831488734,0.0,2696.9267423438514,14792.409891217252,0,1,0,0.0
2025-05-03,更新至12:00,29399.09152183795,29399.09152183795,531.623474083329,12095.4831488734,0.0,2696.9267423438514,14792.409891217252,0,2,0,0.0
2025-05-03,更新至18:00,29399.09152183795,29681.767308874983,531.623474083329,12095.4831488734,156.29144265277438,2696.9267423438514,14948.701333870027,1,2,0,7.429473485432027
2025-05-04,仅0:00预报,60534.65828141391,60534.65828141391,304.2207083333335,37510.624280845564,0.0,1507.2685334187506,39017.89281426431,0,0,0,0.0
2025-05-04,更新至6:00,60534.65828141391,60534.65828141391,304.2207083333335,37510.624280845564,0.0,1507.2685334187506,39017.89281426431,0,1,0,0.0
2025-05-04,更新至12:00,60534.65828141391,60534.65828141391,304.2207083333335,37510.624280845564,0.0,1507.2685334187506,39017.89281426431,0,2,0,0.0
2025-05-04,更新至18:00,60534.65828141391,60534.65828141391,304.2207083333335,37510.624280845564,0.0,1507.2685334187506,39017.89281426431,0,3,0,0.0
2025-05-05,仅0:00预报,59354.71311865432,59354.71311865432,0.0,37815.04634064642,0.0,0.0,37815.04634064642,0,0,0,0.0
2025-05-05,更新至6:00,59354.71311865432,59354.71311865432,0.0,37815.04634064642,0.0,0.0,37815.04634064642,0,1,0,0.0
2025-05-05,更新至12:00,59354.71311865432,59354.71311865432,0.0,37815.04634064642,0.0,0.0,37815.04634064642,0,2,0,0.0
2025-05-05,更新至18:00,59354.71311865432,59354.71311865432,0.0,37815.04634064642,0.0,0.0,37815.04634064642,0,3,0,0.0
2025-05-06,仅0:00预报,51572.03601076954,51572.03601076954,4441.8485755416605,33373.718775615765,0.0,22433.257609883873,55806.97638549964,0,0,0,0.0
2025-05-06,更新至6:00,51572.03601076954,54738.24632455555,1433.1480387499955,33373.718775615765,3509.779557388379,8774.239217639151,45657.737550643295,1,0,0,6901.525482350716
2025-05-06,更新至12:00,51572.03601076954,55622.28006493621,701.4215691548322,33373.718775615765,4099.299666987745,4139.391987851009,41612.41043045452,2,0,0,7125.856827921003
2025-05-06,更新至18:00,51572.03601076954,55622.28006493621,701.4215691548322,33373.718775615765,4099.299666987745,4139.391987851009,41612.41043045452,2,1,0,7125.856827921003
2025-05-07,仅0:00预报,55547.60406169753,55547.60406169753,2792.111280500003,35508.34822647155,0.0,17378.468147772808,52886.81637424436,0,0,0,0.0
2025-05-07,更新至6:00,55547.60406169753,58995.8177185823,170.79160416666605,35508.34822647155,3051.216737875696,1034.7115836874952,39594.27654803474,1,0,0,2845.5738378284886
2025-05-07,更新至12:00,55547.60406169753,58569.1104425535,281.09643333332826,35508.34822647155,2377.0501354524968,1790.9614924541313,39676.35985437818,2,0,0,3339.401037978753
2025-05-07,更新至18:00,55547.60406169753,58569.1104425535,281.09643333332826,35508.34822647155,2377.0501354524968,1790.9614924541313,39676.35985437818,2,1,0,3339.401037978753
2025-05-08,仅0:00预报,65050.37854931032,65050.37854931032,379.65883745833617,40277.49737441669,0.0,2532.1541353940183,42809.65150981071,0,0,0,0.0
2025-05-08,更新至6:00,65050.37854931032,65050.37854931032,379.65883745833617,40277.49737441669,0.0,2532.1541353940183,42809.65150981071,0,1,0,0.0
2025-05-08,更新至12:00,65050.37854931032,65050.37854931032,379.65883745833617,40277.49737441669,0.0,2532.1541353940183,42809.65150981071,0,2,0,0.0
2025-05-08,更新至18:00,65050.37854931032,65050.37854931032,379.65883745833617,40277.49737441669,0.0,2532.1541353940183,42809.65150981071,0,3,0,0.0
2025-05-09,仅0:00预报,29052.90069170833,29052.90069170833,0.0,12344.208588762576,0.0,0.0,12344.208588762576,0,0,0,0.0
2025-05-09,更新至6:00,29052.90069170833,29595.699926366407,0.0,12344.208588762576,389.3468473968932,0.0,12733.55543615947,1,0,0,114.80680864591932
2025-05-09,更新至12:00,29052.90069170833,29311.395301958324,0.0,12344.208588762576,239.0794290609922,0.0,12583.288017823568,2,0,0,131.4156745357027
2025-05-09,更新至18:00,29052.90069170833,29311.395301958324,0.0,12344.208588762576,239.0794290609922,0.0,12583.288017823568,2,1,0,131.4156745357027
2025-05-10,仅0:00预报,29054.870073828188,29054.870073828188,0.0,12763.089851511191,0.0,0.0,12763.089851511191,0,0,0,0.0
2025-05-10,更新至6:00,29054.870073828188,29351.007983961932,0.0,12763.089851511191,204.4690723542198,0.0,12967.55892386541,1,0,0,12.582917040959273
2025-05-10,更新至12:00,29054.870073828188,29238.1368322644,0.0,12763.089851511191,100.7466354415113,0.0,12863.836486952703,2,0,0,71.9579782065116
2025-05-10,更新至18:00,29054.870073828188,29054.870073828188,0.0,12763.089851511191,0.0,0.0,12763.089851511191,3,0,0,87.28931556831003
2025-05-11,仅0:00预报,63615.02390585834,63615.02390585834,448.4346543749999,38943.53955188195,0.0,3025.808627688749,41969.3481795707,0,0,0,0.0
2025-05-11,更新至6:00,63615.02390585834,64331.43032373334,104.40184166666722,38943.53955188195,904.8077416611734,711.4940362166693,40559.84132975979,1,0,0,272.35767386087446
2025-05-11,更新至12:00,63615.02390585834,63925.98615985834,159.96655183333212,38943.53955188195,459.0627082161998,1084.6155128774487,40487.2177729756,2,0,0,785.8030564199989
2025-05-11,更新至18:00,63615.02390585834,63914.141126525006,171.81158516666414,38943.53955188195,435.8973765262026,1163.6930721008773,40543.13000050903,3,0,0,788.7183425225248
2025-05-12,仅0:00预报,54586.61091241458,54586.61091241458,457.10534312355367,34697.41207782255,0.0,2894.4332539659217,37591.84533178847,0,0,0,0.0
2025-05-12,更新至6:00,54586.61091241458,57315.74707558279,1.1368683772161603e-13,34697.41207782255,2582.4041277251677,5.072138264949899e-13,37279.816205547715,1,0,0,1473.8045835033067
2025-05-12,更新至12:00,54586.61091241458,55194.41997179936,1.1368683772161603e-13,34697.41207782255,713.3556105072756,5.072138264949899e-13,35410.767688329826,2,0,0,2950.593755851584
2025-05-12,更新至18:00,54586.61091241458,55445.28138965344,1.1368683772161603e-13,34697.41207782255,1220.8417307119487,5.072138264949899e-13,35918.25380853449,3,0,0,3167.1259798369333
2025-05-13,仅0:00预报,65409.59952427984,65409.59952427984,1.1368683772161603e-13,40527.95397814317,0.0,5.06304331793217e-13,40527.95397814317,0,0,0,0.0
2025-05-13,更新至6:00,65409.59952427984,65696.36714027984,1.1368683772161603e-13,40527.95397814317,396.18339335954846,5.06304331793217e-13,40924.137371502715,1,0,0,153.33176677615938
2025-05-13,更新至12:00,65409.59952427984,65441.57310452983,1.1368683772161603e-13,40527.95397814317,37.94374165789784,5.06304331793217e-13,40565.89771980106,2,0,0,387.41959406999194
2025-05-13,更新至18:00,65409.59952427984,65560.22714077984,1.1368683772161603e-13,40527.95397814317,274.5659634872714,5.06304331793217e-13,40802.51994163044,3,0,0,485.43116776536317
2025-05-14,仅0:00预报,59113.25907649874,59113.25907649874,0.0,36720.8940314778,0.0,0.0,36720.8940314778,0,0,0,0.0
2025-05-14,更新至6:00,59113.25907649874,60590.84193884443,0.0,36720.8940314778,1045.8975687569193,0.0,37766.79160023472,1,0,0,966.55298615638
2025-05-14,更新至12:00,59113.25907649874,59647.0095055111,0.0,36720.8940314778,430.94023139566946,0.0,37151.83426287347,2,0,0,1509.0428425523796
2025-05-14,更新至18:00,59113.25907649874,59647.0095055111,0.0,36720.8940314778,430.94023139566946,0.0,37151.83426287347,2,1,0,1509.0428425523796
2025-05-15,仅0:00预报,58902.038733235895,58902.038733235895,1.1368683772161603e-13,38322.16281349289,0.0,3.047944119316526e-13,38322.16281349289,0,0,0,0.0
2025-05-15,更新至6:00,58902.038733235895,61390.21787918892,1.1368683772161603e-13,38322.16281349289,1746.0051171229884,3.047944119316526e-13,40068.16793061588,1,0,0,1850.693459548067
2025-05-15,更新至12:00,58902.038733235895,60140.79903016629,1.1368683772161603e-13,38322.16281349289,903.7704971389095,3.047944119316526e-13,39225.9333106318,2,0,0,2607.6685850656236
2025-05-15,更新至18:00,58902.038733235895,60140.79903016629,1.1368683772161603e-13,38322.16281349289,903.7704971389095,3.047944119316526e-13,39225.9333106318,2,1,0,2607.6685850656236
2025-05-16,仅0:00预报,27661.39761090947,27661.39761090947,5.684341886080802e-14,12239.589589861083,0.0,1.858211362559814e-13,12239.589589861083,0,0,0,0.0
2025-05-16,更新至6:00,27661.39761090947,27788.357931639923,5.684341886080802e-14,12239.589589861083,67.21290638679807,1.858211362559814e-13,12306.802496247881,1,0,0,4.510212539361419
2025-05-16,更新至12:00,27661.39761090947,27788.357931639923,5.684341886080802e-14,12239.589589861083,67.21290638679807,1.858211362559814e-13,12306.802496247881,1,1,0,4.766549056777876
2025-05-16,更新至18:00,27661.39761090947,27661.39761090947,5.684341886080802e-14,12239.589589861083,0.0,1.858211362559814e-13,12239.589589861083,2,1,0,17.036344159827422
2025-05-17,仅0:00预报,28441.81198206996,28441.81198206996,5.684341886080802e-14,12747.781278308592,0.0,2.962110556836706e-13,12747.781278308592,0,0,0,0.0
2025-05-17,更新至6:00,28441.81198206996,28441.81198206996,5.684341886080802e-14,12747.781278308592,0.0,2.962110556836706e-13,12747.781278308592,0,1,0,0.0
2025-05-17,更新至12:00,28441.81198206996,28441.81198206996,5.684341886080802e-14,12747.781278308592,0.0,2.962110556836706e-13,12747.781278308592,0,2,0,0.0
2025-05-17,更新至18:00,28441.81198206996,28838.572967563792,5.684341886080802e-14,12747.781278308592,217.1124877519611,2.962110556836706e-13,12964.893766060553,1,2,0,15.05431384273561
2025-05-18,仅0:00预报,63472.14057219186,63472.14057219186,1.859583333333262,39658.537717472165,0.0,12.225830624999531,39670.763548097166,0,0,0,0.0
2025-05-18,更新至6:00,63472.14057219186,63594.79617219186,1.859583333333262,39658.537717472165,181.19223243749872,12.225830624999531,39851.95578053466,1,0,0,71.0988207641658
2025-05-18,更新至12:00,63472.14057219186,63472.14057219186,1.859583333333262,39658.537717472165,0.0,12.225830624999531,39670.763548097166,2,0,0,220.26435835471375
2025-05-18,更新至18:00,63472.14057219186,63472.14057219186,1.859583333333262,39658.537717472165,0.0,12.225830624999531,39670.763548097166,2,1,0,220.26435835471375
2025-05-19,仅0:00预报,58817.76114284464,58817.76114284464,67.00333333333356,36332.87498687714,0.0,467.58276166666775,36800.457748543806,0,0,0,0.0
2025-05-19,更新至6:00,58817.76114284464,58830.75302151131,67.00333333333356,36332.87498687714,13.811016616600103,467.58276166666775,36814.26876516041,1,0,0,3.3933538582800793
2025-05-19,更新至12:00,58817.76114284464,58817.76114284464,67.00333333333356,36332.87498687714,0.0,467.58276166666775,36800.457748543806,2,0,0,16.293120105199705
2025-05-19,更新至18:00,58817.76114284464,58822.20278867798,67.00333333333356,36332.87498687714,8.424691734374662,467.58276166666775,36808.88244027818,3,0,0,19.22014163474205
2025-05-20,仅0:00预报,62151.58271998661,62151.58271998661,0.0,37918.71068075497,0.0,0.0,37918.71068075497,0,0,0,0.0
2025-05-20,更新至6:00,62151.58271998661,62843.54017492123,0.0,37918.71068075497,797.3209915790762,0.0,38716.03167233405,1,0,0,408.64748711239054
2025-05-20,更新至12:00,62151.58271998661,62151.58271998661,0.0,37918.71068075497,0.0,0.0,37918.71068075497,2,0,0,1240.3083681718376
2025-05-20,更新至18:00,62151.58271998661,62151.58271998661,0.0,37918.71068075497,0.0,0.0,37918.71068075497,2,1,0,1240.3083681718376
2025-05-21,仅0:00预报,54329.747217018,54329.747217018,1.1368683772161603e-13,34969.167139067235,0.0,7.314611139008775e-13,34969.167139067235,0,0,0,0.0
2025-05-21,更新至6:00,54329.747217018,58775.476503290614,0.0,34969.167139067235,3974.3813300400866,0.0,38943.54846910732,1,0,0,3940.680814406793
2025-05-21,更新至12:00,54329.747217018,57070.6402494974,0.0,34969.167139067235,2243.5520494466014,0.0,37212.71918851384,2,0,0,5337.708955594666
2025-05-21,更新至18:00,54329.747217018,57070.6402494974,0.0,34969.167139067235,2243.5520494466014,0.0,37212.71918851384,2,1,0,5337.708955594666
2025-05-22,仅0:00预报,57891.40136248658,57891.40136248658,0.0,36984.24198538139,0.0,0.0,36984.24198538139,0,0,0,0.0
2025-05-22,更新至6:00,57891.40136248658,57904.13306248658,0.0,36984.24198538139,18.589077262501362,0.0,37002.83106264389,1,0,0,7.01522187799992
2025-05-22,更新至12:00,57891.40136248658,57891.40136248658,0.0,36984.24198538139,0.0,0.0,36984.24198538139,2,0,0,25.136864546001107
2025-05-22,更新至18:00,57891.40136248658,57891.40136248658,0.0,36984.24198538139,0.0,0.0,36984.24198538139,2,1,0,25.136864546001107
2025-05-23,仅0:00预报,28246.095319980195,28246.095319980195,0.0,12200.143997421656,0.0,0.0,12200.143997421656,0,0,0,0.0
2025-05-23,更新至6:00,28246.095319980195,28246.095319980195,0.0,12200.143997421656,0.0,0.0,12200.143997421656,0,1,0,0.0
2025-05-23,更新至12:00,28246.095319980195,28334.357748338214,0.0,12200.143997421656,69.36305734259672,0.0,12269.507054764252,1,1,0,21.110157552052442
2025-05-23,更新至18:00,28246.095319980195,28412.902748338216,0.0,12200.143997421656,110.55205534259699,0.0,12310.696052764253,2,1,0,23.46237084871882
2025-05-24,仅0:00预报,26164.465530966736,26164.465530966736,92.15762370833306,12134.023178267887,0.0,268.21562313449925,12402.238801402387,0,0,0,0.0
2025-05-24,更新至6:00,26164.465530966736,28809.65970328146,92.15762370833306,12134.023178267887,1296.871054870279,268.21562313449925,13699.109856272666,1,0,0,206.86100243237752
2025-05-24,更新至12:00,26164.465530966736,28839.928963981052,92.15762370833306,12134.023178267887,1311.1414978271,268.21562313449925,13713.380299229488,2,0,0,208.14046793854368
2025-05-24,更新至18:00,26164.465530966736,26885.728447633403,92.15762370833306,12134.023178267887,378.0138946249999,268.21562313449925,12780.252696027386,3,0,0,215.56910601170512
2025-05-25,仅0:00预报,61213.8919828857,61213.8919828857,0.0,37900.955179087825,0.0,0.0,37900.955179087825,0,0,0,0.0
2025-05-25,更新至6:00,61213.8919828857,61272.80181621904,0.0,37900.955179087825,72.40084795349505,0.0,37973.35602704132,1,0,0,23.87182749890144
2025-05-25,更新至12:00,61213.8919828857,61213.8919828857,0.0,37900.955179087825,0.0,0.0,37900.955179087825,2,0,0,87.52769810633163
2025-05-25,更新至18:00,61213.8919828857,61213.8919828857,0.0,37900.955179087825,0.0,0.0,37900.955179087825,2,1,0,87.52769810633163
2025-05-26,仅0:00预报,54466.66689932583,54466.66689932583,1105.2304842635822,34952.25193829861,0.0,7179.337568983492,42131.5895072821,0,0,0,0.0
2025-05-26,更新至6:00,54466.66689932583,57638.959211430556,1.1368683772161603e-13,34952.25193829861,3065.1359508121554,4.914681994705461e-13,38017.38788911076,1,0,0,1947.2303676595104
2025-05-26,更新至12:00,54466.66689932583,57804.50049015484,1.1368683772161603e-13,34952.25193829861,3091.781204201379,4.914681994705461e-13,38044.03314249998,2,0,0,2124.2389446545603
2025-05-26,更新至18:00,54466.66689932583,57804.50049015484,1.1368683772161603e-13,34952.25193829861,3091.781204201379,4.914681994705461e-13,38044.03314249998,2,1,0,2124.2389446545603
2025-05-27,仅0:00预报,53414.68410057583,53414.68410057583,137.5086838333359,34540.781290805826,0.0,690.6962133931796,35231.47750419901,0,0,0,0.0
2025-05-27,更新至6:00,53414.68410057583,58355.59216173063,137.5086838333359,34540.781290805826,3652.0993420902732,690.6962133931796,38883.57684628928,1,0,0,3694.4671870321495
2025-05-27,更新至12:00,53414.68410057583,55749.0249722187,137.5086838333359,34540.781290805826,1440.527365420379,690.6962133931796,36672.004869619384,2,0,0,5668.352868340149
2025-05-27,更新至18:00,53414.68410057583,55749.0249722187,137.5086838333359,34540.781290805826,1440.527365420379,690.6962133931796,36672.004869619384,2,1,0,5668.352868340149
2025-05-28,仅0:00预报,59503.53873717386,59503.53873717386,0.0,37866.8923835991,0.0,0.0,37866.8923835991,0,0,0,0.0
2025-05-28,更新至6:00,59503.53873717386,60449.78988628498,0.0,37866.8923835991,1134.9145788046803,0.0,39001.80696240378,1,0,0,340.82892473146467
2025-05-28,更新至12:00,59503.53873717386,59503.53873717386,0.0,37866.8923835991,0.0,0.0,37866.8923835991,2,0,0,1432.6767356880118
2025-05-28,更新至18:00,59503.53873717386,59503.53873717386,0.0,37866.8923835991,0.0,0.0,37866.8923835991,2,1,0,1432.6767356880118
2025-05-29,仅0:00预报,58279.990256014615,58279.990256014615,1.1368683772161603e-13,37631.18643721549,0.0,5.316564966051373e-13,37631.18643721549,0,0,0,0.0
2025-05-29,更新至6:00,58279.990256014615,63560.98603460648,3.410605131648481e-13,37631.18643721549,4542.5536733890285,1.4328520592243877e-12,42173.740110604514,1,0,0,3997.079590097732
2025-05-29,更新至12:00,58279.990256014615,62288.70487488961,1.1368683772161603e-13,37631.18643721549,3450.8943499155657,5.316564966051373e-13,41082.08078713105,2,0,0,5138.275843325513
2025-05-29,更新至18:00,58279.990256014615,62288.70487488961,1.1368683772161603e-13,37631.18643721549,3450.8943499155657,5.316564966051373e-13,41082.08078713105,2,1,0,5138.275843325513
2025-05-30,仅0:00预报,27535.155730619852,27535.155730619852,0.0,12904.469173942322,0.0,0.0,12904.469173942322,0,0,0,0.0
2025-05-30,更新至6:00,27535.155730619852,29603.255564282408,0.0,12904.469173942322,1105.14886907632,0.0,14009.618043018641,1,0,0,154.26042976779945
2025-05-30,更新至12:00,27535.155730619852,29632.194125424387,0.0,12904.469173942322,1099.5501321330667,0.0,14004.019306075388,2,0,0,197.87978281955066
2025-05-30,更新至18:00,27535.155730619852,27535.155730619852,0.0,12904.469173942322,0.0,0.0,12904.469173942322,3,0,0,233.24525035490842
2025-05-31,仅0:00预报,30211.76640675,30211.76640675,0.0,13425.511985935453,0.0,0.0,13425.511985935453,0,0,0,0.0
2025-05-31,更新至6:00,30211.76640675,32411.483226657405,0.0,13425.511985935453,1262.0971701388887,0.0,14687.60915607434,1,0,0,148.4175652540298
2025-05-31,更新至12:00,30211.76640675,32411.483226657405,0.0,13425.511985935453,1262.0971701388887,0.0,14687.60915607434,1,1,0,148.4175652540298
2025-05-31,更新至18:00,30211.76640675,30211.76640675,0.0,13425.511985935453,0.0,0.0,13425.511985935453,2,1,0,407.1015918602652
2025-06-01,仅0:00预报,76543.39504773662,76543.39504773662,610.2348752916677,53655.423995995996,0.0,3836.2639949333334,57491.68799092933,0,0,0,0.0
2025-06-01,更新至6:00,76543.39504773662,76981.91624865329,610.2348752916677,53655.423995995996,505.242201636143,3836.2639949333334,57996.93019256547,1,0,0,326.9221748341995
2025-06-01,更新至12:00,76543.39504773662,76981.91624865329,610.2348752916677,53655.423995995996,505.242201636143,3836.2639949333334,57996.93019256547,1,1,0,326.9221748341995
2025-06-01,更新至18:00,76543.39504773662,76981.91624865329,610.2348752916677,53655.423995995996,505.242201636143,3836.2639949333334,57996.93019256547,1,2,0,326.9221748341995
2025-06-02,仅0:00预报,80762.18435527213,80762.18435527213,953.4869291666679,54292.903220210654,0.0,5608.930204467737,59901.83342467839,0,0,0,0.0
2025-06-02,更新至6:00,80762.18435527213,80762.18435527213,953.4869291666679,54292.903220210654,0.0,5608.930204467737,59901.83342467839,0,1,0,0.0
2025-06-02,更新至12:00,80762.18435527213,80762.18435527213,953.4869291666679,54292.903220210654,0.0,5608.930204467737,59901.83342467839,0,2,0,0.0
2025-06-02,更新至18:00,80762.18435527213,80834.37597168158,885.2171288821993,54292.903220210654,95.79552576478919,5333.026702578274,59721.72544855372,1,2,0,46.54075569057568
2025-06-03,仅0:00预报,74970.92747507663,74970.92747507663,687.5131179583335,50862.79171494819,0.0,4082.3234605422094,54945.1151754904,0,0,0,0.0
2025-06-03,更新至6:00,74970.92747507663,78559.39271109054,159.3427817083325,50862.79171494819,3953.1597329819624,921.2899134371207,55737.24136136727,1,0,0,4445.089000449466
2025-06-03,更新至12:00,74970.92747507663,75924.54963845678,687.5131179583335,50862.79171494819,1169.4554906178244,4082.3234605422094,56114.57066610822,2,0,0,7008.821171900363
2025-06-03,更新至18:00,74970.92747507663,75924.54963845678,687.5131179583335,50862.79171494819,1169.4554906178244,4082.3234605422094,56114.57066610822,2,1,0,7008.821171900363
2025-06-04,仅0:00预报,84877.39522451081,84877.39522451081,80.13187500000049,57880.81882987197,0.0,554.4075374270864,58435.22636729905,0,0,0,0.0
2025-06-04,更新至6:00,84877.39522451081,84877.39522451081,80.13187500000049,57880.81882987197,0.0,554.4075374270864,58435.22636729905,0,1,0,0.0
2025-06-04,更新至12:00,84877.39522451081,83999.18595597948,80.13187500000049,57880.81882987197,247.2213683658206,554.4075374270864,58682.44773566487,1,1,1,
2025-06-04,更新至18:00,84877.39522451081,83999.18595597948,80.13187500000049,57880.81882987197,247.2213683658206,554.4075374270864,58682.44773566487,1,2,1,
2025-06-05,仅0:00预报,72904.60337716303,72904.60337716303,4077.392669802055,49426.31974918208,0.0,27456.529433863878,76882.84918304597,0,0,0,0.0
2025-06-05,更新至6:00,72904.60337716303,76209.9371258822,1862.484958625004,49426.31974918208,4288.767097067812,12242.692653800823,65957.77950005072,1,0,0,4454.83252498474
2025-06-05,更新至12:00,72904.60337716303,74911.90907605707,2786.546290208331,49426.31974918208,2577.149992731309,18569.39412366232,70572.86386557571,2,0,0,5084.990602745615
2025-06-05,更新至18:00,72904.60337716303,76800.86762930706,897.5877369583321,49426.31974918208,6409.114697377136,5924.636959178743,61760.07140573796,3,0,0,10981.14490971651
2025-06-06,仅0:00预报,35601.084160324586,35601.084160324586,529.9776493837446,18933.785733564342,0.0,1834.4094989106602,20768.195232475002,0,0,0,0.0
2025-06-06,更新至6:00,35601.084160324586,36174.483994875,93.3617523333312,18933.785733564342,536.5618558191528,487.4300971834866,19957.77768656698,1,0,0,794.9496500099551
2025-06-06,更新至12:00,35601.084160324586,36174.483994875,93.3617523333312,18933.785733564342,536.5618558191528,487.4300971834866,19957.77768656698,1,1,0,794.9496500099551
2025-06-06,更新至18:00,35601.084160324586,36174.483994875,93.3617523333312,18933.785733564342,536.5618558191528,487.4300971834866,19957.77768656698,1,2,0,794.9496500099551
2025-06-07,仅0:00预报,40311.545856364995,40311.545856364995,182.055731500003,20213.73830324421,0.0,1164.7925701370184,21378.530873381227,0,0,0,0.0
2025-06-07,更新至6:00,40311.545856364995,40311.545856364995,182.055731500003,20213.73830324421,0.0,1164.7925701370184,21378.530873381227,0,1,0,0.0
2025-06-07,更新至12:00,40311.545856364995,40311.545856364995,182.055731500003,20213.73830324421,0.0,1164.7925701370184,21378.530873381227,0,2,0,0.0
2025-06-07,更新至18:00,40311.545856364995,40311.545856364995,182.055731500003,20213.73830324421,0.0,1164.7925701370184,21378.530873381227,0,3,0,0.0
2025-06-08,仅0:00预报,76523.1366872428,76523.1366872428,1.1368683772161603e-13,51876.474481316334,0.0,7.494236342608929e-13,51876.474481316334,0,0,0,0.0
2025-06-08,更新至6:00,76523.1366872428,76523.1366872428,1.1368683772161603e-13,51876.474481316334,0.0,7.494236342608929e-13,51876.474481316334,0,1,0,0.0
2025-06-08,更新至12:00,76523.1366872428,76523.1366872428,1.1368683772161603e-13,51876.474481316334,0.0,7.494236342608929e-13,51876.474481316334,0,2,0,0.0
2025-06-08,更新至18:00,76523.1366872428,76523.1366872428,1.1368683772161603e-13,51876.474481316334,0.0,7.494236342608929e-13,51876.474481316334,0,3,0,0.0
2025-06-09,仅0:00预报,78837.45908739814,78837.45908739814,38.39916249999999,56408.24815536812,0.0,270.07888734583327,56678.32704271396,0,0,0,0.0
2025-06-09,更新至6:00,78837.45908739814,78837.45908739814,38.39916249999999,56408.24815536812,0.0,270.07888734583327,56678.32704271396,0,1,0,0.0
2025-06-09,更新至12:00,78837.45908739814,78837.45908739814,38.39916249999999,56408.24815536812,0.0,270.07888734583327,56678.32704271396,0,2,0,0.0
2025-06-09,更新至18:00,78837.45908739814,78837.45908739814,38.39916249999999,56408.24815536812,0.0,270.07888734583327,56678.32704271396,0,3,0,0.0
2025-06-10,仅0:00预报,78457.43839818105,78457.43839818105,1.1368683772161603e-13,54299.39911905707,0.0,4.532694219960831e-13,54299.39911905707,0,0,0,0.0
2025-06-10,更新至6:00,78457.43839818105,78896.59213697273,2.2737367544323206e-13,54299.39911905707,532.0302137682445,9.21659193409141e-13,54831.42933282531,1,0,0,373.74764372406617
2025-06-10,更新至12:00,78457.43839818105,78896.59213697273,2.2737367544323206e-13,54299.39911905707,532.0302137682445,9.21659193409141e-13,54831.42933282531,1,1,0,373.74764372406617
2025-06-10,更新至18:00,78457.43839818105,78896.59213697273,2.2737367544323206e-13,54299.39911905707,532.0302137682445,9.21659193409141e-13,54831.42933282531,1,2,0,373.74764372406617
2025-06-11,仅0:00预报,81580.71467904474,81580.71467904474,771.9960549583354,57697.41135059179,0.0,4106.3385643070105,61803.7499148988,0,0,0,0.0
2025-06-11,更新至6:00,81580.71467904474,83534.35461308641,7.753333333333671,57697.41135059179,2562.3659860430207,53.059936666668094,60312.83727330148,1,0,0,2255.3081871821023
2025-06-11,更新至12:00,81580.71467904474,83534.35461308641,7.753333333333671,57697.41135059179,2562.3659860430207,53.059936666668094,60312.83727330148,1,1,0,2255.3081871821023
2025-06-11,更新至18:00,81580.71467904474,83534.35461308641,7.753333333333671,57697.41135059179,2562.3659860430207,53.059936666668094,60312.83727330148,1,2,0,2255.3081871821023
2025-06-12,仅0:00预报,79160.87841493313,79160.87841493313,0.0,55595.24825843646,0.0,0.0,55595.24825843646,0,0,0,0.0
2025-06-12,更新至6:00,79160.87841493313,79160.87841493313,0.0,55595.24825843646,0.0,0.0,55595.24825843646,0,1,0,0.0
2025-06-12,更新至12:00,79160.87841493313,79160.87841493313,0.0,55595.24825843646,0.0,0.0,55595.24825843646,0,2,0,0.0
2025-06-12,更新至18:00,79160.87841493313,79160.87841493313,0.0,55595.24825843646,0.0,0.0,55595.24825843646,0,3,0,0.0
2025-06-13,仅0:00预报,37095.40209320833,37095.40209320833,1.1368683772161603e-13,19278.291649413026,0.0,2.460183168295771e-13,19278.291649413026,0,0,0,0.0
2025-06-13,更新至6:00,37095.40209320833,37122.34323479166,1.1368683772161603e-13,19278.291649413026,20.533191057738236,2.460183168295771e-13,19298.824840470763,1,0,0,8.274702225905003
2025-06-13,更新至12:00,37095.40209320833,37122.34323479166,1.1368683772161603e-13,19278.291649413026,20.533191057738236,2.460183168295771e-13,19298.824840470763,1,1,0,8.274702225905003
2025-06-13,更新至18:00,37095.40209320833,37122.34323479166,1.1368683772161603e-13,19278.291649413026,20.533191057738236,2.460183168295771e-13,19298.824840470763,1,2,0,8.274702225905003
2025-06-14,仅0:00预报,36727.05927674999,36727.05927674999,71.36446229166756,19745.786033072458,0.0,212.17799943552342,19957.96403250798,0,0,0,0.0
2025-06-14,更新至6:00,36727.05927674999,37037.74975154166,1.1368683772161603e-13,19745.786033072458,284.4018492655633,2.554543243604712e-13,20030.18788233802,1,0,0,196.38297695349684
2025-06-14,更新至12:00,36727.05927674999,37037.74975154166,1.1368683772161603e-13,19745.786033072458,284.4018492655633,2.554543243604712e-13,20030.18788233802,1,1,0,196.38297695349684
2025-06-14,更新至18:00,36727.05927674999,37037.74975154166,1.1368683772161603e-13,19745.786033072458,284.4018492655633,2.554543243604712e-13,20030.18788233802,1,2,0,196.38297695349684
2025-06-15,仅0:00预报,74101.5435968511,74101.5435968511,0.0,52251.166271381866,0.0,0.0,52251.166271381866,0,0,0,0.0
2025-06-15,更新至6:00,74101.5435968511,76161.64250432228,0.0,52251.166271381866,2032.2949670486714,0.0,54283.46123843054,1,0,0,1296.3436823719373
2025-06-15,更新至12:00,74101.5435968511,76002.71580015562,0.0,52251.166271381866,1905.803684220546,0.0,54156.96995560241,2,0,0,1350.058763780646
2025-06-15,更新至18:00,74101.5435968511,76002.71580015562,0.0,52251.166271381866,1905.803684220546,0.0,54156.96995560241,2,1,0,1350.058763780646
2025-06-16,仅0:00预报,77563.07919745473,77563.07919745473,729.7368293750087,55013.01474166228,0.0,3744.444082295046,58757.45882395733,0,0,0,0.0
2025-06-16,更新至6:00,77563.07919745473,78636.6097224964,0.0,55013.01474166228,1310.065407995064,0.0,56323.08014965734,1,0,0,727.1060485043665
2025-06-16,更新至12:00,77563.07919745473,78636.6097224964,0.0,55013.01474166228,1310.065407995064,0.0,56323.08014965734,1,1,0,727.1060485043665
2025-06-16,更新至18:00,77563.07919745473,78636.6097224964,0.0,55013.01474166228,1310.065407995064,0.0,56323.08014965734,1,2,0,727.1060485043665
2025-06-17,仅0:00预报,78067.05344784413,78067.05344784413,0.0,55876.13683485161,0.0,0.0,55876.13683485161,0,0,0,0.0
2025-06-17,更新至6:00,78067.05344784413,79605.36715841667,0.0,55876.13683485161,1608.3188672306205,0.0,57484.45570208223,1,0,0,1309.7831607341463
2025-06-17,更新至12:00,78067.05344784413,79605.36715841667,0.0,55876.13683485161,1608.3188672306205,0.0,57484.45570208223,1,1,0,1309.7831607341463
2025-06-17,更新至18:00,78067.05344784413,79605.36715841667,0.0,55876.13683485161,1608.3188672306205,0.0,57484.45570208223,1,2,0,1309.7831607341463
2025-06-18,仅0:00预报,82073.75868040124,82073.75868040124,1.1368683772161603e-13,57485.352594276366,0.0,5.123865776113234e-13,57485.352594276366,0,0,0,0.0
2025-06-18,更新至6:00,82073.75868040124,83754.53279922839,1.1368683772161603e-13,57485.352594276366,1727.0496001390884,5.123865776113234e-13,59212.40219441545,1,0,0,886.2024591921163
2025-06-18,更新至12:00,82073.75868040124,83701.9300117284,1.1368683772161603e-13,57485.352594276366,1679.0659820690885,5.123865776113234e-13,59164.41857634545,2,0,0,933.1240894173784
2025-06-18,更新至18:00,82073.75868040124,83701.9300117284,1.1368683772161603e-13,57485.352594276366,1679.0659820690885,5.123865776113234e-13,59164.41857634545,2,1,0,933.1240894173784
2025-06-19,仅0:00预报,75674.95747733023,75674.95747733023,19.297500000000014,52553.70569337784,0.0,131.44492124999985,52685.15061462783,0,0,0,0.0
2025-06-19,更新至6:00,75674.95747733023,75674.95747733023,19.297500000000014,52553.70569337784,0.0,131.44492124999985,52685.15061462783,0,1,0,0.0
2025-06-19,更新至12:00,75674.95747733023,76072.11156411006,19.297500000000014,52553.70569337784,473.76095548877663,131.44492124999985,53158.91157011661,1,1,0,224.65117075659828
2025-06-19,更新至18:00,75674.95747733023,76072.11156411006,19.297500000000014,52553.70569337784,473.76095548877663,131.44492124999985,53158.91157011661,1,2,0,224.65117075659828
2025-06-20,仅0:00预报,36968.60044945833,36968.60044945833,0.0,19914.381623539688,0.0,0.0,19914.381623539688,0,0,0,0.0
2025-06-20,更新至6:00,36968.60044945833,39505.22132677316,0.0,19914.381623539688,1594.777259563685,0.0,21509.158883103373,1,0,0,43.96684132010114
2025-06-20,更新至12:00,36968.60044945833,36968.60044945833,0.0,19914.381623539688,0.0,0.0,19914.381623539688,2,0,0,143.00246020769418
2025-06-20,更新至18:00,36968.60044945833,36968.60044945833,0.0,19914.381623539688,0.0,0.0,19914.381623539688,2,1,0,143.00246020769418
2025-06-21,仅0:00预报,36037.35884483084,36037.35884483084,5.684341886080802e-14,19233.915437149968,0.0,1.184901066153543e-13,19233.915437149968,0,0,0,0.0
2025-06-21,更新至6:00,36037.35884483084,36037.35884483084,5.684341886080802e-14,19233.915437149968,0.0,1.184901066153543e-13,19233.915437149968,0,1,0,0.0
2025-06-21,更新至12:00,36037.35884483084,38619.400022351416,5.684341886080802e-14,19233.915437149968,1508.9649047273842,1.184901066153543e-13,20742.880341877353,1,1,0,53.8037812188295
2025-06-21,更新至18:00,36037.35884483084,36037.35884483084,5.684341886080802e-14,19233.915437149968,0.0,1.184901066153543e-13,19233.915437149968,2,1,0,268.47912406161504
2025-06-22,仅0:00预报,72377.28713198096,72377.28713198096,0.0,51260.82993529851,0.0,0.0,51260.82993529851,0,0,0,0.0
2025-06-22,更新至6:00,72377.28713198096,73343.95938461248,0.0,51260.82993529851,1237.437807355373,0.0,52498.26774265389,1,0,0,486.82608546588085
2025-06-22,更新至12:00,72377.28713198096,72377.28713198096,0.0,51260.82993529851,0.0,0.0,51260.82993529851,2,0,0,1054.3112750593032
2025-06-22,更新至18:00,72377.28713198096,72377.28713198096,0.0,51260.82993529851,0.0,0.0,51260.82993529851,2,1,0,1054.3112750593032
2025-06-23,仅0:00预报,73489.0317145139,73489.0317145139,2.2737367544323206e-13,52248.71995743477,0.0,1.2252598935447167e-12,52248.71995743477,0,0,0,0.0
2025-06-23,更新至6:00,73489.0317145139,73489.0317145139,2.2737367544323206e-13,52248.71995743477,0.0,1.2252598935447167e-12,52248.71995743477,0,1,0,0.0
2025-06-23,更新至12:00,73489.0317145139,73489.0317145139,2.2737367544323206e-13,52248.71995743477,0.0,1.2252598935447167e-12,52248.71995743477,0,2,0,0.0
2025-06-23,更新至18:00,73489.0317145139,73489.0317145139,2.2737367544323206e-13,52248.71995743477,0.0,1.2252598935447167e-12,52248.71995743477,0,3,0,0.0
2025-06-24,仅0:00预报,87922.33071558745,87922.33071558745,2.2737367544323206e-13,63726.85114491074,0.0,1.2789769243681803e-12,63726.85114491074,0,0,0,0.0
2025-06-24,更新至6:00,87922.33071558745,87922.33071558745,2.2737367544323206e-13,63726.85114491074,0.0,1.2789769243681803e-12,63726.85114491074,0,1,0,0.0
2025-06-24,更新至12:00,87922.33071558745,87922.33071558745,2.2737367544323206e-13,63726.85114491074,0.0,1.2789769243681803e-12,63726.85114491074,0,2,0,0.0
2025-06-24,更新至18:00,87922.33071558745,87922.33071558745,2.2737367544323206e-13,63726.85114491074,0.0,1.2789769243681803e-12,63726.85114491074,0,3,0,0.0
2025-06-25,仅0:00预报,75820.43747996124,75820.43747996124,0.0,53285.09739693925,0.0,0.0,53285.09739693925,0,0,0,0.0
2025-06-25,更新至6:00,75820.43747996124,75820.43747996124,0.0,53285.09739693925,0.0,0.0,53285.09739693925,0,1,0,0.0
2025-06-25,更新至12:00,75820.43747996124,75820.43747996124,0.0,53285.09739693925,0.0,0.0,53285.09739693925,0,2,0,0.0
2025-06-25,更新至18:00,75820.43747996124,75820.43747996124,0.0,53285.09739693925,0.0,0.0,53285.09739693925,0,3,0,0.0
2025-06-26,仅0:00预报,76000.35456944135,76000.35456944135,2.2737367544323206e-13,52814.59817617715,0.0,7.943299351609312e-13,52814.59817617715,0,0,0,0.0
2025-06-26,更新至6:00,76000.35456944135,77660.1806313442,2.2737367544323206e-13,52814.59817617715,1312.5371126006125,7.943299351609312e-13,54127.13528877776,1,0,0,314.3203438108376
2025-06-26,更新至12:00,76000.35456944135,76725.71755694135,2.2737367544323206e-13,52814.59817617715,586.9276470412503,7.943299351609312e-13,53401.5258232184,2,0,0,796.662332703726
2025-06-26,更新至18:00,76000.35456944135,76725.71755694135,2.2737367544323206e-13,52814.59817617715,586.9276470412503,7.943299351609312e-13,53401.5258232184,2,1,0,796.662332703726
2025-06-27,仅0:00预报,38747.04847029835,38747.04847029835,2.2737367544323206e-13,20468.1264669705,0.0,8.081428859441075e-13,20468.1264669705,0,0,0,0.0
2025-06-27,更新至6:00,38747.04847029835,38747.04847029835,2.2737367544323206e-13,20468.1264669705,0.0,8.081428859441075e-13,20468.1264669705,0,1,0,0.0
2025-06-27,更新至12:00,38747.04847029835,40191.00748696502,2.2737367544323206e-13,20468.1264669705,841.33872719375,8.081428859441075e-13,21309.46519416425,1,1,0,24.809369972576405
2025-06-27,更新至18:00,38747.04847029835,38747.04847029835,2.2737367544323206e-13,20468.1264669705,0.0,8.081428859441075e-13,20468.1264669705,2,1,0,120.90268846549998
2025-06-28,仅0:00预报,35432.834377188265,35432.834377188265,2.2737367544323206e-13,19816.157071155223,0.0,6.132268026703969e-13,19816.157071155223,0,0,0,0.0
2025-06-28,更新至6:00,35432.834377188265,35432.834377188265,2.2737367544323206e-13,19816.157071155223,0.0,6.132268026703969e-13,19816.157071155223,0,1,0,0.0
2025-06-28,更新至12:00,35432.834377188265,39333.749194864045,2.2737367544323206e-13,19816.157071155223,2249.9749737850643,6.132268026703969e-13,22066.13204494029,1,1,0,257.6509720602771
2025-06-28,更新至18:00,35432.834377188265,35432.834377188265,2.2737367544323206e-13,19816.157071155223,0.0,6.132268026703969e-13,19816.157071155223,2,1,0,398.13141441844346
2025-06-29,仅0:00预报,72393.37423383989,72393.37423383989,0.0,51441.51345913045,0.0,0.0,51441.51345913045,0,0,0,0.0
2025-06-29,更新至6:00,72393.37423383989,74315.95249834604,0.0,51441.51345913045,2235.5224280492944,0.0,53677.03588717974,1,0,0,491.46288197533045
2025-06-29,更新至12:00,72393.37423383989,74737.53769181314,0.0,51441.51345913045,2495.8004602271803,0.0,53937.313919357635,2,0,0,769.4174008769323
2025-06-29,更新至18:00,72393.37423383989,74737.53769181314,0.0,51441.51345913045,2495.8004602271803,0.0,53937.313919357635,2,1,0,769.4174008769323
2025-06-30,仅0:00预报,77863.80941414351,77863.80941414351,0.0,55271.10367294968,0.0,0.0,55271.10367294968,0,0,0,0.0
2025-06-30,更新至6:00,77863.80941414351,77863.80941414351,0.0,55271.10367294968,0.0,0.0,55271.10367294968,0,1,0,0.0
2025-06-30,更新至12:00,77863.80941414351,77863.80941414351,0.0,55271.10367294968,0.0,0.0,55271.10367294968,0,2,0,0.0
2025-06-30,更新至18:00,77863.80941414351,77863.80941414351,0.0,55271.10367294968,0.0,0.0,55271.10367294968,0,3,0,0.0
2025-07-01,仅0:00预报,69385.49567622787,69385.49567622787,8171.504223399691,54044.08256786225,0.0,62039.658405055685,116083.74097291793,0,0,0,0.0
2025-07-01,更新至6:00,69385.49567622787,73425.17897780775,4681.852102208335,54044.08256786225,4175.403341027293,37683.06502330441,95902.55093219396,1,0,0,3268.663123585252
2025-07-01,更新至12:00,69385.49567622787,75087.22696543159,3255.996758708321,54044.08256786225,6398.367025383489,25791.862704994845,86234.31229824058,2,0,0,5317.5237670804945
2025-07-01,更新至18:00,69385.49567622787,77918.39663038992,438.6960550833246,54044.08256786225,13323.704197314899,2813.159101373273,70180.94586655042,3,0,0,14754.201060710668
2025-07-02,仅0:00预报,75627.16645892872,75627.16645892872,3167.614755663994,57250.5248797882,0.0,21450.63453801973,78701.15941780794,0,0,0,0.0
2025-07-02,更新至6:00,75627.16645892872,75937.07664067872,2857.7045739139908,57250.5248797882,346.11614498141586,19738.240104256605,77334.88112902622,1,0,0,115.19166904995791
2025-07-02,更新至12:00,75627.16645892872,75937.07664067872,2857.7045739139908,57250.5248797882,346.11614498141586,19738.240104256605,77334.88112902622,1,1,0,115.19166904995791
2025-07-02,更新至18:00,75627.16645892872,77105.53762063436,1693.468298203331,57250.5248797882,3094.34546014488,10013.11443221702,70357.9847721501,2,1,0,2274.6893011630564
2025-07-03,仅0:00预报,83500.28530325793,83500.28530325793,2158.6675096719896,64324.62662871941,0.0,14521.607046561301,78846.2336752807,0,0,0,0.0
2025-07-03,更新至6:00,83500.28530325793,85019.21698477594,776.1661546539887,64324.62662871941,1737.9140563462815,6091.5310524877505,72154.07173755344,1,0,0,2307.991501412465
2025-07-03,更新至12:00,83500.28530325793,85019.21698477594,776.1661546539887,64324.62662871941,1737.9140563462815,6091.5310524877505,72154.07173755344,1,1,0,2307.991501412465
2025-07-03,更新至18:00,83500.28530325793,85392.30863526327,403.07450416666643,64324.62662871941,2539.604559362885,3112.799701737497,69977.0308898198,2,1,0,2711.1805142199782
2025-07-04,仅0:00预报,39079.89904128807,39079.89904128807,2376.788345833339,23024.686466738705,0.0,8183.511485661382,31208.197952400085,0,0,0,0.0
2025-07-04,更新至6:00,39079.89904128807,42482.81038873354,1893.7619123750032,23024.686466738705,2527.3067119271736,6074.126847788111,31626.120026453988,1,0,0,617.2524217225271
2025-07-04,更新至12:00,39079.89904128807,44660.35821350051,2012.1217584583394,23024.686466738705,4024.6251569429005,6965.791054312341,34015.10267799395,2,0,0,913.5689165840283
2025-07-04,更新至18:00,39079.89904128807,39444.565628663055,2012.1217584583394,23024.686466738705,365.31612940471217,6965.791054312341,30355.79365045576,3,0,0,2128.8374579292386
2025-07-05,仅0:00预报,37369.96745941924,37369.96745941924,4065.2606476224228,21568.64001807406,0.0,18573.198878787905,40141.83889686197,0,0,0,0.0
2025-07-05,更新至6:00,37369.96745941924,38835.4947137109,2600.2404716640967,21568.64001807406,1508.0887094863724,11546.843438426462,34623.572165986894,1,0,0,2161.691161832673
2025-07-05,更新至12:00,37369.96745941924,41923.77678519084,2497.4496200833337,21568.64001807406,3645.3816065654755,10817.898923221748,36031.920547861286,2,0,0,2255.069196203229
2025-07-05,更新至18:00,37369.96745941924,39638.37771860751,1798.6159991666652,21568.64001807406,3119.6793924533804,5838.030966359903,30526.350376887345,3,0,0,3382.869690131392
2025-07-06,仅0:00预报,70566.62498169187,70566.62498169187,11676.981184386665,54912.68825274843,0.0,87914.61816079887,142827.3064135473,0,0,0,0.0
2025-07-06,更新至6:00,70566.62498169187,80993.24839116717,2576.679073545,54912.68825274843,10577.7683972773,21199.293831606905,86689.75048163263,1,0,0,14324.958169987616
2025-07-06,更新至12:00,70566.62498169187,81911.19686204116,1838.0171487500006,54912.68825274843,11721.630490931191,15473.367579766003,82107.68632344561,2,0,0,15030.480409141253
2025-07-06,更新至18:00,70566.62498169187,83175.35290245782,573.8611083333321,54912.68825274843,14806.148328848389,4825.360154093738,74544.19673569055,3,0,0,17471.27109281658
2025-07-07,仅0:00预报,71175.84595329218,71175.84595329218,4742.733702683641,54836.070061104925,0.0,35460.600515711696,90296.67057681663,0,0,0,0.0
2025-07-07,更新至6:00,71175.84595329218,71175.84595329218,4742.733702683641,54836.070061104925,0.0,35460.600515711696,90296.67057681663,0,1,0,0.0
2025-07-07,更新至12:00,71175.84595329218,74989.30748653703,1669.9161669999958,54836.070061104925,4029.8294917746816,10708.657709121197,69574.5572620008,1,1,0,4569.318346646889
2025-07-07,更新至18:00,71175.84595329218,75273.17963724537,1386.044016291663,54836.070061104925,4708.201482520624,8369.11012750445,67913.38167113,2,1,0,4847.749102202498
2025-07-08,仅0:00预报,78951.03855836128,78951.03855836128,1147.8842720190246,61539.999688096825,0.0,9742.718859527024,71282.71854762385,0,0,0,0.0
2025-07-08,更新至6:00,78951.03855836128,79013.77033752794,1085.1524928523595,61539.999688096825,110.47054399957642,9229.606452357482,70880.07668445387,1,0,0,33.729142002320714
2025-07-08,更新至12:00,78951.03855836128,79937.50568847737,328.88779945833323,61539.999688096825,887.688493508833,2769.1573842303924,65196.84556583605,2,0,0,402.78151871811406
2025-07-08,更新至18:00,78951.03855836128,80280.23049210236,1.3070833333338214,61539.999688096825,1700.9830598270962,11.441553958335419,63252.42430188225,3,0,0,749.5146389135599
2025-07-09,仅0:00预报,78859.926395679,78859.926395679,45.72083750000013,60656.7466745322,0.0,393.3321184979163,61050.078793030116,0,0,0,0.0
2025-07-09,更新至6:00,78859.926395679,78859.926395679,45.72083750000013,60656.7466745322,0.0,393.3321184979163,61050.078793030116,0,1,0,0.9141463307155391
2025-07-09,更新至12:00,78859.926395679,78859.926395679,45.72083750000013,60656.7466745322,0.0,393.3321184979163,61050.078793030116,0,2,0,0.9141463307159938
2025-07-09,更新至18:00,78859.926395679,78859.926395679,45.72083750000013,60656.7466745322,0.0,393.3321184979163,61050.078793030116,0,3,0,0.9141463307159938
2025-07-10,仅0:00预报,72586.51693296296,72586.51693296296,3063.8536702541096,56570.53219769592,0.0,24711.74537194205,81282.27756963797,0,0,0,0.0
2025-07-10,更新至6:00,72586.51693296296,74458.0496971913,1260.1844226697508,56570.53219769592,2583.5953810284245,10717.006546659502,69871.13412538385,1,0,0,652.7637867214796
2025-07-10,更新至12:00,72586.51693296296,75604.40345161059,405.58428312911735,56570.53219769592,3112.9889690471305,3510.7538974589806,63194.275064202026,2,0,0,1219.438495760822
2025-07-10,更新至18:00,72586.51693296296,76181.43628198096,19.800000000000182,56570.53219769592,4528.233605094347,174.71520000000044,61273.481002790264,3,0,0,1894.7013789283799
2025-07-11,仅0:00预报,42961.68971561419,42961.68971561419,142.31335341666522,25459.58691115481,0.0,462.4776458247873,25922.064556979596,0,0,0,0.0
2025-07-11,更新至6:00,42961.68971561419,42961.68971561419,142.31335341666522,25459.58691115481,0.0,462.4776458247873,25922.064556979596,0,1,0,0.0
2025-07-11,更新至12:00,42961.68971561419,42961.68971561419,142.31335341666522,25459.58691115481,0.0,462.4776458247873,25922.064556979596,0,2,0,0.0
2025-07-11,更新至18:00,42961.68971561419,42961.68971561419,142.31335341666522,25459.58691115481,0.0,462.4776458247873,25922.064556979596,0,3,0,0.0
2025-07-12,仅0:00预报,41451.98235438905,41451.98235438905,0.0,24207.330632759382,0.0,0.0,24207.330632759382,0,0,0,0.0
2025-07-12,更新至6:00,41451.98235438905,43478.699458691524,0.0,24207.330632759382,1684.2066072183957,0.0,25891.537239977777,1,0,0,148.73262755770702
2025-07-12,更新至12:00,41451.98235438905,44779.08018373318,0.0,24207.330632759382,2333.510983896994,0.0,26540.841616656377,2,0,0,249.62537830640053
2025-07-12,更新至18:00,41451.98235438905,41635.34941289986,0.0,24207.330632759382,197.07589615574406,0.0,24404.406528915126,3,0,0,497.69557348593617
2025-07-13,仅0:00预报,78425.76449224983,78425.76449224983,37.27471666666679,59649.27850344597,0.0,308.849776308333,59958.1282797543,0,0,0,0.0
2025-07-13,更新至6:00,78425.76449224983,78425.76449224983,37.27471666666679,59649.27850344597,0.0,308.849776308333,59958.1282797543,0,1,0,0.0
2025-07-13,更新至12:00,78425.76449224983,78425.76449224983,37.27471666666679,59649.27850344597,0.0,308.849776308333,59958.1282797543,0,2,0,0.0
2025-07-13,更新至18:00,78425.76449224983,78425.76449224983,37.27471666666679,59649.27850344597,0.0,308.849776308333,59958.1282797543,0,3,0,0.0
2025-07-14,仅0:00预报,73379.7523648148,73379.7523648148,1149.3953286250012,55960.54876089679,0.0,9571.121019362914,65531.669780259705,0,0,0,0.0
2025-07-14,更新至6:00,73379.7523648148,73379.7523648148,1149.3953286250012,55960.54876089679,0.0,9571.121019362914,65531.669780259705,0,1,0,0.20328960055621792
2025-07-14,更新至12:00,73379.7523648148,74451.48565560699,272.7893982500012,55960.54876089679,854.7779563643132,2269.5713952137603,59084.89811247486,1,1,0,402.57369567604064
2025-07-14,更新至18:00,73379.7523648148,74558.71215385699,165.56290000000251,55960.54876089679,1126.9670608470228,1393.8258105416885,58481.341632285505,2,1,0,505.66739336654564
2025-07-15,仅0:00预报,81597.3662622999,81597.3662622999,1.1368683772161603e-13,61861.423280293275,0.0,7.885887498559896e-13,61861.423280293275,0,0,0,0.0
2025-07-15,更新至6:00,81597.3662622999,81683.78008613322,1.1368683772161603e-13,61861.423280293275,160.6956704702691,7.655671652173623e-13,62022.11895076354,1,0,0,45.34801338216607
2025-07-15,更新至12:00,81597.3662622999,81597.3662622999,1.1368683772161603e-13,61861.423280293275,0.0,7.885887498559896e-13,61861.423280293275,2,0,0,82.11925108209948
2025-07-15,更新至18:00,81597.3662622999,81597.3662622999,1.1368683772161603e-13,61861.423280293275,0.0,7.885887498559896e-13,61861.423280293275,2,1,0,82.11925108209948
2025-07-16,仅0:00预报,77045.96658210183,77045.96658210183,3.410605131648481e-13,60337.46015096343,0.0,1.1804672794824002e-12,60337.46015096343,0,0,0,0.0
2025-07-16,更新至6:00,77045.96658210183,77045.96658210183,3.410605131648481e-13,60337.46015096343,0.0,1.1804672794824002e-12,60337.46015096343,0,1,0,0.0
2025-07-16,更新至12:00,77045.96658210183,77045.96658210183,3.410605131648481e-13,60337.46015096343,0.0,1.1804672794824002e-12,60337.46015096343,0,2,0,0.0
2025-07-16,更新至18:00,77045.96658210183,77045.96658210183,3.410605131648481e-13,60337.46015096343,0.0,1.1804672794824002e-12,60337.46015096343,0,3,0,0.0
2025-07-17,仅0:00预报,75282.30005143306,75282.30005143306,99.65270724539857,58424.668069430045,0.0,851.6320361191756,59276.30010554922,0,0,0,0.0
2025-07-17,更新至6:00,75282.30005143306,78938.80721403027,1.1368683772161603e-13,58424.668069430045,2929.945221245596,4.3013415051973426e-13,61354.61329067564,1,0,0,2051.905566488427
2025-07-17,更新至12:00,75282.30005143306,78166.84605015526,1.1368683772161603e-13,58424.668069430045,2311.7157937150632,4.3013415051973426e-13,60736.38386314511,2,0,0,2416.635900591943
2025-07-17,更新至18:00,75282.30005143306,78166.84605015526,1.1368683772161603e-13,58424.668069430045,2311.7157937150632,4.3013415051973426e-13,60736.38386314511,2,1,0,2416.6746984572096
2025-07-18,仅0:00预报,44851.340399651235,44851.340399651235,1.1368683772161603e-13,26274.460137935712,0.0,6.62623733660439e-13,26274.460137935712,0,0,0,0.0
2025-07-18,更新至6:00,44851.340399651235,44865.351154317905,1.1368683772161603e-13,26274.460137935712,19.479803702250486,6.62623733660439e-13,26293.939941637964,1,0,0,3.4866495273336113
2025-07-18,更新至12:00,44851.340399651235,44851.340399651235,1.1368683772161603e-13,26274.460137935712,0.0,6.62623733660439e-13,26274.460137935712,2,0,0,9.207407564456389
2025-07-18,更新至18:00,44851.340399651235,44851.340399651235,1.1368683772161603e-13,26274.460137935712,0.0,6.62623733660439e-13,26274.460137935712,2,1,0,9.207407564456389
2025-07-19,仅0:00预报,43416.33453352777,43416.33453352777,1.7053025658242404e-13,25973.285306349495,0.0,1.0391545401944315e-12,25973.285306349495,0,0,0,0.0
2025-07-19,更新至6:00,43416.33453352777,43480.89728702778,1.7053025658242404e-13,25973.285306349495,90.18012845472461,1.0391545401944315e-12,26063.46543480422,1,0,0,26.065427174660044
2025-07-19,更新至12:00,43416.33453352777,49312.31920945369,1.7053025658242404e-13,25973.285306349495,3930.801917162564,1.0391545401944315e-12,29904.08722351206,2,0,0,386.9228561874936
2025-07-19,更新至18:00,43416.33453352777,43419.81268769444,1.7053025658242404e-13,25973.285306349495,6.081726468122644,1.0391545401944315e-12,25979.367032817616,3,0,0,1145.805202752363
2025-07-20,仅0:00预报,82054.15459737653,82054.15459737653,6.821210263296962e-13,61462.801264448804,0.0,2.727517767198151e-12,61462.801264448804,0,0,0,0.0
2025-07-20,更新至6:00,82054.15459737653,83052.64841935606,6.821210263296962e-13,61462.801264448804,1051.338642518988,2.727517767198151e-12,62514.139906967794,1,0,0,309.08503287811686
2025-07-20,更新至12:00,82054.15459737653,82853.85387168938,6.821210263296962e-13,61462.801264448804,717.3742488273388,2.727517767198151e-12,62180.17551327615,2,0,0,381.47607857459843
2025-07-20,更新至18:00,82054.15459737653,82853.85387168938,6.821210263296962e-13,61462.801264448804,717.3742488273388,2.727517767198151e-12,62180.17551327615,2,1,0,381.47607857459843
2025-07-21,仅0:00预报,81664.79714083226,81664.79714083226,2.2737367544323206e-13,63240.15337398167,0.0,1.4631496014771982e-12,63240.15337398167,0,0,0,0.0
2025-07-21,更新至6:00,81664.79714083226,81664.79714083226,2.2737367544323206e-13,63240.15337398167,0.0,1.4631496014771982e-12,63240.15337398167,0,1,0,0.6772221303178867
2025-07-21,更新至12:00,81664.79714083226,81664.79714083226,2.2737367544323206e-13,63240.15337398167,0.0,1.4631496014771982e-12,63240.15337398167,0,2,0,0.6772221303178867
2025-07-21,更新至18:00,81664.79714083226,81664.79714083226,2.2737367544323206e-13,63240.15337398167,0.0,1.4631496014771982e-12,63240.15337398167,0,3,0,0.6772221303178867
2025-07-22,仅0:00预报,81107.63718515637,81107.63718515637,0.0,63000.98724552426,0.0,0.0,63000.98724552426,0,0,0,0.0
2025-07-22,更新至6:00,81107.63718515637,92574.19843231865,0.0,63000.98724552426,9991.626788431895,0.0,72992.61403395615,1,0,0,11932.612293722237
2025-07-22,更新至12:00,81107.63718515637,88394.88086943654,0.0,63000.98724552426,6375.205407233369,0.0,69376.19265275763,2,0,0,15395.318612352054
2025-07-22,更新至18:00,81107.63718515637,88394.88086943654,0.0,63000.98724552426,6375.205407233369,0.0,69376.19265275763,2,1,0,15395.318612352054
2025-07-23,仅0:00预报,89414.97711867078,89414.97711867078,2.2737367544323206e-13,69444.28543065616,0.0,1.284149675484514e-12,69444.28543065616,0,0,0,0.0
2025-07-23,更新至6:00,89414.97711867078,89414.97711867078,2.2737367544323206e-13,69444.28543065616,0.0,1.284149675484514e-12,69444.28543065616,0,1,0,0.0
2025-07-23,更新至12:00,89414.97711867078,89414.97711867078,2.2737367544323206e-13,69444.28543065616,0.0,1.284149675484514e-12,69444.28543065616,0,2,0,0.0
2025-07-23,更新至18:00,89414.97711867078,89414.97711867078,2.2737367544323206e-13,69444.28543065616,0.0,1.284149675484514e-12,69444.28543065616,0,3,0,0.0
2025-07-24,仅0:00预报,89367.9074694938,89367.9074694938,1.1368683772161603e-13,69819.0945311129,0.0,9.392238098371308e-13,69819.0945311129,0,0,0,0.0
2025-07-24,更新至6:00,89367.9074694938,89367.9074694938,1.1368683772161603e-13,69819.0945311129,0.0,9.392238098371308e-13,69819.0945311129,0,1,0,0.0
2025-07-24,更新至12:00,89367.9074694938,89367.9074694938,1.1368683772161603e-13,69819.0945311129,0.0,9.392238098371308e-13,69819.0945311129,0,2,0,0.0
2025-07-24,更新至18:00,89367.9074694938,89367.9074694938,1.1368683772161603e-13,69819.0945311129,0.0,9.392238098371308e-13,69819.0945311129,0,3,0,0.0
2025-07-25,仅0:00预报,43573.390410766886,43573.390410766886,0.0,26024.89442879401,0.0,0.0,26024.89442879401,0,0,0,0.0
2025-07-25,更新至6:00,43573.390410766886,45455.278755985615,0.0,26024.89442879401,1422.8939459117382,0.0,27447.78837470575,1,0,0,83.16301619768251
2025-07-25,更新至12:00,43573.390410766886,43573.390410766886,0.0,26024.89442879401,0.0,0.0,26024.89442879401,2,0,0,429.99360463567155
2025-07-25,更新至18:00,43573.390410766886,43573.390410766886,0.0,26024.89442879401,0.0,0.0,26024.89442879401,2,1,0,429.99360463567155
2025-07-26,仅0:00预报,43980.52082665167,43980.52082665167,0.0,26204.9428815322,0.0,0.0,26204.9428815322,0,0,0,0.0
2025-07-26,更新至6:00,43980.52082665167,44372.77531479167,0.0,26204.9428815322,458.19999893683394,0.0,26663.142880469033,1,0,0,158.81016632645878
2025-07-26,更新至12:00,43980.52082665167,44006.132066943326,0.0,26204.9428815322,27.574812341990107,0.0,26232.51769387419,2,0,0,292.29875135697375
2025-07-26,更新至18:00,43980.52082665167,44006.132066943326,0.0,26204.9428815322,27.574812341990107,0.0,26232.51769387419,2,1,0,292.29875135697375
2025-07-27,仅0:00预报,81442.0530241749,81442.0530241749,0.0,62799.645720534114,0.0,0.0,62799.645720534114,0,0,0,0.0
2025-07-27,更新至6:00,81442.0530241749,82027.38422202301,0.0,62799.645720534114,841.1341624733179,0.0,63640.77988300743,1,0,0,383.24787194434066
2025-07-27,更新至12:00,81442.0530241749,81517.42355965718,0.0,62799.645720534114,52.42397595470882,0.0,62852.06969648882,2,0,0,607.3225888095144
2025-07-27,更新至18:00,81442.0530241749,81517.42355965718,0.0,62799.645720534114,52.42397595470882,0.0,62852.06969648882,2,1,0,607.3225888095144
2025-07-28,仅0:00预报,84735.44374417517,84735.44374417517,2.2737367544323206e-13,65262.51643927574,0.0,1.4518946045427582e-12,65262.51643927574,0,0,0,0.0
2025-07-28,更新至6:00,84735.44374417517,88166.4285300945,2.2737367544323206e-13,65262.51643927574,3687.8593124837453,1.4518946045427582e-12,68950.3757517595,1,0,0,1341.0197334250374
2025-07-28,更新至12:00,84735.44374417517,87279.47087238033,2.2737367544323206e-13,65262.51643927574,2250.2867928745286,1.4518946045427582e-12,67512.80323215027,2,0,0,2038.0589743766893
2025-07-28,更新至18:00,84735.44374417517,87279.47087238033,2.2737367544323206e-13,65262.51643927574,2250.2867928745286,1.4518946045427582e-12,67512.80323215027,2,1,0,2038.0589743766893
2025-07-29,仅0:00预报,85179.88636428627,85179.88636428627,0.0,65519.65079794349,0.0,0.0,65519.65079794349,0,0,0,0.0
2025-07-29,更新至6:00,85179.88636428627,92463.83006795958,0.0,65519.65079794349,7303.509260050113,0.0,72823.1600579936,1,0,0,4979.252786763771
2025-07-29,更新至12:00,85179.88636428627,91437.13120439218,0.0,65519.65079794349,6449.282498856269,0.0,71968.93329679976,2,0,0,5840.956078945341
2025-07-29,更新至18:00,85179.88636428627,91437.13120439218,0.0,65519.65079794349,6449.282498856269,0.0,71968.93329679976,2,1,0,5840.956078945341
2025-07-30,仅0:00预报,77410.82805796631,77410.82805796631,620.0075818240733,61102.88596721932,0.0,5070.428359641816,66173.31432686113,0,0,0,0.0
2025-07-30,更新至6:00,77410.82805796631,88083.69082959142,1.1368683772161603e-13,61102.88596721932,10296.211971905932,4.768594408233184e-13,71399.09793912525,1,0,0,6582.883374609783
2025-07-30,更新至12:00,77410.82805796631,85722.84751582795,1.1368683772161603e-13,61102.88596721932,8192.914184816382,4.768594408233184e-13,69295.8001520357,2,0,0,8662.343966889754
2025-07-30,更新至18:00,77410.82805796631,85722.84751582795,1.1368683772161603e-13,61102.88596721932,8192.914184816382,4.768594408233184e-13,69295.8001520357,2,1,0,8662.343966889754
2025-07-31,仅0:00预报,81163.89279706789,81163.89279706789,2.2737367544323206e-13,63112.43106916444,0.0,1.484295353293419e-12,63112.43106916444,0,0,0,0.0
2025-07-31,更新至6:00,81163.89279706789,86623.67028957061,0.0,63112.43106916444,4605.459667282725,0.0,67717.89073644717,1,0,0,2714.5252873247537
2025-07-31,更新至12:00,81163.89279706789,85179.73300207061,0.0,63112.43106916444,3396.7450853077244,0.0,66509.17615447217,2,0,0,3829.668719452019
2025-07-31,更新至18:00,81163.89279706789,85179.73300207061,0.0,63112.43106916444,3396.7450853077244,0.0,66509.17615447217,2,1,0,3829.668719452019
2025-08-01,仅0:00预报,45483.97903875257,45483.97903875257,1.1368683772161603e-13,27675.357404776976,0.0,1.972466634470038e-13,27675.357404776976,0,0,0,0.0
2025-08-01,更新至6:00,45483.97903875257,45483.97903875257,1.1368683772161603e-13,27675.357404776976,0.0,1.972466634470038e-13,27675.357404776976,0,1,0,0.0
2025-08-01,更新至12:00,45483.97903875257,45483.97903875257,1.1368683772161603e-13,27675.357404776976,0.0,1.972466634470038e-13,27675.357404776976,0,2,0,0.0
2025-08-01,更新至18:00,45483.97903875257,49156.317659585904,1.1368683772161603e-13,27675.357404776976,2575.8734334924998,1.972466634470038e-13,30251.230838269475,1,2,0,68.80143921386662
2025-08-02,仅0:00预报,47137.73164689918,47137.73164689918,1.7053025658242404e-13,28013.30061496192,0.0,3.395825842744671e-13,28013.30061496192,0,0,0,0.0
2025-08-02,更新至6:00,47137.73164689918,47137.73164689918,1.7053025658242404e-13,28013.30061496192,0.0,3.395825842744671e-13,28013.30061496192,0,1,0,2.2737367544323206e-13
2025-08-02,更新至12:00,47137.73164689918,47137.73164689918,1.7053025658242404e-13,28013.30061496192,0.0,3.395825842744671e-13,28013.30061496192,0,2,0,4.547473508864641e-13
2025-08-02,更新至18:00,47137.73164689918,47137.73164689918,1.7053025658242404e-13,28013.30061496192,0.0,3.395825842744671e-13,28013.30061496192,0,3,0,4.547473508864641e-13
2025-08-03,仅0:00预报,70338.69882419164,70338.69882419164,3.410605131648481e-13,54663.671334682476,0.0,1.5438672562595457e-12,54663.671334682476,0,0,0,0.0
2025-08-03,更新至6:00,70338.69882419164,70415.39038401164,3.410605131648481e-13,54663.671334682476,66.60661970367138,1.5438672562595457e-12,54730.27795438615,1,0,0,15.450354230055154
2025-08-03,更新至12:00,70338.69882419164,70338.69882419164,3.410605131648481e-13,54663.671334682476,0.0,1.5438672562595457e-12,54663.671334682476,2,0,0,89.2169341032693
2025-08-03,更新至18:00,70338.69882419164,70338.69882419164,3.410605131648481e-13,54663.671334682476,0.0,1.5438672562595457e-12,54663.671334682476,2,1,0,89.2169341032693
2025-08-04,仅0:00预报,75700.23936653834,75700.23936653834,0.0,58015.350501258086,0.0,0.0,58015.350501258086,0,0,0,0.0
2025-08-04,更新至6:00,75700.23936653834,79208.82654918879,0.0,58015.350501258086,2917.1919539450982,0.0,60932.54245520318,1,0,0,2238.504202871637
2025-08-04,更新至12:00,75700.23936653834,78024.40332678062,0.0,58015.350501258086,1683.892703192511,0.0,59699.2432044506,2,0,0,3410.136760160458
2025-08-04,更新至18:00,75700.23936653834,78024.40332678062,0.0,58015.350501258086,1683.892703192511,0.0,59699.2432044506,2,1,0,3410.136760160458
2025-08-05,仅0:00预报,77125.88972289627,77125.88972289627,1.1368683772161603e-13,58416.05157956642,0.0,5.110791789775248e-13,58416.05157956642,0,0,0,0.0
2025-08-05,更新至6:00,77125.88972289627,79471.46370546836,1.1368683772161603e-13,58416.05157956642,1708.0793916830003,5.110791789775248e-13,60124.13097124942,1,0,0,1552.5254420505357
2025-08-05,更新至12:00,77125.88972289627,79146.55461649521,1.1368683772161603e-13,58416.05157956642,1510.3878056822045,5.110791789775248e-13,59926.439385248625,2,0,0,1757.384989432662
2025-08-05,更新至18:00,77125.88972289627,79146.55461649521,1.1368683772161603e-13,58416.05157956642,1510.3878056822045,5.110791789775248e-13,59926.439385248625,2,1,0,1757.384989432662
2025-08-06,仅0:00预报,82998.91415087448,82998.91415087448,0.0,63987.195651985545,0.0,0.0,63987.195651985545,0,0,0,0.0
2025-08-06,更新至6:00,82998.91415087448,82998.91415087448,0.0,63987.195651985545,0.0,0.0,63987.195651985545,0,1,0,0.0
2025-08-06,更新至12:00,82998.91415087448,82998.91415087448,0.0,63987.195651985545,0.0,0.0,63987.195651985545,0,2,0,0.0
2025-08-06,更新至18:00,82998.91415087448,82998.91415087448,0.0,63987.195651985545,0.0,0.0,63987.195651985545,0,3,0,0.0
2025-08-07,仅0:00预报,81871.79451827,81871.79451827,0.0,60736.67458989232,0.0,0.0,60736.67458989232,0,0,0,0.0
2025-08-07,更新至6:00,81871.79451827,81871.79451827,0.0,60736.67458989232,0.0,0.0,60736.67458989232,0,1,0,0.0
2025-08-07,更新至12:00,81871.79451827,81871.79451827,0.0,60736.67458989232,0.0,0.0,60736.67458989232,0,2,0,-2.2737367544323206e-13
2025-08-07,更新至18:00,81871.79451827,81871.79451827,0.0,60736.67458989232,0.0,0.0,60736.67458989232,0,3,0,-2.2737367544323206e-13
2025-08-08,仅0:00预报,43521.239014624996,43521.239014624996,0.0,25706.604727810274,0.0,0.0,25706.604727810274,0,0,0,0.0
2025-08-08,更新至6:00,43521.239014624996,43521.239014624996,0.0,25706.604727810274,0.0,0.0,25706.604727810274,0,1,0,0.0
2025-08-08,更新至12:00,43521.239014624996,49472.192534480964,0.0,25706.604727810274,4098.133246535797,0.0,29804.73797434607,1,1,0,366.2045047820234
2025-08-08,更新至18:00,43521.239014624996,43521.239014624996,0.0,25706.604727810274,0.0,0.0,25706.604727810274,2,1,0,1441.7582663999208
2025-08-09,仅0:00预报,43130.294926733026,43130.294926733026,2.2737367544323206e-13,25960.896389967882,0.0,4.2530245991656553e-13,25960.896389967882,0,0,0,0.0
2025-08-09,更新至6:00,43130.294926733026,43130.294926733026,2.2737367544323206e-13,25960.896389967882,0.0,4.2530245991656553e-13,25960.896389967882,0,1,0,0.0
2025-08-09,更新至12:00,43130.294926733026,43130.294926733026,2.2737367544323206e-13,25960.896389967882,0.0,4.2530245991656553e-13,25960.896389967882,0,2,0,0.0
2025-08-09,更新至18:00,43130.294926733026,43130.294926733026,2.2737367544323206e-13,25960.896389967882,0.0,4.2530245991656553e-13,25960.896389967882,0,3,0,0.0
2025-08-10,仅0:00预报,77305.97414226233,77305.97414226233,0.0,59928.24076087768,0.0,0.0,59928.24076087768,0,0,0,0.0
2025-08-10,更新至6:00,77305.97414226233,77305.97414226233,0.0,59928.24076087768,0.0,0.0,59928.24076087768,0,1,0,0.0
2025-08-10,更新至12:00,77305.97414226233,77305.97414226233,0.0,59928.24076087768,0.0,0.0,59928.24076087768,0,2,0,0.0
2025-08-10,更新至18:00,77305.97414226233,77305.97414226233,0.0,59928.24076087768,0.0,0.0,59928.24076087768,0,3,0,0.0
2025-08-11,仅0:00预报,73888.29731103999,73888.29731103999,2.2737367544323206e-13,55584.20385243045,0.0,5.258016244624741e-13,55584.20385243045,0,0,0,0.0
2025-08-11,更新至6:00,73888.29731103999,73888.29731103999,2.2737367544323206e-13,55584.20385243045,0.0,5.258016244624741e-13,55584.20385243045,0,1,0,0.0
2025-08-11,更新至12:00,73888.29731103999,73888.29731103999,2.2737367544323206e-13,55584.20385243045,0.0,5.258016244624741e-13,55584.20385243045,0,2,0,0.0
2025-08-11,更新至18:00,73888.29731103999,73888.29731103999,2.2737367544323206e-13,55584.20385243045,0.0,5.258016244624741e-13,55584.20385243045,0,3,0,0.0
2025-08-12,仅0:00预报,80756.46718190325,80756.46718190325,3.410605131648481e-13,61052.59550264406,0.0,1.091962076316122e-12,61052.59550264406,0,0,0,0.0
2025-08-12,更新至6:00,80756.46718190325,80756.46718190325,3.410605131648481e-13,61052.59550264406,0.0,1.091962076316122e-12,61052.59550264406,0,1,0,0.0
2025-08-12,更新至12:00,80756.46718190325,80756.46718190325,3.410605131648481e-13,61052.59550264406,0.0,1.091962076316122e-12,61052.59550264406,0,2,0,-4.547473508864641e-13
2025-08-12,更新至18:00,80756.46718190325,80756.46718190325,3.410605131648481e-13,61052.59550264406,0.0,1.091962076316122e-12,61052.59550264406,0,3,0,-4.547473508864641e-13
2025-08-13,仅0:00预报,74985.40434528035,74985.40434528035,0.0,56751.89095957327,0.0,0.0,56751.89095957327,0,0,0,0.0
2025-08-13,更新至6:00,74985.40434528035,76403.48934322275,0.0,56751.89095957327,971.7379118955681,0.0,57723.628871468834,1,0,0,565.4220926200229
2025-08-13,更新至12:00,74985.40434528035,75478.09974322273,0.0,56751.89095957327,417.70715837556793,0.0,57169.59811794884,2,0,0,1135.3354505227258
2025-08-13,更新至18:00,74985.40434528035,75478.09974322273,0.0,56751.89095957327,417.70715837556793,0.0,57169.59811794884,2,1,0,1135.3354505227258
2025-08-14,仅0:00预报,69577.48897596501,69577.48897596501,20.15169166666658,52745.23573706095,0.0,175.1585039666659,52920.39424102762,0,0,0,0.0
2025-08-14,更新至6:00,69577.48897596501,74405.28402106123,20.15169166666658,52745.23573706095,3963.8474560092736,175.1585039666659,56884.241697036894,1,0,0,3881.883462041098
2025-08-14,更新至12:00,69577.48897596501,74139.95196411677,20.15169166666658,52745.23573706095,3659.152506838017,175.1585039666659,56579.546747865636,2,0,0,4067.5732322537956
2025-08-14,更新至18:00,69577.48897596501,74139.95196411677,20.15169166666658,52745.23573706095,3659.152506838017,175.1585039666659,56579.546747865636,2,1,0,4067.5732322537956
2025-08-15,仅0:00预报,41779.12127644701,41779.12127644701,0.0,23849.234311758435,0.0,0.0,23849.234311758435,0,0,0,0.0
2025-08-15,更新至6:00,41779.12127644701,41779.12127644701,0.0,23849.234311758435,0.0,0.0,23849.234311758435,0,1,0,0.0
2025-08-15,更新至12:00,41779.12127644701,49974.60080995449,0.0,23849.234311758435,5552.340785828542,0.0,29401.575097586978,1,1,0,1434.712122930617
2025-08-15,更新至18:00,41779.12127644701,41779.12127644701,0.0,23849.234311758435,0.0,0.0,23849.234311758435,2,1,0,1860.9210194568914
2025-08-16,仅0:00预报,41714.81909441283,41714.81909441283,5.684341886080802e-14,24694.684611473866,0.0,1.921875991683919e-13,24694.684611473866,0,0,0,0.0
2025-08-16,更新至6:00,41714.81909441283,41714.81909441283,5.684341886080802e-14,24694.684611473866,0.0,1.921875991683919e-13,24694.684611473866,0,1,0,0.0
2025-08-16,更新至12:00,41714.81909441283,48723.37573067825,5.684341886080802e-14,24694.684611473866,4462.666156301758,1.921875991683919e-13,29157.350767775624,1,1,0,510.852528771753
2025-08-16,更新至18:00,41714.81909441283,41714.81909441283,5.684341886080802e-14,24694.684611473866,0.0,1.921875991683919e-13,24694.684611473866,2,1,0,2186.0920156439474
2025-08-17,仅0:00预报,79253.52599330693,79253.52599330693,2.2737367544323206e-13,57270.52117850578,0.0,1.2453824638214427e-12,57270.52117850578,0,0,0,0.0
2025-08-17,更新至6:00,79253.52599330693,79253.52599330693,2.2737367544323206e-13,57270.52117850578,0.0,1.2453824638214427e-12,57270.52117850578,0,1,0,0.0
2025-08-17,更新至12:00,79253.52599330693,79325.41707189026,2.2737367544323206e-13,57270.52117850578,93.20180203534112,1.2453824638214427e-12,57363.722980541126,1,1,0,46.657276825443375
2025-08-17,更新至18:00,79253.52599330693,79325.41707189026,2.2737367544323206e-13,57270.52117850578,93.20180203534112,1.2453824638214427e-12,57363.722980541126,1,2,0,46.657276825443375
2025-08-18,仅0:00预报,71618.10226765252,71618.10226765252,38.88475833333382,54856.7897926189,0.0,325.5067842291694,55182.29657684807,0,0,0,0.0
2025-08-18,更新至6:00,71618.10226765252,72503.31082362065,38.88475833333382,54856.7897926189,530.6560471344967,325.5067842291694,55712.95262398257,1,0,0,274.11320404752587
2025-08-18,更新至12:00,71618.10226765252,72503.31082362065,38.88475833333382,54856.7897926189,530.6560471344967,325.5067842291694,55712.95262398257,1,1,0,274.11320404752587
2025-08-18,更新至18:00,71618.10226765252,72503.31082362065,38.88475833333382,54856.7897926189,530.6560471344967,325.5067842291694,55712.95262398257,1,2,0,274.11320404752587
2025-08-19,仅0:00预报,70276.4957891861,70276.4957891861,12.435217458333113,53460.936799493364,0.0,106.94583137560228,53567.88263086897,0,0,0,0.0
2025-08-19,更新至6:00,70276.4957891861,70276.4957891861,12.435217458333113,53460.936799493364,0.0,106.94583137560228,53567.88263086897,0,1,0,0.0
2025-08-19,更新至12:00,70276.4957891861,70276.4957891861,12.435217458333113,53460.936799493364,0.0,106.94583137560228,53567.88263086897,0,2,0,0.0
2025-08-19,更新至18:00,70276.4957891861,70276.4957891861,12.435217458333113,53460.936799493364,0.0,106.94583137560228,53567.88263086897,0,3,0,0.0
2025-08-20,仅0:00预报,80507.36472907505,80507.36472907505,4.4185125000001335,59242.27535881261,0.0,37.83572253750032,59280.11108135011,0,0,0,0.0
2025-08-20,更新至6:00,80507.36472907505,80507.36472907505,4.4185125000001335,59242.27535881261,0.0,37.83572253750032,59280.11108135011,0,1,0,0.0
2025-08-20,更新至12:00,80507.36472907505,80507.36472907505,4.4185125000001335,59242.27535881261,0.0,37.83572253750032,59280.11108135011,0,2,0,0.0
2025-08-20,更新至18:00,80507.36472907505,80507.36472907505,4.4185125000001335,59242.27535881261,0.0,37.83572253750032,59280.11108135011,0,3,0,0.0
2025-08-21,仅0:00预报,75107.12922007561,75107.12922007561,0.0,54411.58308707813,0.0,0.0,54411.58308707813,0,0,0,0.0
2025-08-21,更新至6:00,75107.12922007561,75446.28633014453,0.0,54411.58308707813,458.9801626402611,0.0,54870.56324971839,1,0,0,144.42782977211232
2025-08-21,更新至12:00,75107.12922007561,75107.12922007561,0.0,54411.58308707813,0.0,0.0,54411.58308707813,2,0,0,305.80159138266754
2025-08-21,更新至18:00,75107.12922007561,75107.12922007561,0.0,54411.58308707813,0.0,0.0,54411.58308707813,2,1,0,305.80159138266754
2025-08-22,仅0:00预报,38705.891155207806,38705.891155207806,298.2081089166652,22286.95190192251,0.0,948.4199065986616,23235.371808521173,0,0,0,0.0
2025-08-22,更新至6:00,38705.891155207806,38883.13785162447,120.96141250000062,22286.95190192251,177.85893624989774,365.822078795835,22830.632916968243,1,0,0,148.92867078513416
2025-08-22,更新至12:00,38705.891155207806,44275.27477605862,120.96141250000062,22286.95190192251,3596.753698180993,365.822078795835,26249.52767889934,2,0,0,237.13269114342677
2025-08-22,更新至18:00,38705.891155207806,38883.13785162447,120.96141250000062,22286.95190192251,177.85893624989774,365.822078795835,22830.632916968243,3,0,0,705.5332431117232
2025-08-23,仅0:00预报,40353.041418875975,40353.041418875975,420.72887349542145,21908.387581352894,0.0,2669.168599885683,24577.55618123858,0,0,0,0.0
2025-08-23,更新至6:00,40353.041418875975,40783.36392890329,8.38659863477028,21908.387581352894,479.88212218286844,31.827141818953212,22420.096845354718,1,0,0,323.29616239897166
2025-08-23,更新至12:00,40353.041418875975,41025.43324511162,0.0,21908.387581352894,735.9681208259796,0.0,22644.355702178873,2,0,0,407.7102587208815
2025-08-23,更新至18:00,40353.041418875975,41025.43324511162,0.0,21908.387581352894,735.9681208259796,0.0,22644.355702178873,2,1,0,407.7102587208815
2025-08-24,仅0:00预报,68416.80734453473,68416.80734453473,46.75892570833457,52104.023638564235,0.0,237.91903754196488,52341.9426761062,0,0,0,0.0
2025-08-24,更新至6:00,68416.80734453473,68862.5615660764,1.1368683772161603e-13,52104.023638564235,459.9403743018142,4.416733645484783e-13,52563.96401286605,1,0,0,193.2808658601868
2025-08-24,更新至12:00,68416.80734453473,69615.03447111754,1.1368683772161603e-13,52104.023638564235,931.0167964938844,4.416733645484783e-13,53035.040435058116,2,0,0,331.5587992699198
2025-08-24,更新至18:00,68416.80734453473,69615.03447111754,1.1368683772161603e-13,52104.023638564235,931.0167964938844,4.416733645484783e-13,53035.040435058116,2,1,0,331.5587992699198
2025-08-25,仅0:00预报,92021.56197897326,92021.56197897326,4.547473508864641e-13,65852.56500228065,0.0,1.516241354693193e-12,65852.56500228065,0,0,0,0.0
2025-08-25,更新至6:00,92021.56197897326,92021.56197897326,4.547473508864641e-13,65852.56500228065,0.0,1.516241354693193e-12,65852.56500228065,0,1,0,0.0
2025-08-25,更新至12:00,92021.56197897326,92021.56197897326,4.547473508864641e-13,65852.56500228065,0.0,1.516241354693193e-12,65852.56500228065,0,2,0,0.0
2025-08-25,更新至18:00,92021.56197897326,92021.56197897326,4.547473508864641e-13,65852.56500228065,0.0,1.516241354693193e-12,65852.56500228065,0,3,0,0.0
2025-08-26,仅0:00预报,71073.60629126604,71073.60629126604,84.42447357860942,53712.76978369169,0.0,460.98608946319746,54173.75587315489,0,0,0,0.0
2025-08-26,更新至6:00,71073.60629126604,71447.37738180299,11.806249999999864,53712.76978369169,393.1670587379251,100.27638437499886,54206.21322680462,1,0,0,137.05157808841045
2025-08-26,更新至12:00,71073.60629126604,71447.37738180299,11.806249999999864,53712.76978369169,393.1670587379251,100.27638437499886,54206.21322680462,1,1,0,137.05157808841045
2025-08-26,更新至18:00,71073.60629126604,71447.37738180299,11.806249999999864,53712.76978369169,393.1670587379251,100.27638437499886,54206.21322680462,1,2,0,137.05157808841045
2025-08-27,仅0:00预报,74223.31410479835,74223.31410479835,22.247112500000526,54844.17781209342,0.0,187.52792977708728,55031.70574187051,0,0,0,0.0
2025-08-27,更新至6:00,74223.31410479835,79206.44277837398,22.247112500000526,54844.17781209342,3952.5254689975927,187.52792977708728,58984.2312108681,1,0,0,4263.4750720418315
2025-08-27,更新至12:00,74223.31410479835,75585.27682336832,22.247112500000526,54844.17781209342,966.0463563043473,187.52792977708728,55997.75209817485,2,0,0,6883.0383578920955
2025-08-27,更新至18:00,74223.31410479835,75585.27682336832,22.247112500000526,54844.17781209342,966.0463563043473,187.52792977708728,55997.75209817485,2,1,0,6883.0383578920955
2025-08-28,仅0:00预报,78096.9248833551,78096.9248833551,450.2960441883313,55924.56569895079,0.0,3600.900097647985,59525.46579659878,0,0,0,0.0
2025-08-28,更新至6:00,78096.9248833551,79927.41217153982,24.259166666666943,55924.56569895079,2411.0813795975637,204.0074620833346,58539.65454063169,1,0,0,3820.419099535792
2025-08-28,更新至12:00,78096.9248833551,78843.34982616527,24.259166666666715,55924.56569895079,1068.4331509865656,204.00746208333334,57197.00631202069,2,0,0,4431.882627274119
2025-08-28,更新至18:00,78096.9248833551,78903.56920970694,24.259166666666715,55924.56569895079,1192.9570821391515,204.00746208333334,57321.53024317328,3,0,0,4493.132096597901
2025-08-29,仅0:00预报,40501.70325031378,40501.70325031378,0.0,22649.396818857545,0.0,0.0,22649.396818857545,0,0,0,0.0
2025-08-29,更新至6:00,40501.70325031378,40501.70325031378,0.0,22649.396818857545,0.0,0.0,22649.396818857545,0,1,0,0.0
2025-08-29,更新至12:00,40501.70325031378,40501.70325031378,0.0,22649.396818857545,0.0,0.0,22649.396818857545,0,2,0,0.018202615269274247
2025-08-29,更新至18:00,40501.70325031378,40501.70325031378,0.0,22649.396818857545,0.0,0.0,22649.396818857545,0,3,0,0.018202615269274247
2025-08-30,仅0:00预报,39260.17093800795,39260.17093800795,232.56426230769728,22154.700471252065,0.0,809.13751804548,22963.837989297546,0,0,0,0.0
2025-08-30,更新至6:00,39260.17093800795,40079.36333144753,165.58020238580127,22154.700471252065,842.2965707421826,344.83750669685776,23341.834548691106,1,0,0,423.41046075115537
2025-08-30,更新至12:00,39260.17093800795,39260.17093800795,232.56426230769728,22154.700471252065,0.0,809.13751804548,22963.837989297546,2,0,0,860.597481332017
2025-08-30,更新至18:00,39260.17093800795,39260.17093800795,232.56426230769728,22154.700471252065,0.0,809.13751804548,22963.837989297546,2,1,0,860.597481332017
2025-08-31,仅0:00预报,67807.41365853908,67807.41365853908,2333.75566518954,50623.018668211,0.0,15326.527669469335,65949.54633768034,0,0,0,0.0
2025-08-31,更新至6:00,67807.41365853908,70872.05291066204,42.870800000000486,50623.018668211,3064.7568392586873,357.52103660000193,54045.29654406969,1,0,0,3814.228285891556
2025-08-31,更新至12:00,67807.41365853908,70872.05291066204,42.870800000000486,50623.018668211,3064.7568392586873,357.52103660000193,54045.29654406969,1,1,0,3815.159481306839
2025-08-31,更新至18:00,67807.41365853908,70864.36245649536,42.870800000000486,50623.018668211,3053.8106313205617,357.52103660000193,54034.35033613157,2,1,0,3823.2049660053544
2025-09-01,仅0:00预报,79265.46827852445,79265.46827852445,1.1368683772161603e-13,50530.16393636086,0.0,5.132392288942356e-13,50530.16393636086,0,0,0,0.0
2025-09-01,更新至6:00,79265.46827852445,79657.66187252651,1.1368683772161603e-13,50530.16393636086,447.3587124857567,5.132392288942356e-13,50977.52264884662,1,0,0,158.4684120017617
2025-09-01,更新至12:00,79265.46827852445,79341.26194604055,1.1368683772161603e-13,50530.16393636086,90.50231684490564,5.132392288942356e-13,50620.66625320577,2,0,0,233.54144037175087
2025-09-01,更新至18:00,79265.46827852445,79341.26194604055,1.1368683772161603e-13,50530.16393636086,90.50231684490564,5.132392288942356e-13,50620.66625320577,2,1,0,233.54144037175087
2025-09-02,仅0:00预报,64652.05552843441,64652.05552843441,1.1368683772161603e-13,43244.084470466754,0.0,7.839275895094034e-13,43244.084470466754,0,0,0,0.0
2025-09-02,更新至6:00,64652.05552843441,72534.5129581756,1.1368683772161603e-13,43244.084470466754,7083.493692850544,7.839275895094034e-13,50327.578163317296,1,0,0,5210.555004732137
2025-09-02,更新至12:00,64652.05552843441,67688.45752624556,1.1368683772161603e-13,43244.084470466754,2063.0755271047888,7.839275895094034e-13,45307.15999757154,2,0,0,8868.217659002717
2025-09-02,更新至18:00,64652.05552843441,67651.85326963876,1.1368683772161603e-13,43244.084470466754,2086.634026656934,7.839275895094034e-13,45330.718497123686,3,0,1,
2025-09-03,仅0:00预报,68376.93196164015,68376.93196164015,0.0,46562.25550636691,0.0,0.0,46562.25550636691,0,0,0,0.0
2025-09-03,更新至6:00,68376.93196164015,69870.42341928325,0.0,46562.25550636691,1763.3918668775398,0.0,48325.64737324445,1,0,0,947.9273321254318
2025-09-03,更新至12:00,68376.93196164015,69242.11831028192,0.0,46562.25550636691,986.2383238897148,0.0,47548.49383025663,2,0,0,1385.009753396238
2025-09-03,更新至18:00,68376.93196164015,69242.11831028192,0.0,46562.25550636691,986.2383238897148,0.0,47548.49383025663,2,1,0,1385.009753396238
2025-09-04,仅0:00预报,68685.78442709928,68685.78442709928,1.1368683772161603e-13,46080.6544918086,0.0,5.068159225629643e-13,46080.6544918086,0,0,0,0.0
2025-09-04,更新至6:00,68685.78442709928,70375.81446015432,1.1368683772161603e-13,46080.6544918086,1876.7013050787773,5.068159225629643e-13,47957.35579688738,1,0,0,1009.1770699794911
2025-09-04,更新至12:00,68685.78442709928,69341.1951511682,1.1368683772161603e-13,46080.6544918086,733.8753842429851,5.068159225629643e-13,46814.52987605159,2,0,0,1795.5575230463355
2025-09-04,更新至18:00,68685.78442709928,69341.1951511682,1.1368683772161603e-13,46080.6544918086,733.8753842429851,5.068159225629643e-13,46814.52987605159,2,1,0,1795.5575230463355
2025-09-05,仅0:00预报,35253.479499449924,35253.479499449924,1.1368683772161603e-13,17895.308169492542,0.0,1.866169441200327e-13,17895.308169492542,0,0,0,0.0
2025-09-05,更新至6:00,35253.479499449924,35253.479499449924,1.1368683772161603e-13,17895.308169492542,0.0,1.866169441200327e-13,17895.308169492542,0,1,0,0.0
2025-09-05,更新至12:00,35253.479499449924,39328.388750838814,1.1368683772161603e-13,17895.308169492542,2275.3767902408863,1.866169441200327e-13,20170.68495973343,1,1,0,52.06533438747533
2025-09-05,更新至18:00,35253.479499449924,35253.479499449924,1.1368683772161603e-13,17895.308169492542,0.0,1.866169441200327e-13,17895.308169492542,2,1,0,225.54622706437476
2025-09-06,仅0:00预报,35811.72569401209,35811.72569401209,0.0,18178.735063552973,0.0,0.0,18178.735063552973,0,0,0,0.0
2025-09-06,更新至6:00,35811.72569401209,39886.63494540098,0.0,18178.735063552973,2027.5408907706008,0.0,20206.275954323573,1,0,0,54.14353810568355
2025-09-06,更新至12:00,35811.72569401209,41884.52667261292,0.0,18178.735063552973,2944.4480999889042,0.0,21123.18316354188,2,0,0,75.46708844924615
2025-09-06,更新至18:00,35811.72569401209,35811.72569401209,0.0,18178.735063552973,0.0,0.0,18178.735063552973,3,0,1,
2025-09-07,仅0:00预报,63029.84799461128,63029.84799461128,1.1368683772161603e-13,43037.30205042116,0.0,5.048832463216968e-13,43037.30205042116,0,0,0,0.0
2025-09-07,更新至6:00,63029.84799461128,69454.32665161733,1.1368683772161603e-13,43037.30205042116,4600.546047245703,5.048832463216968e-13,47637.848097666865,1,0,0,2625.008623452123
2025-09-07,更新至12:00,63029.84799461128,67102.66174682321,1.1368683772161603e-13,43037.30205042116,2931.683749353396,5.048832463216968e-13,45968.98579977456,2,0,0,4255.476821234532
2025-09-07,更新至18:00,63029.84799461128,67102.66174682321,1.1368683772161603e-13,43037.30205042116,2931.683749353396,5.048832463216968e-13,45968.98579977456,2,1,0,4255.476821234532
2025-09-08,仅0:00预报,66386.24618239125,66386.24618239125,2.2737367544323206e-13,45039.72271045366,0.0,1.3437784218695015e-12,45039.72271045366,0,0,0,0.0
2025-09-08,更新至6:00,66386.24618239125,66835.79326872458,0.0,45039.72271045366,530.9572992517973,0.0,45570.68000970546,1,0,0,322.0889569409553
2025-09-08,更新至12:00,66386.24618239125,67945.58111857902,0.0,45039.72271045366,1815.8589369994024,0.0,46855.58164745306,2,0,0,1236.1412188878178
2025-09-08,更新至18:00,66386.24618239125,67945.58111857902,0.0,45039.72271045366,1815.8589369994024,0.0,46855.58164745306,2,1,0,1236.1412188878178
2025-09-09,仅0:00预报,62822.83311050318,62822.83311050318,5.684341886080801e-13,42571.139229389955,0.0,2.027547907346161e-12,42571.139229389955,0,0,0,0.0
2025-09-09,更新至6:00,62822.83311050318,66761.19815797405,4.547473508864641e-13,42571.139229389955,3254.2156878177975,1.6407284419983624e-12,45825.354917207755,1,0,0,2650.7801727063547
2025-09-09,更新至12:00,62822.83311050318,64574.22053519952,6.821210263296962e-13,42571.139229389955,1526.5439218148633,2.70983946393244e-12,44097.683151204816,2,0,0,3672.960292482297
2025-09-09,更新至18:00,62822.83311050318,64533.66206853287,6.821210263296962e-13,42571.139229389955,1469.072915404864,2.70983946393244e-12,44040.212144794816,3,0,0,3716.4633804230707
2025-09-10,仅0:00预报,72568.95447079503,72568.95447079503,0.0,48549.44619390644,0.0,0.0,48549.44619390644,0,0,0,0.0
2025-09-10,更新至6:00,72568.95447079503,72568.95447079503,0.0,48549.44619390644,0.0,0.0,48549.44619390644,0,1,0,0.0
2025-09-10,更新至12:00,72568.95447079503,72568.95447079503,0.0,48549.44619390644,0.0,0.0,48549.44619390644,0,2,0,0.0
2025-09-10,更新至18:00,72568.95447079503,72568.95447079503,0.0,48549.44619390644,0.0,0.0,48549.44619390644,0,3,0,0.0
2025-09-11,仅0:00预报,74346.47070282162,74346.47070282162,1.1368683772161603e-13,48638.68386114811,0.0,4.927187546854838e-13,48638.68386114811,0,0,0,0.0
2025-09-11,更新至6:00,74346.47070282162,74346.47070282162,1.1368683772161603e-13,48638.68386114811,0.0,4.927187546854838e-13,48638.68386114811,0,1,0,0.0
2025-09-11,更新至12:00,74346.47070282162,74346.47070282162,1.1368683772161603e-13,48638.68386114811,0.0,4.927187546854838e-13,48638.68386114811,0,2,0,0.8004555711058856
2025-09-11,更新至18:00,74346.47070282162,74346.47070282162,1.1368683772161603e-13,48638.68386114811,0.0,4.927187546854838e-13,48638.68386114811,0,3,0,0.8004555711058856
2025-09-12,仅0:00预报,34563.61412123374,34563.61412123374,0.0,17089.861663056377,0.0,0.0,17089.861663056377,0,0,0,0.0
2025-09-12,更新至6:00,34563.61412123374,34563.61412123374,0.0,17089.861663056377,0.0,0.0,17089.861663056377,0,1,0,0.0
2025-09-12,更新至12:00,34563.61412123374,36796.99682050019,0.0,17089.861663056377,1312.0659051519406,0.0,18401.927568208317,1,1,0,135.61736841443667
2025-09-12,更新至18:00,34563.61412123374,34959.7087651504,0.0,17089.861663056377,362.56512354865447,0.0,17452.426786605032,2,1,0,349.95437420622807
2025-09-13,仅0:00预报,33968.38356158487,33968.38356158487,0.0,17149.580376709724,0.0,0.0,17149.580376709724,0,0,0,0.0
2025-09-13,更新至6:00,33968.38356158487,37112.63688246964,0.0,17149.580376709724,1607.5057289337192,0.0,18757.086105643444,1,0,0,133.69443805907167
2025-09-13,更新至12:00,33968.38356158487,41083.2502261098,0.0,17149.580376709724,3684.722987744523,0.0,20834.30336445425,2,0,0,381.0534776471968
2025-09-13,更新至18:00,33968.38356158487,34583.112168374995,0.0,17149.580376709724,321.2571699085185,0.0,17470.837546618244,3,0,1,
2025-09-14,仅0:00预报,76116.75575076025,76116.75575076025,2.2737367544323206e-13,51535.67573257456,0.0,5.362608135328629e-13,51535.67573257456,0,0,0,0.0
2025-09-14,更新至6:00,76116.75575076025,76116.75575076025,2.2737367544323206e-13,51535.67573257456,0.0,5.362608135328629e-13,51535.67573257456,0,1,0,-4.547473508864641e-13
2025-09-14,更新至12:00,76116.75575076025,76116.75575076025,2.2737367544323206e-13,51535.67573257456,0.0,5.362608135328629e-13,51535.67573257456,0,2,0,-4.547473508864641e-13
2025-09-14,更新至18:00,76116.75575076025,76116.75575076025,2.2737367544323206e-13,51535.67573257456,0.0,5.362608135328629e-13,51535.67573257456,0,3,0,-4.547473508864641e-13
2025-09-15,仅0:00预报,58298.23742846816,58298.23742846816,1065.8826046666654,40511.7200861921,0.0,5764.43810335066,46276.15818954276,0,0,0,0.0
2025-09-15,更新至6:00,58298.23742846816,58338.86149980149,1025.2585333333323,40511.7200861921,41.46092720279961,5547.383690216661,46100.56470361156,1,0,0,16.703805650839968
2025-09-15,更新至12:00,58298.23742846816,58338.86149980149,1025.2585333333323,40511.7200861921,41.46092720279961,5547.383690216661,46100.56470361156,1,1,0,16.703805650839968
2025-09-15,更新至18:00,58298.23742846816,58338.86149980149,1025.2585333333323,40511.7200861921,41.46092720279961,5547.383690216661,46100.56470361156,1,2,0,16.703805650839968
2025-09-16,仅0:00预报,75042.18487510114,75042.18487510114,1.1368683772161603e-13,49290.885858024965,0.0,5.197193786443677e-13,49290.885858024965,0,0,0,0.0
2025-09-16,更新至6:00,75042.18487510114,75062.13070568448,1.1368683772161603e-13,49290.885858024965,27.525246204999803,5.197193786443677e-13,49318.41110422996,1,0,0,11.377700139651097
2025-09-16,更新至12:00,75042.18487510114,75042.18487510114,1.1368683772161603e-13,49290.885858024965,0.0,5.197193786443677e-13,49290.885858024965,2,0,0,19.8697532455717
2025-09-16,更新至18:00,75042.18487510114,75042.18487510114,1.1368683772161603e-13,49290.885858024965,0.0,5.197193786443677e-13,49290.885858024965,2,1,0,19.8697532455717
2025-09-17,仅0:00预报,69110.56354590072,69110.56354590072,7.62916666666672,46430.55006702275,0.0,38.19542291666694,46468.745489939414,0,0,0,0.0
2025-09-17,更新至6:00,69110.56354590072,69165.30584890071,7.62916666666672,46430.55006702275,62.84591992799808,38.19542291666694,46531.59140986741,1,0,0,4.99965527287668
2025-09-17,更新至12:00,69110.56354590072,69165.30584890071,7.62916666666672,46430.55006702275,62.84591992799808,38.19542291666694,46531.59140986741,1,1,0,4.99965527287668
2025-09-17,更新至18:00,69110.56354590072,69165.30584890071,7.62916666666672,46430.55006702275,62.84591992799808,38.19542291666694,46531.59140986741,1,2,0,4.99965527287668
2025-09-18,仅0:00预报,61490.748130712265,61490.748130712265,308.7685827083286,41423.67673520648,0.0,2162.878699901319,43586.555435107795,0,0,0,0.0
2025-09-18,更新至6:00,61490.748130712265,68750.25206686265,4.547473508864641e-13,41423.67673520648,6356.62509761732,1.7647607819526456e-12,47780.301832823796,1,0,0,5904.765628867242
2025-09-18,更新至12:00,61490.748130712265,65646.51601912997,4.547473508864641e-13,41423.67673520648,3489.0476650855653,1.7647607819526456e-12,44912.72440029204,2,0,0,8313.830935188096
2025-09-18,更新至18:00,61490.748130712265,65646.51601912997,4.547473508864641e-13,41423.67673520648,3489.0476650855653,1.7647607819526456e-12,44912.72440029204,2,1,0,8313.830935188096
2025-09-19,仅0:00预报,33081.12005568484,33081.12005568484,0.0,16126.428406578569,0.0,0.0,16126.428406578569,0,0,0,0.0
2025-09-19,更新至6:00,33081.12005568484,34518.755213744,0.0,16126.428406578569,1322.5580313487662,0.0,17448.986437927335,1,0,0,473.395042598532
2025-09-19,更新至12:00,33081.12005568484,33261.93219280984,0.0,16126.428406578569,159.65961624804373,0.0,16286.088022826612,2,0,0,1264.8619092433896
2025-09-19,更新至18:00,33081.12005568484,33261.93219280984,0.0,16126.428406578569,159.65961624804373,0.0,16286.088022826612,2,1,0,1264.8619092433896
2025-09-20,仅0:00预报,33083.80365372839,33083.80365372839,0.0,15901.78023728535,0.0,0.0,15901.78023728535,0,0,0,0.0
2025-09-20,更新至6:00,33083.80365372839,33737.046425494336,0.0,15901.78023728535,617.9446087956352,0.0,16519.724846080986,1,0,0,193.33686413909027
2025-09-20,更新至12:00,33083.80365372839,33083.80365372839,0.0,15901.78023728535,0.0,0.0,15901.78023728535,2,0,0,531.3493482138574
2025-09-20,更新至18:00,33083.80365372839,33083.80365372839,0.0,15901.78023728535,0.0,0.0,15901.78023728535,2,1,0,531.3493482138574
2025-09-21,仅0:00预报,66334.7124988822,66334.7124988822,2.2737367544323206e-13,45001.36979650337,0.0,4.898765837424435e-13,45001.36979650337,0,0,0,0.0
2025-09-21,更新至6:00,66334.7124988822,66334.7124988822,2.2737367544323206e-13,45001.36979650337,0.0,4.898765837424435e-13,45001.36979650337,0,1,0,0.0
2025-09-21,更新至12:00,66334.7124988822,66661.52803854886,2.2737367544323206e-13,45001.36979650337,421.3249341413099,4.898765837424435e-13,45422.69473064468,1,1,0,130.7258750056278
2025-09-21,更新至18:00,66334.7124988822,66661.52803854886,2.2737367544323206e-13,45001.36979650337,421.3249341413099,4.898765837424435e-13,45422.69473064468,1,2,0,130.7258750056278
2025-09-22,仅0:00预报,70675.4833182793,70675.4833182793,19.555900000000065,46995.1455730155,0.0,128.01369518333377,47123.15926819883,0,0,0,0.0
2025-09-22,更新至6:00,70675.4833182793,70675.4833182793,19.555900000000065,46995.1455730155,0.0,128.01369518333377,47123.15926819883,0,1,0,0.0
2025-09-22,更新至12:00,70675.4833182793,70675.4833182793,19.555900000000065,46995.1455730155,0.0,128.01369518333377,47123.15926819883,0,2,0,0.16087648021311907
2025-09-22,更新至18:00,70675.4833182793,70675.4833182793,19.555900000000065,46995.1455730155,0.0,128.01369518333377,47123.15926819883,0,3,0,0.16087648021311907
2025-09-23,仅0:00预报,68276.81518487277,68276.81518487277,6.375000000000114,46262.085740473296,0.0,44.07993750000047,46306.165677973295,0,0,0,0.0
2025-09-23,更新至6:00,68276.81518487277,68276.81518487277,6.375000000000114,46262.085740473296,0.0,44.07993750000047,46306.165677973295,0,1,0,0.0
2025-09-23,更新至12:00,68276.81518487277,68276.81518487277,6.375000000000114,46262.085740473296,0.0,44.07993750000047,46306.165677973295,0,2,0,0.15284742848007227
2025-09-23,更新至18:00,68276.81518487277,68276.81518487277,6.375000000000114,46262.085740473296,0.0,44.07993750000047,46306.165677973295,0,3,0,0.15284742848007227
2025-09-24,仅0:00预报,62756.61153153342,62756.61153153342,3632.7102413208295,41230.93696319347,0.0,23965.828254021584,65196.765217215056,0,0,0,0.0
2025-09-24,更新至6:00,62756.61153153342,64317.130376562585,2099.795776666665,41230.93696319347,2018.448148968499,13885.57996648249,57134.965078644454,1,0,0,442.8718846710119
2025-09-24,更新至12:00,62756.61153153342,66748.47793700293,122.80539325624432,41230.93696319347,3943.084087639255,825.9890750414982,46000.01012587422,2,0,0,1401.4047482248188
2025-09-24,更新至18:00,62756.61153153342,66936.46032609249,2.2737367544323206e-13,41230.93696319347,4309.388445111632,4.821458787773735e-13,45540.3254083051,3,0,0,1572.8769004008757
2025-09-25,仅0:00预报,70847.62332705341,70847.62332705341,15.371666666666897,46084.722554079126,0.0,106.25664583333386,46190.97919991246,0,0,0,0.0
2025-09-25,更新至6:00,70847.62332705341,71411.1903226784,15.371666666666897,46084.722554079126,710.6475804256846,106.25664583333386,46901.62678033814,1,0,0,196.9373914852015
2025-09-25,更新至12:00,70847.62332705341,71411.1903226784,15.371666666666897,46084.722554079126,710.6475804256846,106.25664583333386,46901.62678033814,1,1,0,196.9373914852015
2025-09-25,更新至18:00,70847.62332705341,71411.1903226784,15.371666666666897,46084.722554079126,710.6475804256846,106.25664583333386,46901.62678033814,1,2,0,196.9373914852015
2025-09-26,仅0:00预报,32540.466961227074,32540.466961227074,5.684341886080802e-14,14798.043396415333,0.0,1.8579271454655097e-13,14798.043396415333,0,0,0,0.0
2025-09-26,更新至6:00,32540.466961227074,33911.54728281041,5.684341886080802e-14,14798.043396415333,687.3568116209129,1.8579271454655097e-13,15485.400208036246,1,0,0,15.012866146365468
2025-09-26,更新至12:00,32540.466961227074,32597.843899477077,5.684341886080802e-14,14798.043396415333,46.01917332341294,1.8579271454655097e-13,14844.062569738746,2,0,0,324.4966998620648
2025-09-26,更新至18:00,32540.466961227074,35031.69214242798,5.684341886080802e-14,14798.043396415333,1290.0705147076794,1.8579271454655097e-13,16088.113911123011,3,0,0,359.7772431207727
2025-09-27,仅0:00预报,30430.52717908384,30430.52717908384,826.1056531249981,14419.928836194942,0.0,3990.5880069547643,18410.516843149708,0,0,0,0.0
2025-09-27,更新至6:00,30430.52717908384,31136.1539517505,327.61353462500165,14419.928836194942,677.7707076102755,1386.1483260472382,16483.847869852456,1,0,0,312.8940237880877
2025-09-27,更新至12:00,30430.52717908384,30728.2652997505,529.0253053749981,14419.928836194942,290.9791639262346,2570.563773009843,17281.47177313102,2,0,0,526.273243379618
2025-09-27,更新至18:00,30430.52717908384,30922.644896792168,375.9865416666669,14419.928836194942,624.5246716060043,1667.848532554376,16712.302040355324,3,0,0,652.7651300003081
2025-09-28,仅0:00预报,65427.9236677644,65427.9236677644,1834.628091583333,44042.201728351785,0.0,12099.858082113826,56142.05981046561,0,0,0,0.0
2025-09-28,更新至6:00,65427.9236677644,71853.7350169373,0.0,44042.201728351785,5658.123004738674,0.0,49700.324733090456,1,0,0,3529.0083652117337
2025-09-28,更新至12:00,65427.9236677644,69495.13331160395,0.0,44042.201728351785,3634.359174126418,0.0,47676.5609024782,2,0,0,5023.831402302036
2025-09-28,更新至18:00,65427.9236677644,69684.00809377062,0.0,44042.201728351785,3967.57478869916,0.0,48009.776517050945,3,0,0,5177.00292517559
2025-09-29,仅0:00预报,66171.81323693415,66171.81323693415,867.6311169166745,43954.63222418435,0.0,5159.751446083912,49114.38367026826,0,0,0,0.0
2025-09-29,更新至6:00,66171.81323693415,66171.81323693415,867.6311169166745,43954.63222418435,0.0,5159.751446083912,49114.38367026826,0,1,0,0.0
2025-09-29,更新至12:00,66171.81323693415,66171.81323693415,867.6311169166745,43954.63222418435,0.0,5159.751446083912,49114.38367026826,0,2,0,0.0
2025-09-29,更新至18:00,66171.81323693415,66171.81323693415,867.6311169166745,43954.63222418435,0.0,5159.751446083912,49114.38367026826,0,3,0,0.0
2025-09-30,仅0:00预报,65850.54273471296,65850.54273471296,3803.5707377916706,43758.947572935926,0.0,23002.357514680996,66761.30508761693,0,0,0,0.0
2025-09-30,更新至6:00,65850.54273471296,68489.29933479166,1322.9200473333444,43758.947572935926,3455.6107937612587,8618.494934912014,55833.0533016092,1,0,0,2054.4301112214
2025-09-30,更新至12:00,65850.54273471296,68854.283768125,1081.517434833345,43758.947572935926,3652.1001634462586,7027.084013238656,54438.13174962084,2,0,0,2084.120711493102
2025-09-30,更新至18:00,65850.54273471296,69302.68349943333,637.8936988871476,43758.947572935926,4503.662489270504,4168.856952574007,52431.467014780435,3,0,0,2467.0244936158797
2025-10-01,仅0:00预报,61481.104837019026,61481.104837019026,296.45496191666655,38714.24575796719,0.0,1517.3786316389578,40231.62438960615,0,0,0,0.0
2025-10-01,更新至6:00,61481.104837019026,62271.41222265224,0.0,38714.24575796719,898.7994016821066,0.0,39613.04515964929,1,0,0,311.02208293684976
2025-10-01,更新至12:00,61481.104837019026,62090.52344656069,0.0,38714.24575796719,710.4420870578944,0.0,39424.68784502509,2,0,0,361.1927610117434
2025-10-01,更新至18:00,61481.104837019026,62090.52344656069,0.0,38714.24575796719,710.4420870578944,0.0,39424.68784502509,2,1,0,361.1927610117434
2025-10-02,仅0:00预报,64009.184806332414,64009.184806332414,0.0,40941.676755316446,0.0,0.0,40941.676755316446,0,0,0,0.0
2025-10-02,更新至6:00,64009.184806332414,64009.184806332414,0.0,40941.676755316446,0.0,0.0,40941.676755316446,0,1,0,0.0
2025-10-02,更新至12:00,64009.184806332414,64009.184806332414,0.0,40941.676755316446,0.0,0.0,40941.676755316446,0,2,0,0.0
2025-10-02,更新至18:00,64009.184806332414,64009.184806332414,0.0,40941.676755316446,0.0,0.0,40941.676755316446,0,3,0,0.0
2025-10-03,仅0:00预报,26388.267720833326,26388.267720833326,63.864369791664785,11660.356600548746,0.0,195.80473578697337,11856.16133633572,0,0,0,0.0
2025-10-03,更新至6:00,26388.267720833326,27125.25403229166,51.723608333333345,11660.356600548746,381.9487654979673,160.88628372083338,12203.191649767547,1,0,0,15.79881777180367
2025-10-03,更新至12:00,26388.267720833326,30895.53297899948,51.723608333333345,11660.356600548746,2285.2630290902057,160.88628372083338,14106.505913359784,2,0,0,122.1777769058042
2025-10-03,更新至18:00,26388.267720833326,26446.042461458324,51.723608333333345,11660.356600548746,49.81430736046728,160.88628372083338,11871.057191630047,3,0,0,195.27500059778936
2025-10-04,仅0:00预报,34458.69869244157,34458.69869244157,8.142126374997758,14971.64765439606,0.0,25.195810067430596,14996.84346446349,0,0,0,0.0
2025-10-04,更新至6:00,34458.69869244157,34458.69869244157,8.142126374997758,14971.64765439606,0.0,25.195810067430596,14996.84346446349,0,1,0,0.0
2025-10-04,更新至12:00,34458.69869244157,35339.86123705812,8.142126374997758,14971.64765439606,418.2613206221378,25.195810067430596,15415.104785085628,1,1,0,18.36782608412068
2025-10-04,更新至18:00,34458.69869244157,34458.69869244157,8.142126374997758,14971.64765439606,0.0,25.195810067430596,14996.84346446349,2,1,0,142.92311752575552
2025-10-05,仅0:00预报,64119.68949377498,64119.68949377498,1.1368683772161603e-13,41018.954279585276,0.0,5.340439201972913e-13,41018.954279585276,0,0,0,0.0
2025-10-05,更新至6:00,64119.68949377498,64119.68949377498,1.1368683772161603e-13,41018.954279585276,0.0,5.340439201972913e-13,41018.954279585276,0,1,0,0.0
2025-10-05,更新至12:00,64119.68949377498,64119.68949377498,1.1368683772161603e-13,41018.954279585276,0.0,5.340439201972913e-13,41018.954279585276,0,2,0,0.0
2025-10-05,更新至18:00,64119.68949377498,64119.68949377498,1.1368683772161603e-13,41018.954279585276,0.0,5.340439201972913e-13,41018.954279585276,0,3,0,0.0
2025-10-06,仅0:00预报,55688.79788578866,55688.79788578866,3486.0446026250065,37008.54871445992,0.0,20116.10271954038,57124.6514340003,0,0,0,0.0
2025-10-06,更新至6:00,55688.79788578866,59209.66682624483,743.9954324171779,37008.54871445992,3112.8706276759267,4924.225087061906,45045.64442919775,1,0,0,3509.9115112895865
2025-10-06,更新至12:00,55688.79788578866,59418.50761736531,329.9247883179214,37008.54871445992,3332.7653261607356,2215.3115796810193,42556.62562030167,2,0,0,4030.078656875231
2025-10-06,更新至18:00,55688.79788578866,60512.696620349896,0.0,37008.54871445992,5423.312167238472,0.0,42431.86088169839,3,0,0,5418.006132523802
2025-10-07,仅0:00预报,60737.143275656505,60737.143275656505,627.5697128749953,39336.96633124385,0.0,3345.9309995891413,42682.89733083299,0,0,0,0.0
2025-10-07,更新至6:00,60737.143275656505,62558.667314699196,0.0,39336.96633124385,1728.370115676123,0.0,41065.33644691997,1,0,0,794.5607217984282
2025-10-07,更新至12:00,60737.143275656505,62738.97151654282,0.0,39336.96633124385,2138.8591196586185,0.0,41475.82545090247,2,0,0,961.690062333565
2025-10-07,更新至18:00,60737.143275656505,62738.97151654282,0.0,39336.96633124385,2138.8591196586185,0.0,41475.82545090247,2,1,0,961.690062333565
2025-10-08,仅0:00预报,64251.4993851488,64251.4993851488,801.3507040833318,40378.82875849089,0.0,4226.120993008805,44604.9497514997,0,0,0,0.0
2025-10-08,更新至6:00,64251.4993851488,65301.96773936691,2.2737367544323206e-13,40378.82875849089,1228.5626547130084,1.2606733434950002e-12,41607.3914132039,1,0,0,474.0271105029144
2025-10-08,更新至12:00,64251.4993851488,65301.96773936691,2.2737367544323206e-13,40378.82875849089,1228.5626547130084,1.2606733434950002e-12,41607.3914132039,1,1,0,474.0271105029144
2025-10-08,更新至18:00,64251.4993851488,65301.96773936691,2.2737367544323206e-13,40378.82875849089,1228.5626547130084,1.2606733434950002e-12,41607.3914132039,1,2,0,474.0271105029144
2025-10-09,仅0:00预报,70349.59215456172,70349.59215456172,0.0,44093.19541168159,0.0,0.0,44093.19541168159,0,0,0,0.0
2025-10-09,更新至6:00,70349.59215456172,70349.59215456172,0.0,44093.19541168159,0.0,0.0,44093.19541168159,0,1,0,0.0
2025-10-09,更新至12:00,70349.59215456172,70349.59215456172,0.0,44093.19541168159,0.0,0.0,44093.19541168159,0,2,0,0.0
2025-10-09,更新至18:00,70349.59215456172,70349.59215456172,0.0,44093.19541168159,0.0,0.0,44093.19541168159,0,3,0,0.0
2025-10-10,仅0:00预报,30625.235904310182,30625.235904310182,0.0,12889.285354239582,0.0,0.0,12889.285354239582,0,0,0,0.0
2025-10-10,更新至6:00,30625.235904310182,30625.235904310182,0.0,12889.285354239582,0.0,0.0,12889.285354239582,0,1,0,0.0
2025-10-10,更新至12:00,30625.235904310182,30625.235904310182,0.0,12889.285354239582,0.0,0.0,12889.285354239582,0,2,0,0.0
2025-10-10,更新至18:00,30625.235904310182,31277.71637992747,0.0,12889.285354239582,340.36373280615953,0.0,13229.649087045742,1,2,0,8.08699363550113
2025-10-11,仅0:00预报,29718.83134020993,29718.83134020993,0.0,12977.719321597155,0.0,0.0,12977.719321597155,0,0,0,0.0
2025-10-11,更新至6:00,29718.83134020993,29957.64212375,0.0,12977.719321597155,215.04826873304523,0.0,13192.7675903302,1,0,0,62.41078601528898
2025-10-11,更新至12:00,29718.83134020993,29918.83000420993,0.0,12977.719321597155,177.46363469249795,0.0,13155.182956289653,2,0,0,70.16037583684829
2025-10-11,更新至18:00,29718.83134020993,31412.59187409885,0.0,12977.719321597155,874.4933259812286,0.0,13852.212647578383,3,0,0,201.88031308844984
2025-10-12,仅0:00预报,59215.21266069928,59215.21266069928,311.847133852498,38018.81984104344,0.0,2003.079749910059,40021.8995909535,0,0,0,0.0
2025-10-12,更新至6:00,59215.21266069928,59215.21266069928,311.847133852498,38018.81984104344,0.0,2003.079749910059,40021.8995909535,0,1,0,0.0
2025-10-12,更新至12:00,59215.21266069928,59215.21266069928,311.847133852498,38018.81984104344,0.0,2003.079749910059,40021.8995909535,0,2,0,0.0
2025-10-12,更新至18:00,59215.21266069928,59432.13952371845,94.92027083333369,38018.81984104344,417.9769707646801,609.9102002395854,39046.70701204771,1,2,0,186.83680896420822
2025-10-13,仅0:00预报,66647.14984346708,66647.14984346708,1047.3300135833326,41577.59495717283,0.0,5648.940295280705,47226.535252453534,0,0,0,0.0
2025-10-13,更新至6:00,66647.14984346708,67574.68694331276,211.2566701249973,41577.59495717283,1125.9057186649093,1095.9045630360276,43799.40523887376,1,0,0,1498.7750284802514
2025-10-13,更新至12:00,66647.14984346708,67574.68694331276,211.2566701249973,41577.59495717283,1125.9057186649093,1095.9045630360276,43799.40523887376,1,1,0,1498.7750284802519
2025-10-13,更新至18:00,66647.14984346708,67574.68694331276,211.2566701249973,41577.59495717283,1125.9057186649093,1095.9045630360276,43799.40523887376,1,2,0,1498.7750284802519
2025-10-14,仅0:00预报,63101.16891827674,63101.16891827674,303.1576495416657,41653.28322306718,0.0,1563.9240276761407,43217.20725074332,0,0,0,0.0
2025-10-14,更新至6:00,63101.16891827674,63101.16891827674,303.1576495416657,41653.28322306718,0.0,1563.9240276761407,43217.20725074332,0,1,0,0.0
2025-10-14,更新至12:00,63101.16891827674,63101.16891827674,303.1576495416657,41653.28322306718,0.0,1563.9240276761407,43217.20725074332,0,2,0,0.0
2025-10-14,更新至18:00,63101.16891827674,63101.16891827674,303.1576495416657,41653.28322306718,0.0,1563.9240276761407,43217.20725074332,0,3,0,0.0
2025-10-15,仅0:00预报,70997.15990227972,70997.15990227972,364.8257886492171,44907.96580583972,0.0,1910.5535032791202,46818.51930911884,0,0,0,0.0
2025-10-15,更新至6:00,70997.15990227972,71854.43391595208,2.2737367544323206e-13,44907.96580583972,1151.1128611850704,1.1644942787825128e-12,46059.07866702479,1,0,0,832.9500797617841
2025-10-15,更新至12:00,70997.15990227972,71854.43391595208,2.2737367544323206e-13,44907.96580583972,1151.1128611850704,1.1644942787825128e-12,46059.07866702479,1,1,0,832.9500797617841
2025-10-15,更新至18:00,70997.15990227972,71854.43391595208,2.2737367544323206e-13,44907.96580583972,1151.1128611850704,1.1644942787825128e-12,46059.07866702479,1,2,0,832.9500797617841
2025-10-16,仅0:00预报,72987.54734992518,72987.54734992518,586.9239212916668,46185.08807044725,0.0,3059.878138051792,49244.96620849904,0,0,0,0.0
2025-10-16,更新至6:00,72987.54734992518,73697.92894734185,2.2737367544323206e-13,46185.08807044725,963.0287376643753,1.08127551357029e-12,47148.11680811163,1,0,0,1561.3583065439082
2025-10-16,更新至12:00,72987.54734992518,73697.92894734185,2.2737367544323206e-13,46185.08807044725,963.0287376643753,1.08127551357029e-12,47148.11680811163,1,1,0,1561.3583065439082
2025-10-16,更新至18:00,72987.54734992518,73697.92894734185,2.2737367544323206e-13,46185.08807044725,963.0287376643753,1.08127551357029e-12,47148.11680811163,1,2,0,1561.3583065439082
2025-10-17,仅0:00预报,30304.373979527,30304.373979527,705.2832256783302,12690.84791009051,0.0,2828.0575577244463,15518.905467814955,0,0,0,0.0
2025-10-17,更新至6:00,30304.373979527,30959.874123870453,146.9924672916676,12690.84791009051,624.5464578553597,781.3741205422966,14096.768488488167,1,0,0,748.333531007087
2025-10-17,更新至12:00,30304.373979527,31257.08147217704,0.0,12690.84791009051,925.4788190249368,0.0,13616.326729115446,2,0,0,776.5559097436249
2025-10-17,更新至18:00,30304.373979527,32123.509414560693,0.0,12690.84791009051,1354.674991433903,0.0,14045.522901524413,3,0,0,808.6900001053559
2025-10-18,仅0:00预报,30094.135342916663,30094.135342916663,174.98219704166354,13048.11656436656,0.0,552.1805047186989,13600.29706908526,0,0,0,0.0
2025-10-18,更新至6:00,30094.135342916663,31893.088538793712,2.8421709430404007e-13,13048.11656436656,1098.584200670107,1.0037979336630089e-12,14146.70076503667,1,0,0,401.1250474050189
2025-10-18,更新至12:00,30094.135342916663,31893.088538793712,2.8421709430404007e-13,13048.11656436656,1098.584200670107,1.0037979336630089e-12,14146.70076503667,1,1,0,401.19105861126036
2025-10-18,更新至18:00,30094.135342916663,32792.53218162499,2.8421709430404007e-13,13048.11656436656,1474.2029586919093,1.0037979336630089e-12,14522.319523058472,2,1,0,455.3763609942175
2025-10-19,仅0:00预报,65488.57032780247,65488.57032780247,2.2737367544323206e-13,43834.289449271375,0.0,1.0661551641533151e-12,43834.289449271375,0,0,0,0.0
2025-10-19,更新至6:00,65488.57032780247,69187.24501163013,1.1368683772161603e-13,43834.289449271375,2783.3773321516687,5.028937266615686e-13,46617.666781423046,1,0,0,882.760299910474
2025-10-19,更新至12:00,65488.57032780247,67946.50250417336,2.2737367544323206e-13,43834.289449271375,1750.70180040063,1.0661551641533151e-12,45584.991249672006,2,0,0,1669.5079527565783
2025-10-19,更新至18:00,65488.57032780247,67946.50250417336,2.2737367544323206e-13,43834.289449271375,1750.70180040063,1.0661551641533151e-12,45584.991249672006,2,1,0,1669.5079527565783
2025-10-20,仅0:00预报,71485.45461686008,71485.45461686008,2.2737367544323206e-13,47671.29884677052,0.0,5.001083991373889e-13,47671.29884677052,0,0,0,0.0
2025-10-20,更新至6:00,71485.45461686008,71485.45461686008,2.2737367544323206e-13,47671.29884677052,0.0,5.001083991373889e-13,47671.29884677052,0,1,0,0.0
2025-10-20,更新至12:00,71485.45461686008,71485.45461686008,2.2737367544323206e-13,47671.29884677052,0.0,5.001083991373889e-13,47671.29884677052,0,2,0,0.0
2025-10-20,更新至18:00,71485.45461686008,71485.45461686008,2.2737367544323206e-13,47671.29884677052,0.0,5.001083991373889e-13,47671.29884677052,0,3,0,0.0
2025-10-21,仅0:00预报,70972.24555806523,70972.24555806523,646.3663767083368,45556.912208813774,0.0,3551.2849750475343,49108.19718386131,0,0,0,0.0
2025-10-21,更新至6:00,70972.24555806523,73366.25945852666,2.2737367544323206e-13,45556.912208813774,2652.0976020911708,1.1081056072725914e-12,48209.00981090494,1,0,0,1429.5519099679082
2025-10-21,更新至12:00,70972.24555806523,72315.92752478231,2.2737367544323206e-13,45556.912208813774,1721.9777870993166,1.1081056072725914e-12,47278.889995913094,2,0,0,2213.100736574158
2025-10-21,更新至18:00,70972.24555806523,72315.92752478231,2.2737367544323206e-13,45556.912208813774,1721.9777870993166,1.1081056072725914e-12,47278.889995913094,2,1,0,2213.100736574158
2025-10-22,仅0:00预报,63876.55064275925,63876.55064275925,2891.07942359136,42292.69333565818,0.0,18169.3892113333,60462.08254699148,0,0,0,0.0
2025-10-22,更新至6:00,63876.55064275925,66915.35360710595,792.4791974246934,42292.69333565818,2443.9353302527993,4822.7937911394465,49559.42245705042,1,0,0,630.8216173449098
2025-10-22,更新至12:00,63876.55064275925,66856.94160710595,819.0974745913611,42292.69333565818,2489.300510745299,4991.353929447286,49773.347775850765,2,0,0,766.4112694199789
2025-10-22,更新至18:00,63876.55064275925,67370.34165778065,305.69742391666375,42292.69333565818,3428.788536008045,1846.1813747970507,47567.66324646328,3,0,0,1763.338573053754
2025-10-23,仅0:00预报,79486.6147025101,79486.6147025101,755.732078237655,50824.26600416117,0.0,4389.1220427764765,55213.388046937645,0,0,0,0.0
2025-10-23,更新至6:00,79486.6147025101,79486.6147025101,755.732078237655,50824.26600416117,0.0,4389.1220427764765,55213.388046937645,0,1,0,0.37488340440449974
2025-10-23,更新至12:00,79486.6147025101,79716.60551526729,525.7412654804539,50824.26600416117,271.56180779736087,2939.8071590705545,54035.63497102908,1,1,0,223.27527963948296
2025-10-23,更新至18:00,79486.6147025101,80343.88036824774,7.163912733538041,50824.26600416117,1308.2803479617305,46.09977844031729,52178.64613056321,2,1,0,975.3797933381584
2025-10-24,仅0:00预报,32630.298743552983,32630.298743552983,1037.3713041666665,13068.14502676211,0.0,5226.682523971876,18294.827550733986,0,0,0,0.0
2025-10-24,更新至6:00,32630.298743552983,33258.68893933488,1037.3713041666665,13068.14502676211,298.7222467717743,5226.682523971876,18593.54979750576,1,0,0,24.502238880263576
2025-10-24,更新至12:00,32630.298743552983,33066.80668251875,782.4615933554137,13068.14502676211,342.31263971620365,3790.834170441555,17201.291836919867,2,0,0,70.57918209531363
2025-10-24,更新至18:00,32630.298743552983,32934.412922107,734.8113999999973,13068.14502676211,327.88914953464064,3556.490519519617,16952.52469581637,3,0,0,111.15586615350821
2025-10-25,仅0:00预报,32949.63389171078,32949.63389171078,722.3187568240744,13356.749219922276,0.0,3623.9649517444414,16980.714171666717,0,0,0,0.0
2025-10-25,更新至6:00,32949.63389171078,32949.63389171078,722.3187568240744,13356.749219922276,0.0,3623.9649517444414,16980.714171666717,0,1,0,0.9213821118937631
2025-10-25,更新至12:00,32949.63389171078,33271.53554965883,402.839108042692,13356.749219922276,320.00085747448423,1821.927362580043,15498.677439976804,1,1,0,27.211607532555718
2025-10-25,更新至18:00,32949.63389171078,33361.84487374319,330.13747499999937,13356.749219922276,440.55290661515426,1475.8067370791637,15273.108863616593,2,1,0,80.35567795857014
2025-10-26,仅0:00预报,71149.04077280592,71149.04077280592,396.5002565596876,46841.7670586694,0.0,2342.1409352796086,49183.90799394901,0,0,0,0.0
2025-10-26,更新至6:00,71149.04077280592,71472.76017519894,148.2569725823023,46841.7670586694,475.73810861573463,752.9487164628986,48070.45388374803,1,0,0,207.17896156467123
2025-10-26,更新至12:00,71149.04077280592,71581.63537519894,115.57290833333036,46841.7670586694,629.0217162868408,560.8481288395661,48031.63690379581,2,0,0,270.9085115702055
2025-10-26,更新至18:00,71149.04077280592,71581.63537519894,115.57290833333036,46841.7670586694,629.0217162868408,560.8481288395661,48031.63690379581,2,1,0,270.9085115702055
2025-10-27,仅0:00预报,66300.7868235283,66300.7868235283,1783.049545333331,43106.18639895651,0.0,11271.003631091191,54377.1900300477,0,0,0,0.0
2025-10-27,更新至6:00,66300.7868235283,75648.90182435287,121.20110250000562,43106.18639895651,7894.35507880427,610.0662681283061,51610.60774588909,1,0,0,8007.080508056737
2025-10-27,更新至12:00,66300.7868235283,72526.98841665329,10.458878666663736,43106.18639895651,5280.581608947325,47.76046943132,48434.52847733515,2,0,0,10527.491101372887
2025-10-27,更新至18:00,66300.7868235283,72526.98841665329,10.458878666663736,43106.18639895651,5280.581608947325,47.76046943132,48434.52847733515,2,1,0,10527.491101372887
2025-10-28,仅0:00预报,64150.38817415227,64150.38817415227,4735.8465387620845,42423.54961876692,0.0,30170.53888848806,72594.08850725499,0,0,0,0.0
2025-10-28,更新至6:00,64150.38817415227,73253.35600030729,84.56588633333274,42423.54961876692,7627.201163379048,420.23825935316336,50470.98904149913,1,0,0,3873.2059028168064
2025-10-28,更新至12:00,64150.38817415227,70522.62997401337,169.88824708333254,42423.54961876692,5034.649552056306,964.6794855837448,48422.87865640697,2,0,0,6190.971519629802
2025-10-28,更新至18:00,64150.38817415227,70573.24995176337,119.2682693333337,42423.54961876692,5130.981900713441,625.017021436169,48179.548540916534,3,0,0,6232.197526987726
2025-10-29,仅0:00预报,78092.50743037963,78092.50743037963,1268.273925798353,51059.222895927305,0.0,7507.385022366385,58566.60791829369,0,0,0,0.0
2025-10-29,更新至6:00,78092.50743037963,79515.06481012964,810.6905631316846,51059.222895927305,2118.1068260627676,5027.584317787041,58204.91403977711,1,0,0,2803.4673257645054
2025-10-29,更新至12:00,78092.50743037963,79515.06481012964,810.6905631316846,51059.222895927305,2118.1068260627676,5027.584317787041,58204.91403977711,1,1,0,2803.4673257645054
2025-10-29,更新至18:00,78092.50743037963,79692.23415926132,633.5212140000012,51059.222895927305,2452.000181436338,3881.238676617425,57392.461753981064,2,1,0,2963.3952420017727
2025-10-30,仅0:00预报,68124.59173118159,68124.59173118159,432.4858795833254,44936.13853578144,0.0,2498.4259270328653,47434.564462814305,0,0,0,0.0
2025-10-30,更新至6:00,68124.59173118159,68124.59173118159,432.4858795833254,44936.13853578144,0.0,2498.4259270328653,47434.564462814305,0,1,0,0.0
2025-10-30,更新至12:00,68124.59173118159,68124.59173118159,432.4858795833254,44936.13853578144,0.0,2498.4259270328653,47434.564462814305,0,2,0,0.0
2025-10-30,更新至18:00,68124.59173118159,68124.59173118159,432.4858795833254,44936.13853578144,0.0,2498.4259270328653,47434.564462814305,0,3,0,0.0
2025-10-31,仅0:00预报,33456.5557089465,33456.5557089465,282.30146499999734,14215.109945845827,0.0,1101.2681093449917,15316.378055190818,0,0,0,0.0
2025-10-31,更新至6:00,33456.5557089465,33754.75165727983,2.2737367544323206e-13,14215.109945845827,288.5814940714978,3.9608494262211025e-13,14503.691439917324,1,0,0,259.5918965825995
2025-10-31,更新至12:00,33456.5557089465,33754.75165727983,2.2737367544323206e-13,14215.109945845827,288.5814940714978,3.9608494262211025e-13,14503.691439917324,1,1,0,259.5918965825995
2025-10-31,更新至18:00,33456.5557089465,33754.75165727983,2.2737367544323206e-13,14215.109945845827,288.5814940714978,3.9608494262211025e-13,14503.691439917324,1,2,0,259.5918965825995
2025-11-01,仅0:00预报,33300.70699208899,33300.70699208899,0.0,13830.092577537396,0.0,0.0,13830.092577537396,0,0,0,0.0
2025-11-01,更新至6:00,33300.70699208899,34340.53613872125,0.0,13830.092577537396,558.8916267599509,0.0,14388.984204297347,1,0,0,86.94067017853877
2025-11-01,更新至12:00,33300.70699208899,33474.03794133899,0.0,13830.092577537396,157.34983572915138,0.0,13987.442413266548,2,0,0,125.34057911921673
2025-11-01,更新至18:00,33300.70699208899,33474.03794133899,0.0,13830.092577537396,157.34983572915138,0.0,13987.442413266548,2,1,0,125.34057911921673
2025-11-02,仅0:00预报,72152.62338796296,72152.62338796296,2334.032091371659,47537.51331905817,0.0,14653.293275102866,62190.80659416103,0,0,0,0.0
2025-11-02,更新至6:00,72152.62338796296,77523.204594927,85.64416062500152,47537.51331905817,4731.22119372067,442.7378494284667,52711.47236220731,1,0,0,6906.043388377788
2025-11-02,更新至12:00,72152.62338796296,75049.14259678547,94.95235629583078,47537.51331905817,2360.6247241021088,497.92151828802844,50396.05956144831,2,0,0,8739.240564759542
2025-11-02,更新至18:00,72152.62338796296,75049.14259678547,94.95235629583078,47537.51331905817,2360.6247241021088,497.92151828802844,50396.05956144831,2,1,0,8739.240564759542
2025-11-03,仅0:00预报,76169.61856461111,76169.61856461111,1.1368683772161603e-13,50827.28478622173,0.0,4.948788046021945e-13,50827.28478622173,0,0,0,0.0
2025-11-03,更新至6:00,76169.61856461111,76169.61856461111,1.1368683772161603e-13,50827.28478622173,0.0,4.948788046021945e-13,50827.28478622173,0,1,0,0.0
2025-11-03,更新至12:00,76169.61856461111,76169.61856461111,1.1368683772161603e-13,50827.28478622173,0.0,4.948788046021945e-13,50827.28478622173,0,2,0,0.0
2025-11-03,更新至18:00,76169.61856461111,76169.61856461111,1.1368683772161603e-13,50827.28478622173,0.0,4.948788046021945e-13,50827.28478622173,0,3,0,0.0
2025-11-04,仅0:00预报,70197.81693891152,70197.81693891152,244.1921306249984,47402.3855109782,0.0,1245.0702698261362,48647.45578080434,0,0,0,0.0
2025-11-04,更新至6:00,70197.81693891152,72870.75740398355,244.1921306249984,47402.3855109782,2165.149984813024,1245.0702698261362,50812.605765617365,1,0,0,1294.7239784078438
2025-11-04,更新至12:00,70197.81693891152,70764.78320141151,244.1921306249984,47402.3855109782,398.8868205031251,1245.0702698261362,49046.342601307464,2,0,0,2864.58147435389
2025-11-04,更新至18:00,70197.81693891152,70764.78320141151,244.1921306249984,47402.3855109782,398.8868205031251,1245.0702698261362,49046.342601307464,2,1,0,2864.5814743538904
2025-11-05,仅0:00预报,80607.87168394396,80607.87168394396,2.2737367544323206e-13,55211.222708739384,0.0,1.0286385077051818e-12,55211.222708739384,0,0,0,0.0
2025-11-05,更新至6:00,80607.87168394396,80607.87168394396,2.2737367544323206e-13,55211.222708739384,0.0,1.0286385077051818e-12,55211.222708739384,0,1,0,0.0
2025-11-05,更新至12:00,80607.87168394396,80607.87168394396,2.2737367544323206e-13,55211.222708739384,0.0,1.0286385077051818e-12,55211.222708739384,0,2,0,0.0
2025-11-05,更新至18:00,80607.87168394396,80607.87168394396,2.2737367544323206e-13,55211.222708739384,0.0,1.0286385077051818e-12,55211.222708739384,0,3,0,0.0
2025-11-06,仅0:00预报,73828.81100239506,73828.81100239506,2176.6093602916662,49458.94899707565,0.0,13284.67755712304,62743.62655419869,0,0,0,0.0
2025-11-06,更新至6:00,73828.81100239506,76439.76656737397,115.3512081766604,49458.94899707565,2839.276507269595,551.1017150071735,52849.32721935242,1,0,0,2428.7254216306683
2025-11-06,更新至12:00,73828.81100239506,76100.6489968432,310.16929352492093,49458.94899707565,2528.947225280741,1724.2854676010083,53712.1816899574,2,0,0,2575.37357908452
2025-11-06,更新至18:00,73828.81100239506,76185.17173203478,225.64655833333336,49458.94899707565,2683.1800863215904,1173.1127114166657,53315.241794813905,3,0,0,2645.1997640491945
2025-11-07,仅0:00预报,35136.727192335384,35136.727192335384,0.0,14670.871897506375,0.0,0.0,14670.871897506375,0,0,0,0.0
2025-11-07,更新至6:00,35136.727192335384,35136.727192335384,0.0,14670.871897506375,0.0,0.0,14670.871897506375,0,1,0,0.0
2025-11-07,更新至12:00,35136.727192335384,35136.727192335384,0.0,14670.871897506375,0.0,0.0,14670.871897506375,0,2,0,0.0
2025-11-07,更新至18:00,35136.727192335384,35136.727192335384,0.0,14670.871897506375,0.0,0.0,14670.871897506375,0,3,0,0.0
2025-11-08,仅0:00预报,34466.364590966055,34466.364590966055,0.0,14581.705237815542,0.0,0.0,14581.705237815542,0,0,0,0.0
2025-11-08,更新至6:00,34466.364590966055,34493.72763246605,0.0,14581.705237815542,27.389909251242017,0.0,14609.095147066784,1,0,0,10.71867707883166
2025-11-08,更新至12:00,34466.364590966055,34466.364590966055,0.0,14581.705237815542,0.0,0.0,14581.705237815542,2,0,0,17.713858542189428
2025-11-08,更新至18:00,34466.364590966055,35183.229050842594,0.0,14581.705237815542,340.0424688485172,0.0,14921.747706664059,3,0,0,48.307858561913235
2025-11-09,仅0:00预报,75260.105985044,75260.105985044,344.73729174999835,51218.68618302809,0.0,1786.9027303452822,53005.58891337337,0,0,0,0.0
2025-11-09,更新至6:00,75260.105985044,76331.72559262734,0.0,51218.68618302809,1541.6361463793573,0.0,52760.32232940745,1,0,0,1874.4826802901252
2025-11-09,更新至12:00,75260.105985044,76331.72559262734,0.0,51218.68618302809,1541.6361463793573,0.0,52760.32232940745,1,1,0,1874.4826802901252
2025-11-09,更新至18:00,75260.105985044,76331.72559262734,0.0,51218.68618302809,1541.6361463793573,0.0,52760.32232940745,1,2,0,1874.4826802901252
2025-11-10,仅0:00预报,79250.96988083991,79250.96988083991,353.03019737499926,53697.209277165246,0.0,2204.602289410932,55901.81156657618,0,0,0,0.0
2025-11-10,更新至6:00,79250.96988083991,81324.20725007035,353.03019737499915,53697.209277165246,2415.858545667743,2204.6022894109315,58317.670112243926,1,0,0,2665.4087850379346
2025-11-10,更新至12:00,79250.96988083991,80649.81019379463,353.03019737499915,53697.209277165246,1791.8951074488405,2204.6022894109315,57693.70667402502,2,0,0,3296.0472718358083
2025-11-10,更新至18:00,79250.96988083991,80665.80961616964,337.03077499999875,53697.209277165246,1821.5364373118841,2103.5005356874917,57622.24625016462,3,0,0,3307.705353793376
2025-11-11,仅0:00预报,80094.97770852345,80094.97770852345,2.2737367544323206e-13,55121.350946691586,0.0,1.0865051081054844e-12,55121.350946691586,0,0,0,0.0
2025-11-11,更新至6:00,80094.97770852345,80094.97770852345,2.2737367544323206e-13,55121.350946691586,0.0,1.0865051081054844e-12,55121.350946691586,0,1,0,0.0
2025-11-11,更新至12:00,80094.97770852345,80094.97770852345,2.2737367544323206e-13,55121.350946691586,0.0,1.0865051081054844e-12,55121.350946691586,0,2,0,0.0
2025-11-11,更新至18:00,80094.97770852345,80094.97770852345,2.2737367544323206e-13,55121.350946691586,0.0,1.0865051081054844e-12,55121.350946691586,0,3,0,0.0
2025-11-12,仅0:00预报,77000.88729833487,77000.88729833487,802.4681763750026,51211.236129686906,0.0,5168.597426872871,56379.83355655978,0,0,0,0.0
2025-11-12,更新至6:00,77000.88729833487,79631.03090126079,11.773333333333426,51211.236129686906,3274.4256707289123,60.579686666667136,54546.24148708248,1,0,0,4944.411794336582
2025-11-12,更新至12:00,77000.88729833487,77518.03365823146,425.8193112916658,51211.236129686906,615.3517659230665,2741.19754194289,54567.78543755286,2,0,0,7479.880143768027
2025-11-12,更新至18:00,77000.88729833487,78026.85935285647,11.773333333333426,51211.236129686906,1593.8464000649271,60.579686666667136,52865.662216418496,3,0,0,8247.011159213642
2025-11-13,仅0:00预报,74424.56173576081,74424.56173576081,1285.4300603124916,51413.96315584281,0.0,8143.477752669164,59557.44090851197,0,0,0,0.0
2025-11-13,更新至6:00,74424.56173576081,75905.27517986059,829.8403824999951,51413.96315584281,1275.876882415572,5250.495254947052,57940.33529320543,1,0,0,282.99998296736385
2025-11-13,更新至12:00,74424.56173576081,75655.57906192128,861.9723534999948,51413.96315584281,1045.8574020445442,5453.997599277717,57913.81815716507,2,0,0,458.45507301244334
2025-11-13,更新至18:00,74424.56173576081,76533.01385079627,1.1368683772161603e-13,51413.96315584281,2718.3313929681735,5.377387424232438e-13,54132.29454881098,3,0,0,2306.541371552399
2025-11-14,仅0:00预报,35471.42492840895,35471.42492840895,9.341387833331055,14692.877722471476,0.0,38.17358138090736,14731.051303852384,0,0,0,0.0
2025-11-14,更新至6:00,35471.42492840895,35471.42492840895,9.341387833331055,14692.877722471476,0.0,38.17358138090736,14731.051303852384,0,1,0,0.0
2025-11-14,更新至12:00,35471.42492840895,35471.42492840895,9.341387833331055,14692.877722471476,0.0,38.17358138090736,14731.051303852384,0,2,0,0.0
2025-11-14,更新至18:00,35471.42492840895,35471.42492840895,9.341387833331055,14692.877722471476,0.0,38.17358138090736,14731.051303852384,0,3,0,0.0
2025-11-15,仅0:00预报,36971.120554870366,36971.120554870366,0.0,15830.356398014805,0.0,0.0,15830.356398014805,0,0,0,0.0
2025-11-15,更新至6:00,36971.120554870366,36971.120554870366,0.0,15830.356398014805,0.0,0.0,15830.356398014805,0,1,0,0.0
2025-11-15,更新至12:00,36971.120554870366,36971.120554870366,0.0,15830.356398014805,0.0,0.0,15830.356398014805,0,2,0,0.0
2025-11-15,更新至18:00,36971.120554870366,36971.120554870366,0.0,15830.356398014805,0.0,0.0,15830.356398014805,0,3,0,0.0
2025-11-16,仅0:00预报,76663.62793623087,76663.62793623087,1183.9093532601241,52593.45774580033,0.0,7699.242348072987,60292.70009387332,0,0,0,0.0
2025-11-16,更新至6:00,76663.62793623087,81364.78764898921,2.2737367544323206e-13,52593.45774580033,5320.258297427176,1.2933014659211039e-12,57913.71604322751,1,0,0,5641.11599840383
2025-11-16,更新至12:00,76663.62793623087,78937.03384498943,18.469348506673782,52593.45774580033,2546.387216157502,104.27461938755762,55244.11958134539,2,0,0,8197.668193645703
2025-11-16,更新至18:00,76663.62793623087,78967.13538029394,10.50762916666747,52593.45774580033,2591.2700081320754,61.79011331458801,55246.51786724699,3,0,0,8223.740420801401
2025-11-17,仅0:00预报,74420.45765495062,74420.45765495062,2664.9136786249974,50408.349670654534,0.0,16781.64082492987,67189.99049558441,0,0,0,0.0
2025-11-17,更新至6:00,74420.45765495062,81276.63541937809,1.1368683772161603e-13,50408.349670654534,7697.405247232516,5.293259164318443e-13,58105.75491788705,1,0,0,9681.610431169069
2025-11-17,更新至12:00,74420.45765495062,79016.92931723816,1.1368683772161603e-13,50408.349670654534,5143.3301566940845,5.293259164318443e-13,55551.67982734862,2,0,0,12223.613308285332
2025-11-17,更新至18:00,74420.45765495062,79016.92931723816,1.1368683772161603e-13,50408.349670654534,5143.3301566940845,5.293259164318443e-13,55551.67982734862,2,1,0,12223.613308285332
2025-11-18,仅0:00预报,77886.7977202839,77886.7977202839,1219.9593449124936,53320.919108374044,0.0,7343.875649869206,60664.79475824325,0,0,0,0.0
2025-11-18,更新至6:00,77886.7977202839,78463.95502232556,645.824560495832,53320.919108374044,833.1304117329498,3942.7178756685744,58096.76739577557,1,0,0,306.9939761953574
2025-11-18,更新至12:00,77886.7977202839,79000.00469616146,270.02975943875106,53320.919108374044,1367.2463910208107,1558.8535559529523,56247.01905534781,2,0,0,532.1806663878806
2025-11-18,更新至18:00,77886.7977202839,79425.56047235022,3.410605131648481e-13,53320.919108374044,2144.914770783518,1.6893864085432141e-12,55465.833879157566,3,0,0,1107.2145242527304
2025-11-19,仅0:00预报,78301.07444219803,78301.07444219803,1114.112020708415,54976.8690019708,0.0,6375.838259251011,61352.70726122181,0,0,0,0.0
2025-11-19,更新至6:00,78301.07444219803,80828.92446225935,0.0,54976.8690019708,2968.639165783088,0.0,57945.50816775389,1,0,0,4341.285903814069
2025-11-19,更新至12:00,78301.07444219803,80047.33380798971,0.0,54976.8690019708,2330.199816426526,0.0,57307.068818397325,2,0,0,4960.590588683342
2025-11-19,更新至18:00,78301.07444219803,80047.33380798971,0.0,54976.8690019708,2330.199816426526,0.0,57307.068818397325,2,1,0,4960.590588683342
2025-11-20,仅0:00预报,77298.63105597132,77298.63105597132,2840.0035770812756,51862.821079095025,0.0,17755.856765397268,69618.6778444923,0,0,0,0.0
2025-11-20,更新至6:00,77298.63105597132,78734.88207081093,1562.489962083332,51862.821079095025,1886.6386418286681,9744.854055354099,63494.31377627779,1,0,0,1897.5044361899618
2025-11-20,更新至12:00,77298.63105597132,79952.97756226917,473.26548774999935,51862.821079095025,3427.652203663054,2847.7550642929805,58138.22834705106,2,0,0,3486.4366170361222
2025-11-20,更新至18:00,77298.63105597132,80293.03411251915,133.20893750000312,51862.821079095025,4080.729088288128,685.2085398500197,56628.75870723317,3,0,0,4173.000206716188
2025-11-21,仅0:00预报,36327.87269440586,36327.87269440586,0.0,15445.77265712593,0.0,0.0,15445.77265712593,0,0,0,0.0
2025-11-21,更新至6:00,36327.87269440586,37952.64007289316,2.2737367544323206e-13,15445.77265712593,988.4657257667742,7.767653187329415e-13,16434.238382892705,1,0,0,415.9858352725196
2025-11-21,更新至12:00,36327.87269440586,36670.807391447524,0.0,15445.77265712593,360.85289815343134,0.0,15806.625555279361,2,0,0,677.4751434859418
2025-11-21,更新至18:00,36327.87269440586,36670.807391447524,0.0,15445.77265712593,360.85289815343134,0.0,15806.625555279361,2,1,0,677.4751434859418
2025-11-22,仅0:00预报,38296.80230544197,38296.80230544197,132.18361023458863,16345.703091992953,0.0,672.8145760940561,17018.51766808701,0,0,0,0.0
2025-11-22,更新至6:00,38296.80230544197,38296.80230544197,132.18361023458863,16345.703091992953,0.0,672.8145760940561,17018.51766808701,0,1,0,0.0
2025-11-22,更新至12:00,38296.80230544197,38296.80230544197,132.18361023458863,16345.703091992953,0.0,672.8145760940561,17018.51766808701,0,2,0,0.0
2025-11-22,更新至18:00,38296.80230544197,38497.68434900988,0.0,16345.703091992953,306.74688052821455,0.0,16652.449972521168,1,2,0,161.61050759178852
2025-11-23,仅0:00预报,79495.09165108393,79495.09165108393,347.34057627025265,54989.66578488254,0.0,1846.6556089274866,56836.32139381003,0,0,0,0.0
2025-11-23,更新至6:00,79495.09165108393,82724.96490379155,0.0,54989.66578488254,3996.9912479779855,0.0,58986.65703286053,1,0,0,3604.5921358789287
2025-11-23,更新至12:00,79495.09165108393,82105.64768376603,0.0,54989.66578488254,3273.1283312408736,0.0,58262.79411612341,2,0,0,4374.380544926258
2025-11-23,更新至18:00,79495.09165108393,82105.64768376603,0.0,54989.66578488254,3273.1283312408736,0.0,58262.79411612341,2,1,0,4374.380544926258
2025-11-24,仅0:00预报,77803.53161211373,77803.53161211373,18.839666666666744,54085.66854634213,0.0,99.52995900000036,54185.19850534213,0,0,0,0.0
2025-11-24,更新至6:00,77803.53161211373,80595.36060208059,18.83966666666663,54085.66854634213,2602.283708708278,99.5299589999998,56787.48221405041,1,0,0,1520.6984148431206
2025-11-24,更新至12:00,77803.53161211373,79288.6300142876,18.839666666666744,54085.66854634213,1238.0950446645522,99.52995900000036,55423.29355000668,2,0,0,2799.3134817583173
2025-11-24,更新至18:00,77803.53161211373,79288.6300142876,18.839666666666744,54085.66854634213,1238.0950446645522,99.52995900000036,55423.29355000668,2,1,0,2799.3134817583173
2025-11-25,仅0:00预报,88650.67159778913,88650.67159778913,2.2737367544323206e-13,62846.51140219816,0.0,1.1941665434278547e-12,62846.51140219816,0,0,0,0.0
2025-11-25,更新至6:00,88650.67159778913,88650.67159778913,2.2737367544323206e-13,62846.51140219816,0.0,1.1941665434278547e-12,62846.51140219816,0,1,0,0.0
2025-11-25,更新至12:00,88650.67159778913,88650.67159778913,2.2737367544323206e-13,62846.51140219816,0.0,1.1941665434278547e-12,62846.51140219816,0,2,0,0.0
2025-11-25,更新至18:00,88650.67159778913,88650.67159778913,2.2737367544323206e-13,62846.51140219816,0.0,1.1941665434278547e-12,62846.51140219816,0,3,0,0.0
2025-11-26,仅0:00预报,82998.60244988382,82998.60244988382,32.993166666666866,59156.170898030265,0.0,177.7341888333344,59333.9050868636,0,0,0,0.0
2025-11-26,更新至6:00,82998.60244988382,83790.31409155921,32.99316666666698,59156.170898030265,1204.1191701531375,177.73418883333497,60538.02425701673,1,0,0,731.1349082015322
2025-11-26,更新至12:00,82998.60244988382,83790.31409155921,32.99316666666698,59156.170898030265,1204.1191701531375,177.73418883333497,60538.02425701673,1,1,0,731.1349082015322
2025-11-26,更新至18:00,82998.60244988382,83790.31409155921,32.99316666666698,59156.170898030265,1204.1191701531375,177.73418883333497,60538.02425701673,1,2,0,731.1349082015322
2025-11-27,仅0:00预报,81705.17615984683,81705.17615984683,1.1368683772161603e-13,57524.0822103763,0.0,2.619344741106033e-13,57524.0822103763,0,0,0,0.0
2025-11-27,更新至6:00,81705.17615984683,82189.27911763336,1.1368683772161603e-13,57524.0822103763,594.6561493854261,2.619344741106033e-13,58118.73835976172,1,0,0,361.10588112741743
2025-11-27,更新至12:00,81705.17615984683,81937.8533815135,1.1368683772161603e-13,57524.0822103763,352.25965917046426,2.619344741106033e-13,57876.34186954676,2,0,0,574.6677475833862
2025-11-27,更新至18:00,81705.17615984683,81937.8533815135,1.1368683772161603e-13,57524.0822103763,352.25965917046426,2.619344741106033e-13,57876.34186954676,2,1,0,574.6677475833862
2025-11-28,仅0:00预报,37039.886928604945,37039.886928604945,1.1368683772161603e-13,15562.839931371262,0.0,4.2996362026315183e-13,15562.839931371262,0,0,0,0.0
2025-11-28,更新至6:00,37039.886928604945,37039.886928604945,1.1368683772161603e-13,15562.839931371262,0.0,4.2996362026315183e-13,15562.839931371262,0,1,0,0.9816809053127145
2025-11-28,更新至12:00,37039.886928604945,37039.886928604945,1.1368683772161603e-13,15562.839931371262,0.0,4.2996362026315183e-13,15562.839931371262,0,2,0,0.9816809053127145
2025-11-28,更新至18:00,37039.886928604945,37039.886928604945,1.1368683772161603e-13,15562.839931371262,0.0,4.2996362026315183e-13,15562.839931371262,0,3,0,0.9816809053127145
2025-11-29,仅0:00预报,46718.383695492055,46718.383695492055,0.0,19879.67522922957,0.0,0.0,19879.67522922957,0,0,0,0.0
2025-11-29,更新至6:00,46718.383695492055,46718.383695492055,0.0,19879.67522922957,0.0,0.0,19879.67522922957,0,1,0,0.0
2025-11-29,更新至12:00,46718.383695492055,46718.383695492055,0.0,19879.67522922957,0.0,0.0,19879.67522922957,0,2,0,0.0
2025-11-29,更新至18:00,46718.383695492055,46718.383695492055,0.0,19879.67522922957,0.0,0.0,19879.67522922957,0,3,0,0.0
2025-11-30,仅0:00预报,85275.11802915609,85275.11802915609,6.062833333333515,60647.07709827431,0.0,32.518006583334305,60679.595104857646,0,0,0,0.0
2025-11-30,更新至6:00,85275.11802915609,86571.2174151121,6.062833333333742,60647.07709827431,1433.8525130568883,32.51800658333551,62113.447617914535,1,0,0,570.5488669126216
2025-11-30,更新至12:00,85275.11802915609,85622.91217001014,6.062833333333515,60647.07709827431,398.42257106533015,32.518006583334305,61078.01767592298,2,0,0,1351.3185521972719
2025-11-30,更新至18:00,85275.11802915609,85620.97068296076,6.062833333333515,60647.07709827431,395.5190771829789,32.518006583334305,61075.11418204063,3,0,0,1353.6044506952276
2025-12-01,仅0:00预报,86536.08086226232,86536.08086226232,3117.668163500003,66971.00468812659,0.0,19710.35259209283,86681.35728021941,0,0,0,0.0
2025-12-01,更新至6:00,86536.08086226232,86536.08086226232,3117.668163500003,66971.00468812659,0.0,19710.35259209283,86681.35728021941,0,1,0,0.0
2025-12-01,更新至12:00,86536.08086226232,86536.08086226232,3117.668163500003,66971.00468812659,0.0,19710.35259209283,86681.35728021941,0,2,0,0.0
2025-12-01,更新至18:00,86536.08086226232,86536.08086226232,3117.668163500003,66971.00468812659,0.0,19710.35259209283,86681.35728021941,0,3,0,0.0
2025-12-02,仅0:00预报,92751.88080620632,92751.88080620632,2060.0000233570813,71451.93546620208,0.0,13350.32416689288,84802.25963309496,0,0,0,0.0
2025-12-02,更新至6:00,92751.88080620632,92751.88080620632,2060.0000233570813,71451.93546620208,0.0,13350.32416689288,84802.25963309496,0,1,0,0.0
2025-12-02,更新至12:00,92751.88080620632,92751.88080620632,2060.0000233570813,71451.93546620208,0.0,13350.32416689288,84802.25963309496,0,2,0,0.0
2025-12-02,更新至18:00,92751.88080620632,92967.30790503965,1849.8771703570826,71451.93546620208,415.19890337270033,11950.018055853723,83817.1524254285,1,2,0,394.36937725573534
2025-12-03,仅0:00预报,81729.41046677236,81729.41046677236,8125.193066337319,61160.29667514673,0.0,57485.321496447425,118645.61817159416,0,0,0,0.0
2025-12-03,更新至6:00,81729.41046677236,87425.84775334777,3410.636336247552,61160.29667514673,7206.4110693981365,23250.41541991027,91617.12316445514,1,0,0,9430.170130157472
2025-12-03,更新至12:00,81729.41046677236,88097.32422638113,2748.819442122553,61160.29667514673,8364.287806093203,18307.71027496342,87832.29475620335,2,0,0,11378.890107855967
2025-12-03,更新至18:00,81729.41046677236,89156.70548743321,1774.353190445472,61160.29667514673,10635.747905976885,11248.196108413216,83044.24068953683,3,0,0,15384.126691729341
2025-12-04,仅0:00预报,90732.2515682289,90732.2515682289,3016.181940708334,68705.12148251527,0.0,19184.601296885106,87889.72277940038,0,0,0,0.0
2025-12-04,更新至6:00,90732.2515682289,91045.68387931223,2702.7496296249988,68705.12148251527,543.5706281570518,17259.35526970743,86508.04738037975,1,0,0,163.70527811523561
2025-12-04,更新至12:00,90732.2515682289,91045.68387931223,2702.7496296249988,68705.12148251527,543.5706281570518,17259.35526970743,86508.04738037975,1,1,0,163.70527811523561
2025-12-04,更新至18:00,90732.2515682289,91045.68387931223,2702.7496296249988,68705.12148251527,543.5706281570518,17259.35526970743,86508.04738037975,1,2,0,163.97550692812047
2025-12-05,仅0:00预报,42573.68181195512,42573.68181195512,2039.2384251115045,19381.55001992793,0.0,12562.011054626457,31943.56107455439,0,0,0,0.0
2025-12-05,更新至6:00,42573.68181195512,43146.73475464072,1542.2754783508287,19381.55001992793,429.5089810808564,9698.181844895495,29509.24084590428,1,0,0,118.18483067179932
2025-12-05,更新至12:00,42573.68181195512,43674.64309980771,1122.9156730045115,19381.55001992793,765.8431666352765,7088.197899468752,27235.59108603196,2,0,0,277.57666244794746
2025-12-05,更新至18:00,42573.68181195512,44827.90327102055,1.1368683772161603e-13,19381.55001992793,2791.326269521076,4.176854417892173e-13,22172.876289449006,3,0,0,4000.0056114137456
2025-12-06,仅0:00预报,46480.116438622834,46480.116438622834,771.412009208338,21904.647954064552,0.0,4458.589851722039,26363.237805786594,0,0,0,0.0
2025-12-06,更新至6:00,46480.116438622834,46480.116438622834,771.412009208338,21904.647954064552,0.0,4458.589851722039,26363.237805786594,0,1,0,0.0
2025-12-06,更新至12:00,46480.116438622834,46480.116438622834,771.412009208338,21904.647954064552,0.0,4458.589851722039,26363.237805786594,0,2,0,0.0
2025-12-06,更新至18:00,46480.116438622834,47180.40108533117,76.02527433333461,21904.647954064552,1172.5412181803174,297.9886418386714,23375.17781408354,1,2,0,2089.0033975087995
2025-12-07,仅0:00预报,93060.8547956821,93060.8547956821,83.98671666666735,72132.47537402081,0.0,579.0980816833379,72711.57345570414,0,0,0,0.0
2025-12-07,更新至6:00,93060.8547956821,93060.8547956821,83.98671666666735,72132.47537402081,0.0,579.0980816833379,72711.57345570414,0,1,0,0.0
2025-12-07,更新至12:00,93060.8547956821,93060.8547956821,83.98671666666735,72132.47537402081,0.0,579.0980816833379,72711.57345570414,0,2,0,0.0
2025-12-07,更新至18:00,93060.8547956821,93060.8547956821,83.98671666666735,72132.47537402081,0.0,579.0980816833379,72711.57345570414,0,3,0,0.0
2025-12-08,仅0:00预报,92211.90260035165,92211.90260035165,667.7666869999964,72576.25555219846,0.0,4954.752908732332,77531.0084609308,0,0,0,0.0
2025-12-08,更新至6:00,92211.90260035165,92533.45896910164,372.8864544166671,72576.25555219846,479.26905765061906,2792.1765329914197,75847.7011428405,1,0,0,232.49742326634032
2025-12-08,更新至12:00,92211.90260035165,92211.90260035165,667.7666869999964,72576.25555219846,0.0,4954.752908732332,77531.0084609308,2,0,0,276.0251733545956
2025-12-08,更新至18:00,92211.90260035165,92980.77452927551,12.039333333333616,72576.25555219846,1635.6078239669753,84.823123000002,74296.68649916544,3,0,0,2893.987512282539
2025-12-09,仅0:00预报,93802.6528750658,93802.6528750658,510.01598508384154,71540.14124524003,0.0,3619.2513611500553,75159.39260639009,0,0,0,0.0
2025-12-09,更新至6:00,93802.6528750658,93907.43328473247,417.22224601717926,71540.14124524003,148.12613705819405,2922.2582365994876,74610.52561889771,1,0,0,59.77675845413705
2025-12-09,更新至12:00,93802.6528750658,93911.01593923247,415.6180606621841,71540.14124524003,157.1679067785401,2909.995843745905,74607.30499576447,2,0,0,64.80090630459199
2025-12-09,更新至18:00,93802.6528750658,94131.88718872232,197.34578238065774,71540.14124524003,617.274403157938,1289.2161342830418,73446.631782681,3,0,0,491.0200347569944
2025-12-10,仅0:00预报,88286.9607509695,88286.9607509695,3594.033355506697,68101.20553824306,0.0,26524.219434375264,94625.42497261832,0,0,0,0.0
2025-12-10,更新至6:00,88286.9607509695,94192.07975345905,1.1368683772161603e-13,68101.20553824306,6499.79356745525,5.003926162316929e-13,74600.99910569831,1,0,0,5076.931234031143
2025-12-10,更新至12:00,88286.9607509695,93155.7266778894,1.1368683772161603e-13,68101.20553824306,5406.464902802968,5.003926162316929e-13,73507.67044104602,2,0,0,6103.907339191891
2025-12-10,更新至18:00,88286.9607509695,93155.7266778894,1.1368683772161603e-13,68101.20553824306,5406.464902802968,5.003926162316929e-13,73507.67044104602,2,1,0,6103.907339191891
2025-12-11,仅0:00预报,91659.96668231208,91659.96668231208,0.0,69951.32681304701,0.0,0.0,69951.32681304701,0,0,0,0.0
2025-12-11,更新至6:00,91659.96668231208,91676.27594897874,0.0,69951.32681304701,34.002374609999954,0.0,69985.32918765701,1,0,0,5.782890058140765
2025-12-11,更新至12:00,91659.96668231208,91676.27594897874,0.0,69951.32681304701,34.002374609999954,0.0,69985.32918765701,1,1,0,5.782890058140765
2025-12-11,更新至18:00,91659.96668231208,91676.27594897874,0.0,69951.32681304701,34.002374609999954,0.0,69985.32918765701,1,2,0,5.782890058140765
2025-12-12,仅0:00预报,45739.17810399618,45739.17810399618,793.2415232500018,21386.84377163004,0.0,5009.190845164801,26396.03461679484,0,0,0,0.0
2025-12-12,更新至6:00,45739.17810399618,48653.17558761844,2.2737367544323206e-13,21386.84377163004,2181.0282200640004,8.648157745483331e-13,23567.87199169404,1,0,0,770.4553635671407
2025-12-12,更新至12:00,45739.17810399618,47377.12434894151,2.2737367544323206e-13,21386.84377163004,1264.2970584400173,8.787424121692311e-13,22651.140830070057,2,0,0,2050.5258038400425
2025-12-12,更新至18:00,45739.17810399618,47377.12434894151,2.2737367544323206e-13,21386.84377163004,1264.2970584400173,8.787424121692311e-13,22651.140830070057,2,1,0,2050.5258038400425
2025-12-13,仅0:00预报,46747.00103933848,46747.00103933848,95.35335727506322,22740.284231366706,0.0,359.96494202910503,23100.249173395812,0,0,0,0.0
2025-12-13,更新至6:00,46747.00103933848,48616.92386785327,2.2737367544323206e-13,22740.284231366706,1442.5968909575363,9.815721568884328e-13,24182.88112232424,1,0,0,766.8311586256041
2025-12-13,更新至12:00,46747.00103933848,47424.64736594753,2.2737367544323206e-13,22740.284231366706,526.3371139164462,9.815721568884328e-13,23266.62134528315,2,0,0,1611.4004955690689
2025-12-13,更新至18:00,46747.00103933848,47424.64736594753,2.2737367544323206e-13,22740.284231366706,526.3371139164462,9.815721568884328e-13,23266.62134528315,2,1,0,1611.4004955690689
2025-12-14,仅0:00预报,88751.38744883901,88751.38744883901,3566.4072181394104,68088.85371037658,0.0,26785.401290448295,94874.25500082488,0,0,0,0.0
2025-12-14,更新至6:00,88751.38744883901,93291.39198055035,0.0,68088.85371037658,5328.105898964609,0.0,73416.9596093412,1,0,0,1830.4361192883089
2025-12-14,更新至12:00,88751.38744883901,93629.96380266148,0.0,68088.85371037658,5972.094997280903,0.0,74060.94870765749,2,0,0,2034.1394948164666
2025-12-14,更新至18:00,88751.38744883901,93629.96380266148,0.0,68088.85371037658,5972.094997280903,0.0,74060.94870765749,2,1,0,2034.1394948164666
2025-12-15,仅0:00预报,89244.70498395215,89244.70498395215,3855.5556182624573,68203.52143168068,0.0,28950.19575994839,97153.71719162907,0,0,0,0.0
2025-12-15,更新至6:00,89244.70498395215,96170.20984213988,3.410605131648481e-13,68203.52143168068,8375.939649505757,2.1268533600959925e-12,76579.46108118644,1,0,0,6215.898908698342
2025-12-15,更新至12:00,89244.70498395215,94489.64242027562,3.410605131648481e-13,68203.52143168068,6368.727461839327,2.1268533600959925e-12,74572.24889352001,2,0,0,8377.568483066389
2025-12-15,更新至18:00,89244.70498395215,94489.64242027562,3.410605131648481e-13,68203.52143168068,6368.727461839327,2.1268533600959925e-12,74572.24889352001,2,1,0,8377.790122635815
2025-12-16,仅0:00预报,93984.58837395957,93984.58837395957,1.1368683772161603e-13,73241.20367289726,0.0,6.212985681486316e-13,73241.20367289726,0,0,0,0.0
2025-12-16,更新至6:00,93984.58837395957,94728.68138795084,1.1368683772161603e-13,73241.20367289726,797.6928759727493,6.212985681486316e-13,74038.89654887,1,0,0,273.442303535669
2025-12-16,更新至12:00,93984.58837395957,93986.22425729291,1.1368683772161603e-13,73241.20367289726,3.4998905974998302,6.212985681486316e-13,73244.70356349475,2,0,0,1072.4580626490792
2025-12-16,更新至18:00,93984.58837395957,93986.22425729291,1.1368683772161603e-13,73241.20367289726,3.4998905974998302,6.212985681486316e-13,73244.70356349475,2,1,0,1072.4580626490792
2025-12-17,仅0:00预报,98762.3507493349,98762.3507493349,0.0,76893.7565595183,0.0,0.0,76893.7565595183,0,0,0,0.0
2025-12-17,更新至6:00,98762.3507493349,98762.3507493349,0.0,76893.7565595183,0.0,0.0,76893.7565595183,0,1,0,0.0
2025-12-17,更新至12:00,98762.3507493349,98580.91535163694,0.0,76893.7565595183,61.05795122260472,0.0,76954.81451074091,1,1,1,
2025-12-17,更新至18:00,98762.3507493349,98580.91535163694,0.0,76893.7565595183,61.05795122260472,0.0,76954.81451074091,1,2,1,
2025-12-18,仅0:00预报,89432.60087068267,89432.60087068267,1523.7989325025023,68706.7387479239,0.0,11390.602250721617,80097.34099864551,0,0,0,0.0
2025-12-18,更新至6:00,89432.60087068267,93970.44893574077,1.1368683772161603e-13,68706.7387479239,5553.626468451032,5.167066774447448e-13,74260.36521637494,1,0,0,8530.561279454887
2025-12-18,更新至12:00,89432.60087068267,92174.15184078651,1.1368683772161603e-13,68706.7387479239,3054.431005687904,5.167066774447448e-13,71761.1697536118,2,0,0,10859.704399674283
2025-12-18,更新至18:00,89432.60087068267,92126.87191185396,1.1368683772161603e-13,68706.7387479239,2988.019119747861,5.167066774447448e-13,71694.75786767175,3,0,0,10905.108283310146
2025-12-19,仅0:00预报,43846.7091409655,43846.7091409655,1816.7003637916591,20761.941815375554,0.0,10966.936401207413,31728.87821658297,0,0,0,0.0
2025-12-19,更新至6:00,43846.7091409655,48713.49064839193,0.0,20761.941815375554,3279.1961083393826,0.0,24041.137923714938,1,0,0,3937.226341568398
2025-12-19,更新至12:00,43846.7091409655,46220.20743798195,102.16430529165876,20761.941815375554,1643.8242813720876,533.0813901569131,22938.847486904553,2,0,0,5846.670865120943
2025-12-19,更新至18:00,43846.7091409655,46820.51152863884,0.0,20761.941815375554,2088.669478425142,0.0,22850.611293800695,3,0,0,6032.897821674489
2025-12-20,仅0:00预报,46847.56794566398,46847.56794566398,0.0,22180.012940332148,0.0,0.0,22180.012940332148,0,0,0,0.0
2025-12-20,更新至6:00,46847.56794566398,47838.83730906234,0.0,22180.012940332148,561.0973424999409,0.0,22741.110282832087,1,0,0,140.78586569613117
2025-12-20,更新至12:00,46847.56794566398,46847.56794566398,0.0,22180.012940332148,0.0,0.0,22180.012940332148,2,0,0,513.5055615411234
2025-12-20,更新至18:00,46847.56794566398,47319.32575544145,0.0,22180.012940332148,230.6895689811858,0.0,22410.702509313334,3,0,0,534.6887247736427
2025-12-21,仅0:00预报,92381.8599591614,92381.8599591614,343.8527844583311,71442.05708125833,0.0,2534.6996530793986,73976.75673433773,0,0,0,0.0
2025-12-21,更新至6:00,92381.8599591614,93247.95420607808,2.2737367544323206e-13,71442.05708125833,951.928597077098,1.13755049824249e-12,72393.98567833543,1,0,0,321.46290456584984
2025-12-21,更新至12:00,92381.8599591614,94277.82924709134,2.2737367544323206e-13,71442.05708125833,2256.4897732302325,1.13755049824249e-12,73698.54685448857,2,0,0,1258.775658156344
2025-12-21,更新至18:00,92381.8599591614,94277.82924709134,2.2737367544323206e-13,71442.05708125833,2256.4897732302325,1.13755049824249e-12,73698.54685448857,2,1,0,1258.775658156344
2025-12-22,仅0:00预报,93215.76241404095,93215.76241404095,1217.8918286929127,72060.3042482933,0.0,8549.803532055688,80610.10778034898,0,0,0,0.0
2025-12-22,更新至6:00,93215.76241404095,95529.7130950452,0.0,72060.3042482933,2567.900362231677,0.0,74628.20461052498,1,0,1,
2025-12-22,更新至12:00,93215.76241404095,95096.4126736117,0.0,72060.3042482933,2112.330839421171,0.0,74172.63508771447,2,0,1,
2025-12-22,更新至18:00,93215.76241404095,95096.4126736117,0.0,72060.3042482933,2112.330839421171,0.0,74172.63508771447,2,1,1,
2025-12-23,仅0:00预报,95550.81433993534,95550.81433993534,2.2737367544323206e-13,73724.34890264529,0.0,1.2129248716519215e-12,73724.34890264529,0,0,0,0.0
2025-12-23,更新至6:00,95550.81433993534,95598.01287376866,2.2737367544323206e-13,73724.34890264529,56.95683070336907,1.2129248716519215e-12,73781.30573334865,1,0,0,23.035558112098443
2025-12-23,更新至12:00,95550.81433993534,95550.81433993534,2.2737367544323206e-13,73724.34890264529,0.0,1.2129248716519215e-12,73724.34890264529,2,0,0,77.32038731569355
2025-12-23,更新至18:00,95550.81433993534,95550.81433993534,2.2737367544323206e-13,73724.34890264529,0.0,1.2129248716519215e-12,73724.34890264529,2,1,0,77.32038731569355
2025-12-24,仅0:00预报,93180.40145833364,93180.40145833364,1.1368683772161603e-13,71416.31187849124,0.0,7.825633474567439e-13,71416.31187849124,0,0,0,0.0
2025-12-24,更新至6:00,93180.40145833364,95558.67626363199,1.1368683772161603e-13,71416.31187849124,2489.710944915497,7.825633474567439e-13,73906.02282340673,1,0,0,1993.0647080413296
2025-12-24,更新至12:00,93180.40145833364,94608.95665265297,1.1368683772161603e-13,71416.31187849124,1474.9444684341984,7.825633474567439e-13,72891.25634692544,2,0,0,2978.300752039338
2025-12-24,更新至18:00,93180.40145833364,94608.95665265297,1.1368683772161603e-13,71416.31187849124,1474.9444684341984,7.825633474567439e-13,72891.25634692544,2,1,0,2978.300752039338
2025-12-25,仅0:00预报,90213.83075021213,90213.83075021213,2504.129280991293,68334.22236093154,0.0,18220.033637718567,86554.2559986501,0,0,0,0.0
2025-12-25,更新至6:00,90213.83075021213,92965.23630767099,262.131476366288,68334.22236093154,3154.047459722765,1768.030234503582,73256.30005515789,1,0,0,2233.6747882522395
2025-12-25,更新至12:00,90213.83075021213,94195.70666339228,0.0,68334.22236093154,4883.132617021476,0.0,73217.35497795301,2,0,0,4802.628205161633
2025-12-25,更新至18:00,90213.83075021213,94195.70666339228,0.0,68334.22236093154,4883.132617021476,0.0,73217.35497795301,2,1,0,4802.628205161633
2025-12-26,仅0:00预报,46091.662997333144,46091.662997333144,304.4501105200616,21962.19334318434,0.0,1606.687599974322,23568.88094315866,0,0,0,0.0
2025-12-26,更新至6:00,46091.662997333144,48318.15590497489,1.1368683772161603e-13,21962.19334318434,1531.7167942069752,4.697540134657174e-13,23493.910137391314,1,0,0,833.7953393292046
2025-12-26,更新至12:00,46091.662997333144,47244.33876160688,1.1368683772161603e-13,21962.19334318434,807.8352206803829,4.697540134657174e-13,22770.028563864722,2,0,0,1398.949226994253
2025-12-26,更新至18:00,46091.662997333144,47816.16659342369,1.1368683772161603e-13,21962.19334318434,1092.0827941378177,4.697540134657174e-13,23054.27613732216,3,0,0,1423.652989317151
2025-12-27,仅0:00预报,48827.49475436892,48827.49475436892,0.0,22512.70565192845,0.0,0.0,22512.70565192845,0,0,0,0.0
2025-12-27,更新至6:00,48827.49475436892,50038.534975002054,0.0,22512.70565192845,803.6655521748116,0.0,23316.37120410326,1,0,0,279.7961379980079
2025-12-27,更新至12:00,48827.49475436892,49951.905569292176,0.0,22512.70565192845,746.5339645979113,0.0,23259.23961652636,2,0,0,328.88546829240113
2025-12-27,更新至18:00,48827.49475436892,49951.905569292176,0.0,22512.70565192845,746.5339645979113,0.0,23259.23961652636,2,1,0,328.88546829240113
2025-12-28,仅0:00预报,94499.44171775997,94499.44171775997,2.2737367544323206e-13,71641.96617895711,0.0,8.068354873103089e-13,71641.96617895711,0,0,0,0.0
2025-12-28,更新至6:00,94499.44171775997,95084.37644919001,0.0,71641.96617895711,634.6861119627531,0.0,72276.65229091987,1,0,0,180.9514685229783
2025-12-28,更新至12:00,94499.44171775997,95063.64017835667,0.0,71641.96617895711,615.3982696471284,0.0,72257.36444860423,2,0,0,201.9239254811032
2025-12-28,更新至18:00,94499.44171775997,95063.64017835667,0.0,71641.96617895711,615.3982696471284,0.0,72257.36444860423,2,1,0,201.9239254811032
2025-12-29,仅0:00预报,94824.46563277827,94824.46563277827,0.0,71531.98253146518,0.0,0.0,71531.98253146518,0,0,0,0.0
2025-12-29,更新至6:00,94824.46563277827,98881.87835462089,0.0,71531.98253146518,4441.372592902701,0.0,75973.35512436788,1,0,0,4976.0643512150355
2025-12-29,更新至12:00,94824.46563277827,98132.3911881538,0.0,71531.98253146518,3700.0603030701322,0.0,75232.04283453531,2,0,0,5795.628703365564
2025-12-29,更新至18:00,94824.46563277827,98132.3911881538,0.0,71531.98253146518,3700.0603030701322,0.0,75232.04283453531,2,1,0,5795.628703365564
2025-12-30,仅0:00预报,95047.50268685081,95047.50268685081,2.2737367544323206e-13,71890.1739876457,0.0,1.4032366379979067e-12,71890.1739876457,0,0,0,0.0
2025-12-30,更新至6:00,95047.50268685081,97387.75314130296,2.2737367544323206e-13,71890.1739876457,2744.062215575016,1.4032366379979067e-12,74634.23620322072,1,0,0,1905.0847331432315
2025-12-30,更新至12:00,95047.50268685081,96560.3460259861,2.2737367544323206e-13,71890.1739876457,1713.7343525683327,1.4032366379979067e-12,73603.90834021404,2,0,0,2895.4869099968864
2025-12-30,更新至18:00,95047.50268685081,96560.3460259861,2.2737367544323206e-13,71890.1739876457,1713.7343525683327,1.4032366379979067e-12,73603.90834021404,2,1,0,2895.4869099968864
2025-12-31,仅0:00预报,96404.08743953198,96404.08743953198,0.0,74499.98047202933,0.0,0.0,74499.98047202933,0,0,0,0.0
2025-12-31,更新至6:00,96404.08743953198,97054.01332701604,2.2737367544323206e-13,74499.98047202933,842.3018788732962,1.1848442227346823e-12,75342.28235090263,1,0,0,605.5798958510672
2025-12-31,更新至12:00,96404.08743953198,96840.39756449233,2.2737367544323206e-13,74499.98047202933,620.3231889589453,1.2353211786830797e-12,75120.30366098828,2,0,0,774.9637711616137
2025-12-31,更新至18:00,96404.08743953198,96840.39756449233,2.2737367544323206e-13,74499.98047202933,620.3231889589453,1.2353211786830797e-12,75120.30366098828,2,1,0,774.9637711616137
