日期,情景,计划购电量_kWh,调整购电量_kWh,紧急购电量_kWh,计划购电费_元,调整费用_元,紧急购电费_元,总费用_元
2025-02-01,仅0:00预报,38221.338517078184,38221.338517078184,3963.574661000003,20623.88166965426,0.0,18058.790759424683,38682.67242907894
2025-02-01,更新至6:00,38221.338517078184,38221.338517078184,3092.9763499999967,20623.88166965426,0.0,12195.391017516651,32819.27268717091
2025-02-01,更新至12:00,38221.338517078184,39589.71497695473,2415.709849999998,20623.88166965426,894.0912559747243,10178.195418558322,31696.168344187303
2025-02-01,更新至18:00,38221.338517078184,39589.71497695473,2415.7098499999975,20623.88166965426,894.0912559747243,10178.19541855832,31696.168344187303
2025-02-02,仅0:00预报,84399.82723045268,84399.82723045268,2576.3686666666654,52473.59891582315,0.0,12421.47890728333,64895.07782310648
2025-02-02,更新至6:00,84399.82723045268,84652.20785288065,2399.7574643333305,52473.59891582315,272.34828856555043,11860.437868674322,64606.38507306303
2025-02-02,更新至12:00,84399.82723045268,84832.55183436215,2384.643797666664,52473.59891582315,483.5168520605598,11794.176222024322,64751.29198990803
2025-02-02,更新至18:00,84399.82723045268,84832.55183436215,2384.643797666664,52473.59891582315,483.51685206056004,11794.176222024322,64751.29198990803
2025-02-03,仅0:00预报,88036.56763333332,88036.56763333332,2007.2641499999995,55026.69350106,0.0,9403.640538941665,64430.33404000166
2025-02-03,更新至6:00,88036.56763333332,88043.01563333333,1991.1453833333342,55026.69350106,8.548758400002033,10041.881024250004,65077.12328371
2025-02-03,更新至12:00,88036.56763333332,88036.56763333332,1999.4574666666674,55026.69350106,0.0,10082.41905466667,65109.11255572667
2025-02-03,更新至18:00,88036.56763333332,88036.56763333332,1999.4574666666674,55026.69350106,1.0055350685433949e-11,10082.41905466667,65109.11255572668
2025-02-04,仅0:00预报,89295.94271666666,89295.94271666666,2510.832183333332,56045.49893456833,0.0,11580.941265499994,67626.44020006832
2025-02-04,更新至6:00,89295.94271666666,89295.94271666666,2038.5898333333298,56045.49893456833,0.0,9448.832983233315,65494.33191780164
2025-02-04,更新至12:00,89295.94271666666,89295.94271666666,2051.9629166666627,56045.49893456833,7.244125299621373e-14,9513.142858258314,65558.64179282665
2025-02-04,更新至18:00,89295.94271666666,89295.94271666667,2051.9629166666627,56045.49893456833,4.256844476913102e-12,9513.142858258314,65558.64179282665
2025-02-05,仅0:00预报,84644.98419864608,84644.98419864608,4134.430716666668,52740.988818328595,0.0,17377.498426066675,70118.48724439528
2025-02-05,更新至6:00,84644.98419864608,86576.46446797941,2471.1074666666664,52740.988818328595,1912.9713953410915,11557.645464966665,66211.60567863635
2025-02-05,更新至12:00,84644.98419864608,86263.39263464608,2470.5850333333333,52740.988818328595,1522.3334585535915,11592.491801866665,65855.81407874885
2025-02-05,更新至18:00,84644.98419864608,86263.39263464608,2470.5850333333333,52740.988818328595,1522.3334585535952,11592.491801866665,65855.81407874885
2025-02-06,仅0:00预报,90656.13744897119,90656.13744897119,2278.973383333333,56810.75382177823,0.0,10993.60493360833,67804.35875538655
2025-02-06,更新至6:00,90656.13744897119,90656.13744897119,2181.352056499995,56810.75382177823,0.0,10713.712232665644,67524.46605444387
2025-02-06,更新至12:00,90656.13744897119,90656.13744897119,2209.200739833328,56810.75382177823,0.0,10837.024446140644,67647.77826791887
2025-02-06,更新至18:00,90656.13744897119,90656.13744897119,2209.200739833328,56810.75382177823,4.998071290174266e-13,10837.024446140644,67647.77826791887
2025-02-07,仅0:00预报,39553.82654218107,39553.82654218107,2613.041966666666,21144.12139582062,0.0,12311.30095943333,33455.42235525395
2025-02-07,更新至6:00,39553.82654218107,39553.82654218107,1820.0941999999995,21144.12139582062,0.0,8382.887419524997,29527.008815345616
2025-02-07,更新至12:00,39553.82654218107,39553.82654218107,1820.0941999999998,21144.12139582062,0.0,8382.887419524997,29527.008815345616
2025-02-07,更新至18:00,39553.82654218107,39553.82654218107,1820.0941999999995,21144.12139582062,0.0,8382.887419524997,29527.008815345616
2025-02-08,仅0:00预报,35425.13346152263,35425.13346152263,2875.1766833333354,18787.698275624687,0.0,11159.856123183343,29947.55439880803
2025-02-08,更新至6:00,35425.13346152263,36003.88246152263,2418.446266666667,18787.698275624687,670.8928870875026,11139.012220449997,30597.603383162186
2025-02-08,更新至12:00,35425.13346152263,35844.04606152263,2468.7527833333334,18787.698275624687,477.4550999175013,11268.21587155833,30533.36924710052
2025-02-08,更新至18:00,35425.13346152263,35844.04606152263,2468.7527833333334,18787.698275624687,477.4550999175013,11268.21587155833,30533.36924710052
2025-02-09,仅0:00预报,85970.8027563786,85970.8027563786,1594.3492166666665,53829.00157651148,0.0,6664.394069333332,60493.39564584481
2025-02-09,更新至6:00,85970.8027563786,86976.31632613168,1887.152435166668,53829.00157651148,1193.5906432008364,8954.786660137339,63977.37887984965
2025-02-09,更新至12:00,85970.8027563786,86331.0117703786,1887.152435166668,53829.00157651148,428.4967719207989,8954.786660137339,63212.28500856962
2025-02-09,更新至18:00,85970.8027563786,86331.0117703786,1887.1524351666685,53829.00157651148,428.4967719208102,8954.786660137343,63212.28500856963
2025-02-10,仅0:00预报,81685.42790679011,81685.42790679011,1878.1984000000002,50509.65643215722,0.0,8609.294238475002,59118.95067063223
2025-02-10,更新至6:00,81685.42790679011,81685.42790679011,2730.9448853333315,50509.65643215722,1.5980390344338958e-13,13194.087523642658,63703.74395579988
2025-02-10,更新至12:00,81685.42790679011,82933.37679362138,2381.5214353333313,50509.65643215722,1411.950052900703,11497.675420617657,63419.28190567558
2025-02-10,更新至18:00,81685.42790679011,82933.37679362137,2381.5214353333313,50509.65643215722,1411.9500529007046,11497.675420617657,63419.28190567558
2025-02-11,仅0:00预报,82770.11567773044,82770.11567773044,4084.7523666666666,51584.16103331916,0.0,18224.444938775,69808.60597209416
2025-02-11,更新至6:00,82770.11567773044,82770.11567773044,3188.0585380658467,51584.16103331916,1.3728751468988776e-14,15004.31710287058,66588.47813618973
2025-02-11,更新至12:00,82770.11567773044,82770.11567773044,3162.9140047325127,51584.16103331916,0.0,14897.998605512244,66482.1596388314
2025-02-11,更新至18:00,82770.11567773044,82770.11567773044,3162.9140047325163,51584.16103331916,2.2848325897939503e-12,14897.998605512268,66482.15963883142
2025-02-12,仅0:00预报,82719.79079287447,82719.79079287447,1825.8661666666667,51594.483310790165,0.0,8624.711979666667,60219.19529045683
2025-02-12,更新至6:00,82719.79079287447,82719.79079287447,2629.755756500007,51594.483310790165,0.0,13111.920845554869,64706.40415634503
2025-02-12,更新至12:00,82719.79079287447,82719.79079287447,2622.5352898333404,51594.483310790165,7.232188181660604e-14,13080.236967071536,64674.7202778617
2025-02-12,更新至18:00,82719.79079287447,82719.79079287447,2622.5352898333404,51594.483310790165,9.905420483846682e-13,13080.236967071536,64674.7202778617
2025-02-13,仅0:00预报,77352.8109393004,77352.8109393004,2253.243933333337,47298.60311036335,0.0,10686.983196291674,57985.58630665502
2025-02-13,更新至6:00,77352.8109393004,77372.24787996706,2868.7086740391037,47298.60311036335,21.61075797529817,14357.772995502786,61677.986863841434
2025-02-13,更新至12:00,77352.8109393004,78363.04904814812,2711.457057372437,47298.60311036335,1191.5664511656119,13656.971391902785,62147.14095343175
2025-02-13,更新至18:00,77352.8109393004,78363.04904814812,2711.4570573724386,47298.60311036335,1191.566451165615,13656.971391902796,62147.140953431765
2025-02-14,仅0:00预报,35053.60619650205,35053.60619650205,2145.642710905349,18580.440276988455,0.0,8506.12454211121,27086.564819099665
2025-02-14,更新至6:00,35053.60619650205,35738.139996502054,1790.204516666669,18580.440276988455,783.1821230650006,7520.191890808346,26883.814290861803
2025-02-14,更新至12:00,35053.60619650205,35782.129896502054,1799.8090666666692,18580.440276988455,805.3946092049955,7541.374725833348,26927.209612026796
2025-02-14,更新至18:00,35053.60619650205,35782.129896502054,1799.809066666669,18580.440276988455,805.3946092049955,7541.374725833346,26927.209612026796
2025-02-15,仅0:00预报,35272.93437139918,35272.93437139918,2883.532133333334,19071.478976185514,0.0,13341.472953008335,32412.95192919385
2025-02-15,更新至6:00,35272.93437139918,35409.62357139918,2558.459350000001,19071.478976185514,141.45281861999982,9423.330290858337,28636.262085663853
2025-02-15,更新至12:00,35272.93437139918,36252.640371399175,2189.2783000000004,19071.478976185514,689.0180757400011,8156.802568200004,27917.29962012552
2025-02-15,更新至18:00,35272.93437139918,36252.640371399175,2189.2783,19071.478976185514,689.0180757400011,8156.802568200002,27917.299620125516
2025-02-16,仅0:00预报,83983.55094279835,83983.55094279835,2289.8285499999993,52194.90746154703,0.0,10519.471401991665,62714.378863538695
2025-02-16,更新至6:00,83983.55094279835,83983.55094279835,2503.778078666631,52194.90746154703,9.965106073650531e-13,12486.887967238918,64681.79542878595
2025-02-16,更新至12:00,83983.55094279835,83983.55094279835,2519.7249953332966,52194.90746154703,0.0,12549.231194205579,64744.13865575261
2025-02-16,更新至18:00,83983.55094279835,83983.55094279835,2519.7249953332966,52194.90746154703,4.0605328877063585e-12,12549.231194205579,64744.13865575261
2025-02-17,仅0:00预报,83470.8265627572,83470.8265627572,1544.4238333333333,51249.08094626354,0.0,6826.742498516666,58075.8234447802
2025-02-17,更新至6:00,83470.8265627572,83604.34404175718,1338.2710575000006,51249.08094626354,150.73041528254464,7015.348211717086,58415.15957326317
2025-02-17,更新至12:00,83470.8265627572,83470.8265627572,1385.3380908333338,51249.08094626354,0.0,7227.844512842086,58476.92545910562
2025-02-17,更新至18:00,83470.8265627572,83470.82656275728,1385.3380908333338,51249.08094626354,1.8635665810506906e-10,7227.844512842086,58476.92545910581
2025-02-18,仅0:00预报,74806.81433583333,74806.81433583333,4040.04065,45992.52930863216,0.0,15708.496726691665,61701.02603532383
2025-02-18,更新至6:00,74806.81433583333,76110.59914897119,2941.266816666666,45992.52930863216,1024.6078300687284,12738.224250724996,59755.36138942589
2025-02-18,更新至12:00,74806.81433583333,77041.69723312758,2574.571066666667,45992.52930863216,2009.7924494429853,11157.900139241667,59160.22189731681
2025-02-18,更新至18:00,74806.81433583333,77041.69723312758,2574.571066666667,45992.52930863216,2009.7924494429976,11157.900139241667,59160.22189731683
2025-02-19,仅0:00预报,75753.29759418723,75753.29759418723,4170.682766666669,46682.399973501015,0.0,17830.66001358334,64513.05998708436
2025-02-19,更新至6:00,75753.29759418723,75830.2174983539,4098.9669243333365,46682.399973501015,88.34176545938024,18174.442530326174,64945.18426928657
2025-02-19,更新至12:00,75753.29759418723,76849.42665658436,4012.1297743333366,46682.399973501015,1115.7387012848833,17839.45932501784,65637.59799980374
2025-02-19,更新至18:00,75753.29759418723,76849.42665658434,4012.1297743333384,46682.399973501015,1115.7387012848844,17839.45932501785,65637.59799980375
2025-02-20,仅0:00预报,77965.56229933332,77965.56229933332,2190.7479166666662,47685.15891770666,0.0,10294.756191908331,57979.915109614994
2025-02-20,更新至6:00,77965.56229933332,79534.44700468311,2340.418883333332,47685.15891770666,1800.8403087514184,11666.674550583324,61152.673777041404
2025-02-20,更新至12:00,77965.56229933332,78177.512216,2321.315866666665,47685.15891770666,260.9952734674998,11587.783901791658,59533.93809296582
2025-02-20,更新至18:00,77965.56229933332,78177.512216,2321.315866666665,47685.15891770666,260.99527346750284,11587.783901791658,59533.93809296582
2025-02-21,仅0:00预报,33663.921533744855,33663.921533744855,1877.955466666666,17725.62564696613,0.0,7836.416896908331,25562.042543874464
2025-02-21,更新至6:00,33663.921533744855,33746.34993374485,1383.6687609053452,17725.62564696613,91.73568874750103,5969.192154097715,23786.553489811347
2025-02-21,更新至12:00,33663.921533744855,33872.546833744855,1364.2005942386788,17725.62564696613,242.97848171750118,5883.249352247716,23851.85348093135
2025-02-21,更新至18:00,33663.921533744855,33872.546833744855,1364.2005942386786,17725.62564696613,242.97848171750078,5883.249352247715,23851.85348093135
2025-02-22,仅0:00预报,33820.62886831275,33820.62886831275,1931.4435666666654,18058.29903873642,0.0,8052.879911374995,26111.178950111414
2025-02-22,更新至6:00,33820.62886831275,34348.11621666667,1932.2480666666627,18058.29903873642,595.1131682053729,8381.68104034998,27035.093247291774
2025-02-22,更新至12:00,33820.62886831275,33976.83050166666,2021.2051499999961,18058.29903873642,168.33371456637204,8765.841851549982,26992.474604852774
2025-02-22,更新至18:00,33820.62886831275,33976.83050166666,2021.2051499999964,18058.29903873642,168.3337145663717,8765.841851549982,26992.474604852774
2025-02-23,仅0:00预报,77510.8454184465,77510.8454184465,3731.595300000001,47315.92263918992,0.0,17865.90547845834,65181.828117648256
2025-02-23,更新至6:00,77510.8454184465,78341.51826906789,3210.6802666666667,47315.92263918992,1018.5914701457996,15356.011417766666,63690.52552710239
2025-02-23,更新至12:00,77510.8454184465,77939.69129211316,3271.515983333333,47315.92263918992,528.0086136415993,15632.002736549997,63475.93398938152
2025-02-23,更新至18:00,77510.8454184465,77939.69129211316,3271.515983333333,47315.92263918992,528.0086136416019,15632.002736549997,63475.93398938152
2025-02-24,仅0:00预报,73823.07381316871,73823.07381316871,3828.680566666665,45704.505830192196,0.0,15130.387130574993,60834.89296076719
2025-02-24,更新至6:00,73823.07381316871,75134.82016707819,2484.1189,45704.505830192196,873.0941306638862,11797.512428016666,58375.112388872745
2025-02-24,更新至12:00,73823.07381316871,74551.4046111111,2474.1895833333338,45704.505830192196,484.67686915672044,11751.969188291667,57941.15188764058
2025-02-24,更新至18:00,73823.07381316871,74551.4046111111,2474.1895833333338,45704.505830192196,484.6768691567207,11751.969188291667,57941.15188764058
2025-02-25,仅0:00预报,76740.34084362138,76740.34084362138,1372.447983333334,47081.585025128596,0.0,6339.975713591668,53421.56073872026
2025-02-25,更新至6:00,76740.34084362138,77487.17043209876,1676.8973166666656,47081.585025128596,908.5539780686729,8813.466225924994,56803.605229122266
2025-02-25,更新至12:00,76740.34084362138,76740.34084362138,1679.700499999999,47081.585025128596,0.0,8826.450571124995,55908.03559625359
2025-02-25,更新至18:00,76740.34084362138,76740.34084362138,1679.700499999999,47081.585025128596,2.1420305529318284e-12,8826.450571124995,55908.03559625359
2025-02-26,仅0:00预报,69840.53613312758,69840.53613312758,5311.906549999998,42323.214225213924,0.0,22158.16013054999,64481.37435576391
2025-02-26,更新至6:00,69840.53613312758,71527.44973330041,3963.2661833333336,42323.214225213924,1378.998144996044,17669.789550175,61372.001920384966
2025-02-26,更新至12:00,69840.53613312758,72643.1671040823,3754.6787333333336,42323.214225213924,2578.170599616596,16840.61127370833,61741.99609853885
2025-02-26,更新至18:00,69840.53613312758,72643.1671040823,3754.6787333333336,42323.214225213924,2578.1705996166024,16840.61127370833,61741.99609853886
2025-02-27,仅0:00预报,70695.47325925925,70695.47325925925,3641.5796333333365,43341.52303665647,0.0,17132.539749275005,60474.06278593148
2025-02-27,更新至6:00,70695.47325925925,71417.50053102881,3658.5068000000006,43341.52303665647,765.4785495210172,17115.36335035001,61222.3649365275
2025-02-27,更新至12:00,70695.47325925925,71651.64937016666,3493.5678333333367,43341.52303665647,959.5706471897267,16559.321876541682,60860.41556038788
2025-02-27,更新至18:00,70695.47325925925,71651.64937016666,3493.5678333333367,43341.52303665647,959.5706471897332,16559.321876541682,60860.41556038789
2025-02-28,仅0:00预报,32508.672199999997,32508.672199999997,2655.3645166666674,17345.789542391663,0.0,9789.90638466667,27135.695927058332
2025-02-28,更新至6:00,32508.672199999997,32763.620099999996,1711.6390999999999,17345.789542391663,278.30534020249996,7038.586375000001,24662.681257594166
2025-02-28,更新至12:00,32508.672199999997,32763.620099999996,1678.5870999999995,17345.789542391663,278.30534020249996,6931.235407508332,24555.330290102494
2025-02-28,更新至18:00,32508.672199999997,32763.620099999996,1678.5870999999995,17345.789542391663,278.30534020249996,6931.235407508332,24555.330290102494
2025-03-01,仅0:00预报,32356.778452166665,32356.778452166665,2013.0790500000007,17511.965149326883,0.0,8807.176993475003,26319.142142801888
2025-03-01,更新至6:00,32356.778452166665,32356.778452166665,2456.5527000000016,17511.965149326883,0.0,8839.340927541674,26351.306076868557
2025-03-01,更新至12:00,32356.778452166665,33600.98920216667,1735.9443000000006,17511.965149326883,901.1019897000001,6654.267843583338,25067.33498261022
2025-03-01,更新至18:00,32356.778452166665,33600.98920216667,1735.9443,17511.965149326883,901.1019897000001,6654.267843583335,25067.33498261022
2025-03-02,仅0:00预报,77374.23705766667,77374.23705766667,4036.2711000000004,47366.821241487065,0.0,18523.482744066667,65890.30398555374
2025-03-02,更新至6:00,77374.23705766667,78441.11698333333,2326.63845,47366.821241487065,1277.3157121668983,10770.347043983333,59414.4839976373
2025-03-02,更新至12:00,77374.23705766667,78517.64417483333,2271.7892666666667,47366.821241487065,1380.9258767387546,10487.324238733332,59235.071356959146
2025-03-02,更新至18:00,77374.23705766667,78517.64417483333,2271.7892666666667,47366.821241487065,1380.925876738755,10487.324238733332,59235.07135695915
2025-03-03,仅0:00预报,79963.17138065843,79963.17138065843,2248.5450499999997,49118.737125756845,0.0,10166.411226166665,59285.14835192351
2025-03-03,更新至6:00,79963.17138065843,80673.83988065843,2257.4414333333343,49118.737125756845,894.1142891399995,11057.233821158336,61070.08523605518
2025-03-03,更新至12:00,79963.17138065843,80774.23545000001,2092.259200000001,49118.737125756845,969.0803848947266,10347.716345758336,60435.53385640991
2025-03-03,更新至18:00,79963.17138065843,80774.23545000001,2092.259200000001,49118.737125756845,969.0803848947277,10347.716345758336,60435.53385640991
2025-03-04,仅0:00预报,70750.44928456789,70750.44928456789,5256.6419000000005,43060.38214933309,0.0,21481.233121200006,64541.6152705331
2025-03-04,更新至6:00,70750.44928456789,72130.29584317902,3745.765,43060.38214933309,1273.7330914497506,15588.612263900002,59922.72750468284
2025-03-04,更新至12:00,70750.44928456789,72686.66319935184,3375.496933333334,43060.38214933309,1746.4085131545598,14333.664720500003,59140.45538298765
2025-03-04,更新至18:00,70750.44928456789,72686.66319935184,3375.496933333334,43060.38214933309,1746.4085131545633,14333.664720500003,59140.45538298766
2025-03-05,仅0:00预报,74326.74727696707,74326.74727696707,2332.44845,45162.06237272797,0.0,10774.735863624997,55936.798236352966
2025-03-05,更新至6:00,74326.74727696707,74519.38874363374,2058.793162333335,45162.06237272797,253.41316592000015,9716.91359274234,55132.38913139031
2025-03-05,更新至12:00,74326.74727696707,74332.99157696708,2073.5752456666687,45162.06237272797,8.278692939999946,9758.492998675672,54928.83406434364
2025-03-05,更新至18:00,74326.74727696707,74332.99157696708,2073.5752456666687,45162.06237272797,8.278692940000587,9758.492998675672,54928.83406434364
2025-03-06,仅0:00预报,69316.12837037037,69316.12837037037,4413.190983333334,42375.35124209765,0.0,20452.24829115833,62827.599533255976
2025-03-06,更新至6:00,69316.12837037037,69316.12837037037,3527.592699333333,42375.35124209765,0.0,15912.105388272332,58287.45663036998
2025-03-06,更新至12:00,69316.12837037037,70016.36893436214,3429.924666,42375.35124209765,556.9316732401851,15528.065178514,58460.34809385183
2025-03-06,更新至18:00,69316.12837037037,70016.36893436214,3429.924666,42375.35124209765,556.9316732401867,15528.065178514,58460.34809385183
2025-03-07,仅0:00预报,31521.209254526744,31521.209254526744,1526.3561333333337,17107.876272460988,0.0,6390.836808591667,23498.713081052654
2025-03-07,更新至6:00,31521.209254526744,31521.209254526744,1931.9022166666664,17107.876272460988,0.0,7757.890274641666,24865.766547102656
2025-03-07,更新至12:00,31521.209254526744,31976.072454526737,1649.2441000000003,17107.876272460988,287.2923552749952,6709.326965983337,24104.495593719323
2025-03-07,更新至18:00,31521.209254526744,31976.072454526737,1649.2441000000001,17107.876272460988,287.2923552749952,6709.326965983335,24104.49559371932
2025-03-08,仅0:00预报,30757.892549999997,30757.892549999997,1664.0392263374483,16420.63431951333,0.0,6684.11680126965,23104.75112078298
2025-03-08,更新至6:00,30757.892549999997,30824.106399999997,1736.9625333333333,16420.63431951333,73.47223003999937,7231.370022249999,23725.47657180333
2025-03-08,更新至12:00,30757.892549999997,31949.547989666666,1509.0010500000003,16420.63431951333,859.0979026950981,6225.250790600002,23504.983012808432
2025-03-08,更新至18:00,30757.892549999997,31949.547989666666,1509.0010499999999,16420.63431951333,859.0979026950984,6225.250790599999,23504.98301280843
2025-03-09,仅0:00预报,73464.9813781111,73464.9813781111,2924.538900000002,44648.23808924535,0.0,13786.96822565001,58435.20631489536
2025-03-09,更新至6:00,73464.9813781111,73464.9813781111,2537.6189996666676,44648.23808924535,0.0,12064.81394045817,56713.052029703525
2025-03-09,更新至12:00,73464.9813781111,75346.61434366666,2110.661316333335,44648.23808924535,2152.2451136106615,10131.931469366506,56932.41467222252
2025-03-09,更新至18:00,73464.9813781111,75346.61434366666,2110.6613163333345,44648.23808924535,2152.245113610662,10131.931469366506,56932.41467222252
2025-03-10,仅0:00预报,70684.44720563167,70684.44720563167,4572.737433333334,42543.11561869293,0.0,21015.181697216663,63558.29731590959
2025-03-10,更新至6:00,70684.44720563167,70734.29404279834,3655.005299999999,42543.11561869293,51.58399944192398,16273.278857699996,58867.97847583485
2025-03-10,更新至12:00,70684.44720563167,71965.08966687243,3404.1321666666663,42543.11561869293,1241.229006825843,15223.194063799998,59007.53868931877
2025-03-10,更新至18:00,70684.44720563167,71965.08966687243,3404.1321666666663,42543.11561869293,1241.2290068258449,15223.194063799998,59007.53868931877
2025-03-11,仅0:00预报,61363.84376748971,61363.84376748971,8871.2017,38130.515527422234,0.0,36160.68115336667,74291.19668078891
2025-03-11,更新至6:00,61363.84376748971,69586.074486286,3507.233316666666,38130.515527422234,6348.018958072086,16191.14328408333,60669.67776957765
2025-03-11,更新至12:00,61363.84376748971,67570.4576,3597.569316666666,38130.515527422234,4337.069888772871,16559.18116845833,59026.76658465344
2025-03-11,更新至18:00,61363.84376748971,67570.4576,3597.5693166666665,38130.515527422234,4337.06988877288,16559.181168458334,59026.76658465345
2025-03-12,仅0:00预报,71617.0534329218,71617.0534329218,2565.7046666666665,43714.6803294338,0.0,12010.083246583334,55724.76357601714
2025-03-12,更新至6:00,71617.0534329218,71617.0534329218,2409.6495999999997,43714.6803294338,3.981337926006745e-13,11037.059832183333,54751.740161617134
2025-03-12,更新至12:00,71617.0534329218,73785.61901790123,1832.7681166666669,43714.6803294338,2265.4081414804987,8592.632559450003,54572.7210303643
2025-03-12,更新至18:00,71617.0534329218,73785.61901790123,1832.7681166666669,43714.6803294338,2265.4081414804996,8592.632559450003,54572.7210303643
2025-03-13,仅0:00预报,72088.1001845679,72088.1001845679,3312.997166666669,43822.19808757475,0.0,13948.283331458342,57770.48141903309
2025-03-13,更新至6:00,72088.1001845679,72479.62974259259,2401.4941813333326,43822.19808757475,460.90434405009177,11219.553085916996,55502.65551754183
2025-03-13,更新至12:00,72088.1001845679,72834.97030370371,2336.2120646666654,43822.19808757475,686.9078053542681,11003.261293283662,55512.36718621268
2025-03-13,更新至18:00,72088.1001845679,72834.97030370371,2336.2120646666663,43822.19808757475,686.9078053542686,11003.261293283666,55512.36718621268
2025-03-14,仅0:00预报,29803.645445166665,29803.645445166665,2012.8140999999994,15838.412646362418,0.0,7375.397031616665,23213.809677979083
2025-03-14,更新至6:00,29803.645445166665,30340.828345166665,1482.6225214999988,15838.412646362418,633.1811224074982,5785.366755897664,22256.96052466758
2025-03-14,更新至12:00,29803.645445166665,30484.79344516666,1402.9954214999993,15838.412646362418,650.2646839349966,5508.909390347665,21997.58672064508
2025-03-14,更新至18:00,29803.645445166665,30484.79344516666,1402.9954214999993,15838.412646362418,650.2646839349966,5508.909390347665,21997.58672064508
2025-03-15,仅0:00预报,30439.637749999994,30439.637749999994,1705.79920925926,16196.802545386668,0.0,6711.944180049076,22908.746725435743
2025-03-15,更新至6:00,30439.637749999994,31072.576383333333,1572.8145123333352,16196.802545386668,743.2546201025001,6634.5056545576745,23574.56282004684
2025-03-15,更新至12:00,30439.637749999994,30796.315772333328,1576.7272956666684,16196.802545386668,445.2809042068005,6643.409193032674,23285.492642626145
2025-03-15,更新至18:00,30439.637749999994,30796.315772333328,1576.7272956666684,16196.802545386668,445.2809042068005,6643.409193032674,23285.492642626145
2025-03-16,仅0:00预报,68704.55932366254,68704.55932366254,4252.878016666668,42088.589808750185,0.0,19759.496858591672,61848.08666734186
2025-03-16,更新至6:00,68704.55932366254,70570.35190185186,3144.9653666666673,42088.589808750185,1382.4894022943545,15011.733831600004,58482.81304264454
2025-03-16,更新至12:00,68704.55932366254,69949.98766851852,3145.974533333334,42088.589808750185,935.8454684493541,15016.408291600004,58040.843568799544
2025-03-16,更新至18:00,68704.55932366254,69949.98766851852,3145.974533333334,42088.589808750185,935.845468449355,15016.408291600004,58040.843568799544
2025-03-17,仅0:00预报,63589.03156172838,63589.03156172838,3481.1264833333335,38691.57068670746,0.0,16255.700262825003,54947.27094953247
2025-03-17,更新至6:00,63589.03156172838,63589.03156172838,3450.601433333333,38691.57068670746,2.242363095206201e-12,15324.424234424996,54015.99492113246
2025-03-17,更新至12:00,63589.03156172838,65803.31193600822,2519.478916666667,38691.57068670746,2209.919872455799,11446.379311008333,52347.8698701716
2025-03-17,更新至18:00,63589.03156172838,65803.31193600822,2519.4789166666674,38691.57068670746,2209.919872455804,11446.379311008333,52347.8698701716
2025-03-18,仅0:00预报,72331.98503766666,72331.98503766666,1566.6032500000003,43806.44397844986,0.0,6972.347067025001,50778.79104547486
2025-03-18,更新至6:00,72331.98503766666,72578.24764527983,1766.7718996666695,43806.44397844986,266.6596518293807,8337.132059469513,52410.235689748755
2025-03-18,更新至12:00,72331.98503766666,72331.98503766666,1766.7718996666695,43806.44397844986,0.0,8337.132059469513,52143.576037919374
2025-03-18,更新至18:00,72331.98503766666,72331.98503766666,1766.7718996666695,43806.44397844986,6.3697143559693356e-12,8337.132059469513,52143.57603791938
2025-03-19,仅0:00预报,58696.642644855965,58696.642644855965,7331.605466666666,36385.87316963302,0.0,30975.881221375,67361.75439100803
2025-03-19,更新至6:00,58696.642644855965,64238.0193835679,4899.528399999997,36385.87316963302,4510.641121415581,21702.49013184166,62599.00442289026
2025-03-19,更新至12:00,58696.642644855965,63271.174676366245,4899.528399999997,36385.87316963302,3420.1331470508567,21702.49013184166,61508.49644852554
2025-03-19,更新至18:00,58696.642644855965,63271.174676366245,4899.528399999997,36385.87316963302,3420.133147050863,21702.49013184166,61508.49644852554
2025-03-20,仅0:00预报,67445.61404686215,67445.61404686215,6059.487266666668,41663.25466204186,0.0,27352.341274825005,69015.59593686686
2025-03-20,更新至6:00,67445.61404686215,67445.61404686215,4241.278454166666,41663.25466204186,1.20508047984913e-13,18345.230024064578,60008.484686106436
2025-03-20,更新至12:00,67445.61404686215,69340.33744266667,3073.341370833332,41663.25466204186,1964.4463627186194,13490.573528931243,57118.27455369172
2025-03-20,更新至18:00,67445.61404686215,69340.33744266667,3073.341370833332,41663.25466204186,1964.4463627186246,13490.573528931243,57118.27455369173
2025-03-21,仅0:00预报,29545.726061666668,29545.726061666668,1324.2985999999999,15652.019998656333,0.0,5631.672065608333,21283.692064264666
2025-03-21,更新至6:00,29545.726061666668,29645.298261666667,1455.0092833333335,15652.019998656333,124.47520721999938,6145.304730716667,21921.799936593
2025-03-21,更新至12:00,29545.726061666668,29923.2768,1224.5565333333332,15652.019998656333,346.37138263325016,5191.404549399999,21189.795930689583
2025-03-21,更新至18:00,29545.726061666668,29923.2768,1224.5565333333332,15652.019998656333,346.37138263325016,5191.404549399999,21189.795930689583
2025-03-22,仅0:00预报,29891.111149999997,29891.111149999997,1340.0817500000003,15892.12049225,0.0,5307.445420308334,21199.565912558333
2025-03-22,更新至6:00,29891.111149999997,29891.111149999997,2270.3268333333344,15892.12049225,0.0,8184.647928866669,24076.76842111667
2025-03-22,更新至12:00,29891.111149999997,31513.3179,1336.7000166666678,15892.12049225,1428.456933985001,5186.628031425004,22507.205457660006
2025-03-22,更新至18:00,29891.111149999997,31513.3179,1336.7000166666671,15892.12049225,1428.4569339850007,5186.628031425001,22507.205457660002
2025-03-23,仅0:00预报,69613.16473401646,69613.16473401646,1925.9212333333335,42277.525020154746,0.0,8530.079071441665,50807.60409159641
2025-03-23,更新至6:00,69613.16473401646,69613.16473401646,1694.4904546666648,42277.525020154746,0.0,8003.7921308293235,50281.31715098407
2025-03-23,更新至12:00,69613.16473401646,69613.16473401646,1701.1866213333315,42277.525020154746,0.0,8040.414615412657,50317.9396355674
2025-03-23,更新至18:00,69613.16473401646,69613.16473401646,1701.1866213333315,42277.525020154746,0.0,8040.414615412657,50317.9396355674
2025-03-24,仅0:00预报,64873.0866329218,64873.0866329218,2600.5343833333345,39207.63636771921,0.0,11856.841460950003,51064.477828669216
2025-03-24,更新至6:00,64873.0866329218,65627.04443539094,2433.5099666666665,39207.63636771921,798.3321561592631,11300.379500491665,51306.348024370134
2025-03-24,更新至12:00,64873.0866329218,65710.06073168723,2419.7793166666243,39207.63636771921,918.7246972153742,11247.237866083211,51373.5989310178
2025-03-24,更新至18:00,64873.0866329218,65710.06073168723,2419.779316666625,39207.63636771921,918.724697215381,11247.237866083216,51373.59893101781
2025-03-25,仅0:00预报,73064.99094053498,73064.99094053498,1852.2912166666672,44245.365602937425,0.0,8375.549262783336,52620.91486572076
2025-03-25,更新至6:00,73064.99094053498,73067.76284053497,2261.0240166666654,44245.365602937425,4.288198597500289,10574.62908536666,54824.28288690159
2025-03-25,更新至12:00,73064.99094053498,74581.35370658434,1623.2582833333327,44245.365602937425,1665.6389114073463,7812.429628916662,53723.43414326143
2025-03-25,更新至18:00,73064.99094053498,74581.35370658434,1623.2582833333327,44245.365602937425,1665.638911407354,7812.429628916662,53723.43414326144
2025-03-26,仅0:00预报,62064.5648510288,62064.5648510288,5070.120649999997,38471.134354126625,0.0,23062.795875899992,61533.93023002661
2025-03-26,更新至6:00,62064.5648510288,62066.25165102881,3065.8560666666663,38471.134354126625,2.6095217700006237,14319.439967124998,52793.18384302162
2025-03-26,更新至12:00,62064.5648510288,62064.5648510288,3121.8445999999976,38471.134354126625,0.0,14564.845257866655,53035.97961199328
2025-03-26,更新至18:00,62064.5648510288,62064.5648510288,3121.8445999999976,38471.134354126625,6.426091658795485e-13,14564.845257866655,53035.97961199328
2025-03-27,仅0:00预报,66325.18131831275,66325.18131831275,2384.811549999999,40196.225130810795,0.0,9843.579204716663,50039.80433552746
2025-03-27,更新至6:00,66325.18131831275,66924.87804444444,3506.014133333333,40196.225130810795,741.7043086103724,15391.881162158332,56329.8106015795
2025-03-27,更新至12:00,66325.18131831275,66325.18131831277,3529.525583333333,40196.225130810795,2.9895318220951593e-12,15475.405306891666,55671.630437702464
2025-03-27,更新至18:00,66325.18131831275,66325.18131831275,3529.525583333333,40196.225130810795,4.256844476913102e-12,15475.405306891666,55671.630437702464
2025-03-28,仅0:00预报,29477.226916666667,29477.226916666667,1547.04775,15500.042267888333,0.0,6465.325489841667,21965.36775773
2025-03-28,更新至6:00,29477.226916666667,29477.226916666667,1317.1657833333331,15500.042267888333,0.0,5073.688498116666,20573.730766005
2025-03-28,更新至12:00,29477.226916666667,29477.226916666667,1008.0576166666674,15500.042267888333,0.0,3910.3953323166697,19410.437600205005
2025-03-28,更新至18:00,29477.226916666667,29477.226916666667,1008.0576166666674,15500.042267888333,0.0,3910.3953323166697,19410.437600205005
2025-03-29,仅0:00预报,28748.428566666662,28748.428566666662,1224.4037999999996,15023.810160919998,0.0,5047.876406183333,20071.68656710333
2025-03-29,更新至6:00,28748.428566666662,29120.95106666666,1086.8816999999997,15023.810160919998,497.47271762000094,4396.919480899999,19918.202359439998
2025-03-29,更新至12:00,28748.428566666662,29010.93146666666,1015.9209499999995,15023.810160919998,348.55172505999957,4099.175943274998,19471.537829254994
2025-03-29,更新至18:00,28748.428566666662,29010.93146666666,1015.9209499999995,15023.810160919998,348.5517250600044,4099.175943274998,19471.537829255
2025-03-30,仅0:00预报,65379.30489238682,65379.30489238682,2300.8001666666714,39413.68794907999,0.0,9769.089317925009,49182.777267005
2025-03-30,更新至6:00,65379.30489238682,65386.88669238682,1644.2954000000045,39413.68794907999,11.72923414500062,7355.829169291675,46781.24635251667
2025-03-30,更新至12:00,65379.30489238682,65379.30489238682,1736.3771333333334,39413.68794907999,5.963340754533419e-12,7790.405959841665,47204.09390892166
2025-03-30,更新至18:00,65379.30489238682,65379.30489238682,1736.377133333338,39413.68794907999,6.426091658795485e-13,7790.405959841675,47204.09390892167
2025-03-31,仅0:00预报,55252.92561563786,55252.92561563786,7223.877633333332,34662.24507696623,0.0,30729.453285458323,65391.698362424555
2025-03-31,更新至6:00,55252.92561563786,63423.26906604938,3596.060400000001,34662.24507696623,7002.406198468303,16522.059050366664,58186.71032580119
2025-03-31,更新至12:00,55252.92561563786,59590.76366816872,3793.039000000001,34662.24507696623,3006.1123554452233,17364.9187554,55033.276187811454
2025-03-31,更新至18:00,55252.92561563786,59590.76366816872,3793.039000000001,34662.24507696623,3006.112355445224,17364.9187554,55033.276187811454
2025-04-01,仅0:00预报,69315.52392489712,69315.52392489712,2213.803866666667,41250.41726944636,0.0,9391.889986483335,50642.3072559297
2025-04-01,更新至6:00,69315.52392489712,70590.79847716048,1455.137833833337,41250.41726944636,1303.4420856391364,6409.641475656348,48963.50083074185
2025-04-01,更新至12:00,69315.52392489712,69764.65150411522,1456.9799671666701,41250.41726944636,467.4976423284197,6419.4140114730135,48137.32892324779
2025-04-01,更新至18:00,69315.52392489712,69764.65150411522,1456.979967166672,41250.41726944636,467.49764232842045,6419.4140114730235,48137.328923247806
2025-04-02,仅0:00预报,65847.65107860081,65847.65107860081,2559.0703999999987,39353.23322477691,0.0,11282.155015824996,50635.388240601904
2025-04-02,更新至6:00,65847.65107860081,67117.14767098764,2314.8357326666655,39353.23322477691,1412.6418480829632,10591.054560735662,51356.92963359553
2025-04-02,更新至12:00,65847.65107860081,66119.93946728394,2394.2634326666644,39353.23322477691,274.3003713287993,10903.750588860657,50531.28418496637
2025-04-02,更新至18:00,65847.65107860081,66119.93946728396,2394.263432666666,39353.23322477691,274.30037132879954,10903.750588860667,50531.284184966375
2025-04-03,仅0:00预报,66839.3950265432,66839.3950265432,1772.449716666666,40674.99611772249,0.0,7753.079685116665,48428.07580283916
2025-04-03,更新至6:00,66839.3950265432,66839.3950265432,2049.77587616667,40674.99611772249,1.0250801096844953e-12,9281.013955973018,49956.01007369551
2025-04-03,更新至12:00,66839.3950265432,66839.3950265432,2031.8855928333364,40674.99611772249,0.0,9224.691809489683,49899.68792721217
2025-04-03,更新至18:00,66839.3950265432,66839.3950265432,2031.8855928333364,40674.99611772249,9.853340543486411e-12,9224.691809489683,49899.68792721218
2025-04-04,仅0:00预报,27862.5575,27862.5575,1325.1310500000016,14479.135829651666,0.0,5301.455232491669,19780.591062143336
2025-04-04,更新至6:00,27862.5575,27862.5575,1425.1285500000013,14479.135829651666,0.0,5714.885658208335,20194.02148786
2025-04-04,更新至12:00,27862.5575,27926.07630666667,1239.2178833333348,14479.135829651666,83.14227710550065,4877.36464631667,19439.642753073837
2025-04-04,更新至18:00,27862.5575,27926.07630666667,1239.2178833333348,14479.135829651666,83.14227710550065,4877.36464631667,19439.642753073837
2025-04-05,仅0:00预报,27988.533499999998,27988.533499999998,2782.180950000001,14592.461861604997,0.0,11456.4156434,26048.877505004995
2025-04-05,更新至6:00,27988.533499999998,28104.180699999997,1681.0912666666668,14592.461861604997,144.57056471999934,6501.178740000001,21238.211166324996
2025-04-05,更新至12:00,27988.533499999998,28133.457383999994,1483.126683333333,14592.461861604997,182.09283909990035,5855.330308025,20629.885008729896
2025-04-05,更新至18:00,27988.533499999998,28133.457383999994,1483.126683333333,14592.461861604997,182.09283909990035,5855.330308025,20629.885008729896
2025-04-06,仅0:00预报,62113.443023868305,62113.443023868305,2566.5057333333325,37399.23214400166,0.0,11546.532512966663,48945.76465696833
2025-04-06,更新至6:00,62113.443023868305,62414.455323868315,2138.2011491769526,37399.23214400166,411.67323882750395,8961.742688901428,46772.6480717306
2025-04-06,更新至12:00,62113.443023868305,63954.67221831275,1853.1083825102855,37399.23214400166,1999.6963628699045,7804.532239693093,47203.460746564655
2025-04-06,更新至18:00,62113.443023868305,63954.67221831275,1853.1083825102855,37399.23214400166,1999.6963628699045,7804.532239693093,47203.460746564655
2025-04-07,仅0:00预报,54277.75763230452,54277.75763230452,4590.566583333331,33244.5131288258,0.0,19356.293265249995,52600.80639407579
2025-04-07,更新至6:00,54277.75763230452,57268.68948395061,4170.2986833333325,33244.5131288258,2988.5416656928387,19140.547187824995,55373.60198234363
2025-04-07,更新至12:00,54277.75763230452,56128.56031661316,4244.215166666666,33244.5131288258,1863.1396944777907,19459.900746258332,54567.55356956192
2025-04-07,更新至18:00,54277.75763230452,56128.56031661317,4244.215166666666,33244.5131288258,1863.1396944777928,19459.900746258332,54567.553569561926
2025-04-08,仅0:00预报,63903.60654032921,63903.60654032921,2936.739233333333,38927.953007064745,0.0,13254.912991283332,52182.865998348076
2025-04-08,更新至6:00,63903.60654032921,64252.64384032922,1876.0465236666607,38927.953007064745,476.93651982500296,8378.945061913642,47783.83458880339
2025-04-08,更新至12:00,63903.60654032921,64010.110640329214,1736.3588570000177,38927.953007064745,141.67169033000053,7744.9927777304065,46814.61747512515
2025-04-08,更新至18:00,63903.60654032921,64010.110640329214,1736.3588570000177,38927.953007064745,141.67169033000565,7744.9927777304065,46814.61747512515
2025-04-09,仅0:00预报,62263.47112304526,62263.47112304526,5513.071666666668,37988.523614533435,0.0,22960.027200466666,60948.5508150001
2025-04-09,更新至6:00,62263.47112304526,63986.6358426502,3447.2425666666677,37988.523614533435,1232.7111476191362,14962.057681158338,54183.29244331091
2025-04-09,更新至12:00,62263.47112304526,63526.47609773662,3439.173450000001,37988.523614533435,952.1616617052766,14925.57155336667,53866.25682960538
2025-04-09,更新至18:00,62263.47112304526,63526.47609773662,3439.173450000001,37988.523614533435,952.1616617052774,14925.57155336667,53866.25682960538
2025-04-10,仅0:00预报,60325.66939794239,60325.66939794239,3309.270833333332,37424.63291967889,0.0,14499.672397599994,51924.30531727888
2025-04-10,更新至6:00,60325.66939794239,61790.7961399177,3123.8707166666663,37424.63291967889,964.7583506182434,13755.775433749997,52145.16670404712
2025-04-10,更新至12:00,60325.66939794239,60784.97408127572,3195.8307333333332,37424.63291967889,305.34575348,14080.676979083331,51810.65565224222
2025-04-10,更新至18:00,60325.66939794239,60784.97408127572,3195.8307333333332,37424.63291967889,305.34575348000146,14080.676979083331,51810.65565224222
2025-04-11,仅0:00预报,26995.24498333333,26995.24498333333,1830.628933333333,13873.682679903333,0.0,7249.384479666665,21123.067159569997
2025-04-11,更新至6:00,26995.24498333333,27595.819683333335,1360.7449166666665,13873.682679903333,793.8953394600009,5282.509758325,19950.087777688335
2025-04-11,更新至12:00,26995.24498333333,27257.312883333332,1415.1700999999998,13873.682679903333,336.357749459999,5497.063596183332,19707.104025546665
2025-04-11,更新至18:00,26995.24498333333,27257.312883333332,1415.1700999999998,13873.682679903333,336.357749459998,5497.063596183332,19707.104025546665
2025-04-12,仅0:00预报,27316.930623,27316.930623,1289.7886000000003,14323.398007981235,0.0,4870.873447416668,19194.271455397902
2025-04-12,更新至6:00,27316.930623,27316.930623,1520.7730333333343,14323.398007981235,0.0,5586.762874125004,19910.16088210624
2025-04-12,更新至12:00,27316.930623,27454.219949999995,1530.2842166666674,14323.398007981235,89.38025903454705,5362.479992916672,19775.258259932456
2025-04-12,更新至18:00,27316.930623,27454.21995,1530.284216666667,14323.398007981235,89.38025903455379,5362.479992916668,19775.258259932456
2025-04-13,仅0:00预报,57223.67994032921,57223.67994032921,3541.266933333333,35028.49187919422,0.0,15159.068907941666,50187.56078713588
2025-04-13,更新至6:00,57223.67994032921,57223.67994032921,3469.1653499999975,35028.49187919422,0.0,15000.693994899992,50029.18587409421
2025-04-13,更新至12:00,57223.67994032921,58359.99273332921,3140.3515499999985,35028.49187919422,775.7547865427599,13566.857392866661,49371.10405860364
2025-04-13,更新至18:00,57223.67994032921,58359.99273332921,3140.3515499999985,35028.49187919422,775.7547865427637,13566.857392866661,49371.10405860364
2025-04-14,仅0:00预报,61901.19031358026,61901.19031358026,2360.976866666666,37801.7528117125,0.0,9540.955848974998,47342.708660687495
2025-04-14,更新至6:00,61901.19031358026,61901.19031358026,2717.123099999999,37801.7528117125,0.0,11033.64421815833,48835.39702987083
2025-04-14,更新至12:00,61901.19031358026,62692.054860699594,2105.1198333333323,37801.7528117125,720.93037052161,8568.65766665833,47091.34084889243
2025-04-14,更新至18:00,61901.19031358026,62692.0548606996,2105.1198333333323,37801.7528117125,720.9303705216123,8568.65766665833,47091.34084889244
2025-04-15,仅0:00预报,51705.757052469125,51705.757052469125,4392.212566666669,32223.153639071475,0.0,18532.55839997501,50755.712039046484
2025-04-15,更新至6:00,51705.757052469125,55411.10215555556,3474.339100000002,32223.153639071475,3432.333118324508,15584.368805591675,51239.855562987665
2025-04-15,更新至12:00,51705.757052469125,53697.84417448559,3601.519516666669,32223.153639071475,1732.5199399290404,16122.390357991677,50078.0639369922
2025-04-15,更新至18:00,51705.757052469125,53697.844174485595,3601.519516666669,32223.153639071475,1732.5199399290445,16122.390357991677,50078.0639369922
2025-04-16,仅0:00预报,59231.42619666667,59231.42619666667,3236.760933333333,35569.567845905665,0.0,13371.812759658329,48941.380605563994
2025-04-16,更新至6:00,59231.42619666667,61676.48450160494,3561.6179833333345,35569.567845905665,2770.4452497785196,15953.56474241667,54293.57783810085
2025-04-16,更新至12:00,59231.42619666667,60478.01971683127,3819.267550000001,35569.567845905665,1462.1098340154635,16511.56259211667,53543.2402720378
2025-04-16,更新至18:00,59231.42619666667,60478.019716831295,3819.267550000001,35569.567845905665,1462.109834015507,16511.56259211667,53543.240272037845
2025-04-17,仅0:00预报,52434.10586646091,52434.10586646091,6741.549516666666,33197.748905822475,0.0,27242.65985523333,60440.408761055805
2025-04-17,更新至6:00,52434.10586646091,57487.27815246914,3396.776416666665,33197.748905822475,3867.3922964606445,14702.202740166662,51767.343942449785
2025-04-17,更新至12:00,52434.10586646091,55983.29728127572,3431.124833333332,33197.748905822475,2796.204775764721,14839.754267783328,50833.707949370524
2025-04-17,更新至18:00,52434.10586646091,55983.29728127572,3431.124833333335,33197.748905822475,2796.2047757647333,14839.754267783348,50833.70794937055
2025-04-18,仅0:00预报,26199.902516666665,26199.902516666665,2154.61975,13356.378805208336,0.0,8582.188689183331,21938.567494391667
2025-04-18,更新至6:00,26199.902516666665,26278.736416666667,1728.1709999999998,13356.378805208336,98.55025838999907,6656.092689741665,20111.02175334
2025-04-18,更新至12:00,26199.902516666665,26327.387644,1694.7071666666666,13356.378805208336,162.33819768079496,6500.731666841665,20019.448669730795
2025-04-18,更新至18:00,26199.902516666665,26327.387644,1694.7071666666666,13356.378805208336,162.33819768079496,6500.731666841665,20019.448669730795
2025-04-19,仅0:00预报,25948.146977833334,25948.146977833334,2060.9851499999995,12994.018136968683,0.0,8057.786488958331,21051.804625927012
2025-04-19,更新至6:00,25948.146977833334,25948.146977833334,1932.7696059670807,12994.018136968683,0.0,7505.133912752479,20499.15204972116
2025-04-19,更新至12:00,25948.146977833334,26477.26471666667,1209.6878999999985,12994.018136968683,718.2848588669777,4297.17415421666,18009.47715005232
2025-04-19,更新至18:00,25948.146977833334,26477.26471666667,1209.6878999999985,12994.018136968683,718.2848588669765,4297.17415421666,18009.47715005232
2025-04-20,仅0:00预报,53709.50992037037,53709.50992037037,5192.085616666667,33014.67341527611,0.0,20649.87427699167,53664.547692267784
2025-04-20,更新至6:00,53709.50992037037,54815.847427592584,3896.7398833333323,33014.67341527611,785.0725868943315,17337.150709658326,51136.89671182877
2025-04-20,更新至12:00,53709.50992037037,55284.33836934157,3864.564233333331,33014.67341527611,1320.3578447054342,16822.785875774993,51157.81713575654
2025-04-20,更新至18:00,53709.50992037037,55284.33836934156,3864.564233333331,33014.67341527611,1320.3578447054351,16822.785875774993,51157.817135756544
2025-04-21,仅0:00预报,58592.04100370371,58592.04100370371,3047.524016666667,35628.39247682555,0.0,12860.216292050001,48488.60876887555
2025-04-21,更新至6:00,58592.04100370371,58592.04100370371,3458.4523481666647,35628.39247682555,0.0,14391.452198062656,50019.84467488821
2025-04-21,更新至12:00,58592.04100370371,58592.04100370371,3373.484864833332,35628.39247682555,0.0,14198.407083804323,49826.79956062988
2025-04-21,更新至18:00,58592.04100370371,58592.04100370371,3373.484864833332,35628.39247682555,6.426091658795485e-13,14198.407083804323,49826.79956062988
2025-04-22,仅0:00预报,52398.30085884774,52398.30085884774,6124.78345,32156.255505961046,0.0,21850.100792066663,54006.356298027706
2025-04-22,更新至6:00,52398.30085884774,56758.513076954725,3588.6187666666674,32156.255505961046,3945.767225144908,15772.142060516671,51874.16479162263
2025-04-22,更新至12:00,52398.30085884774,55346.61952345679,3882.617800000001,32156.255505961046,2639.0758429357466,16529.870496050004,51325.201844946794
2025-04-22,更新至18:00,52398.30085884774,55346.61952345679,3882.617800000001,32156.255505961046,2639.075842935747,16529.870496050004,51325.201844946794
2025-04-23,仅0:00预报,50325.45328662552,50325.45328662552,6932.099116666638,31264.10067813072,0.0,26208.46685683319,57472.567534963906
2025-04-23,更新至6:00,50325.45328662552,54244.57091995884,3468.2747666666664,31264.10067813072,3193.0272717649937,14325.921645166669,48783.04959506239
2025-04-23,更新至12:00,50325.45328662552,55065.98759609053,3060.8448333333336,31264.10067813072,3840.3518003853646,12641.40675524167,47745.85923375776
2025-04-23,更新至18:00,50325.45328662552,55065.98759609053,3060.8448333333336,31264.10067813072,3840.351800385365,12641.40675524167,47745.85923375776
2025-04-24,仅0:00预报,51467.500667283944,51467.500667283944,4179.156000000001,32078.733504657037,0.0,13774.85554305,45853.589047707035
2025-04-24,更新至6:00,51467.500667283944,51752.600567283946,4711.601700000001,32078.733504657037,346.5067463399995,16975.67156311667,49400.91181411371
2025-04-24,更新至12:00,51467.500667283944,53930.84646728395,3848.607250000001,32078.733504657037,2217.664486515,14638.46372416667,48934.86171533871
2025-04-24,更新至18:00,51467.500667283944,53930.84646728395,3848.607250000001,32078.733504657037,2217.6644865150065,14638.46372416667,48934.86171533872
2025-04-25,仅0:00预报,26033.2590375,26033.2590375,1689.1510166666662,13558.665851009582,0.0,6235.2518044166645,19793.917655426245
2025-04-25,更新至6:00,26033.2590375,26120.94642933333,1661.7834999999993,13558.665851009582,120.69708405084681,6153.44438513333,19832.80732019376
2025-04-25,更新至12:00,26033.2590375,26069.19922933333,1497.3091666666664,13558.665851009582,44.9288338108493,5418.114844916665,19021.709529737098
2025-04-25,更新至18:00,26033.2590375,26069.19922933333,1497.3091666666664,13558.665851009582,44.9288338108493,5418.114844916665,19021.709529737098
2025-04-26,仅0:00预报,25851.196516666663,25851.196516666663,1806.3035253086416,13261.76455985333,0.0,6787.63372970648,20049.39828955981
2025-04-26,更新至6:00,25851.196516666663,25851.196516666663,1915.682096296297,13261.76455985333,0.0,7302.842167606485,20564.606727459817
2025-04-26,更新至12:00,25851.196516666663,25954.299732666666,1421.374696296297,13261.76455985333,136.12287113360503,5070.2368050898185,18468.124236076754
2025-04-26,更新至18:00,25851.196516666663,25954.299732666666,1421.374696296297,13261.76455985333,136.12287113360503,5070.2368050898185,18468.124236076754
2025-04-27,仅0:00预报,49749.519724666665,49749.519724666665,5796.8507666666665,31208.245545466198,0.0,23714.069816141666,54922.31536160786
2025-04-27,更新至6:00,49749.519724666665,52499.234151004115,3230.4628166666653,31208.245545466198,2835.191469575312,13610.600571966661,47654.03758700818
2025-04-27,更新至12:00,49749.519724666665,53438.974051004116,2964.980333333333,31208.245545466198,3603.3187212128123,12439.939173249999,47251.50343992901
2025-04-27,更新至18:00,49749.519724666665,53438.974051004116,2964.980333333333,31208.245545466198,3603.3187212128123,12439.939173249999,47251.50343992901
2025-04-28,仅0:00预报,60245.63419074074,60245.63419074074,4456.965049999999,36209.89659109765,0.0,19593.442581291663,55803.339172389315
2025-04-28,更新至6:00,60245.63419074074,63097.48041995884,3098.205883333333,36209.89659109765,2212.139495523917,13184.313279808332,51606.349366429895
2025-04-28,更新至12:00,60245.63419074074,62480.93709650205,3100.2402166666666,36209.89659109765,1728.1948898651858,13184.945701233331,51123.03718219616
2025-04-28,更新至18:00,60245.63419074074,62480.93709650205,3100.2402166666666,36209.89659109765,1728.1948898651867,13184.945701233331,51123.03718219617
2025-04-29,仅0:00预报,50058.75818518519,50058.75818518519,4976.927249999997,31315.562689863502,0.0,21760.27406347499,53075.83675333849
2025-04-29,更新至6:00,50058.75818518519,50777.33308518518,3211.678216666666,31315.562689863502,921.5559970875001,13406.996265666665,45644.11495261767
2025-04-29,更新至12:00,50058.75818518519,51838.106087654305,2914.776700000001,31315.562689863502,1863.4508873856412,12278.63598111667,45457.64955836581
2025-04-29,更新至18:00,50058.75818518519,51838.106087654305,2914.776700000001,31315.562689863502,1863.4508873856416,12278.63598111667,45457.64955836581
2025-04-30,仅0:00预报,48858.336248,48858.336248,6688.214800000003,30965.802565674796,0.0,25904.900537558344,56870.70310323314
2025-04-30,更新至6:00,48858.336248,50058.93853664197,5222.522099999997,30965.802565674796,1184.5777010394609,21634.901374383317,53785.28164109757
2025-04-30,更新至12:00,48858.336248,49549.493877999994,5273.7608999999975,30965.802565674796,869.2455602390005,21789.82614639165,53624.874272305446
2025-04-30,更新至18:00,48858.336248,49549.493877999994,5273.7608999999975,30965.802565674796,869.2455602390014,21789.82614639165,53624.874272305446
2025-05-01,仅0:00预报,53363.14284218107,53363.14284218107,5217.408149999998,34658.67096388784,0.0,22541.13349499999,57199.804458887826
2025-05-01,更新至6:00,53363.14284218107,55277.80249855967,3482.945616666666,34658.67096388784,2312.6017658208934,12832.260676024996,49803.53340573373
2025-05-01,更新至12:00,53363.14284218107,56590.97365958847,3046.8233999999993,34658.67096388784,3122.9904222815535,11387.75580770833,49169.41719387772
2025-05-01,更新至18:00,53363.14284218107,56590.97365958847,3046.8233999999993,34658.67096388784,3122.990422281555,11387.75580770833,49169.41719387772
2025-05-02,仅0:00预报,29744.007483333327,29744.007483333327,2343.51195,16444.61804645333,0.0,9095.907669975,25540.525716428332
2025-05-02,更新至6:00,29744.007483333327,29764.97921833333,1180.2458999999992,16444.61804645333,26.190061449751482,4168.200815216664,20639.008923119745
2025-05-02,更新至12:00,29744.007483333327,29744.007483333327,1157.9019999999996,16444.61804645333,0.0,4100.621756799998,20545.23980325333
2025-05-02,更新至18:00,29744.007483333327,29744.007483333327,1157.9019999999991,16444.61804645333,2.293393208674388e-12,4100.621756799997,20545.23980325333
2025-05-03,仅0:00预报,28834.64448333333,28834.64448333333,1112.5025999999998,15795.333878279998,0.0,3875.4530733583333,19670.786951638333
2025-05-03,更新至6:00,28834.64448333333,28838.16208333333,1161.0856016666678,15795.333878279998,5.4418151400002,4054.4022976983383,19855.177991118337
2025-05-03,更新至12:00,28834.64448333333,28868.865183333328,1142.6625016666676,15795.333878279998,48.57825235750074,3952.4570389150044,19796.3691695525
2025-05-03,更新至18:00,28834.64448333333,28868.865183333328,1142.6625016666676,15795.333878279998,48.57825235750074,3952.4570389150044,19796.3691695525
2025-05-04,仅0:00预报,57486.610685390944,57486.610685390944,3142.139383333333,36362.83789012006,0.0,13280.274209366666,49643.11209948673
2025-05-04,更新至6:00,57486.610685390944,57684.14347939094,4551.185233333335,36362.83789012006,258.70195421829936,17918.653334666673,54540.19317900503
2025-05-04,更新至12:00,57486.610685390944,57486.610685390944,4946.587866666669,36362.83789012006,1.0250801096844953e-12,19585.68753176667,55948.525421886734
2025-05-04,更新至18:00,57486.610685390944,57486.610685390944,4946.587866666669,36362.83789012006,3.213045829397743e-12,19585.68753176667,55948.525421886734
2025-05-05,仅0:00预报,58772.317745473236,58772.317745473236,4985.372433333334,37253.26206601162,0.0,19025.1800784,56278.44214441162
2025-05-05,更新至6:00,58772.317745473236,58772.317745473236,3676.783853499992,37253.26206601162,0.0,16113.547214793381,53366.809280805006
2025-05-05,更新至12:00,58772.317745473236,58772.317745473236,3689.5982201666584,37253.26206601162,0.0,16120.696876276714,53373.95894228834
2025-05-05,更新至18:00,58772.317745473236,58772.317745473236,3689.5982201666584,37253.26206601162,2.0706295345007677e-12,16120.696876276714,53373.95894228834
2025-05-06,仅0:00预报,52273.94406666666,52273.94406666666,6630.425983333336,33562.44476116833,0.0,27399.324768908347,60961.76953007668
2025-05-06,更新至6:00,52273.94406666666,55714.271469547326,4681.297516666668,33562.44476116833,3071.8486556113003,20699.084394275007,57333.377811054634
2025-05-06,更新至12:00,52273.94406666666,55149.17717718518,4533.8097166666685,33562.44476116833,2989.8395245069005,20017.163682591672,56569.4479682669
2025-05-06,更新至18:00,52273.94406666666,55149.17717718518,4533.8097166666685,33562.44476116833,2989.8395245069046,20017.163682591672,56569.447968266904
2025-05-07,仅0:00预报,55119.943108847736,55119.943108847736,6561.756849999999,35672.01882413,0.0,25662.401795733327,61334.420619863326
2025-05-07,更新至6:00,55119.943108847736,58875.566212139915,3689.8333666666667,35672.01882413,3379.0342951567577,15515.782983183335,54566.83610247009
2025-05-07,更新至12:00,55119.943108847736,58641.52065534979,3632.988083333333,35672.01882413,2937.1620833161987,15312.131294333334,53921.31220177953
2025-05-07,更新至18:00,55119.943108847736,58641.5206553498,3632.988083333333,35672.01882413,2937.1620833162087,15312.131294333334,53921.31220177954
2025-05-08,仅0:00预报,59647.236793415635,59647.236793415635,2968.5486166666674,36771.69358195178,0.0,12292.032504266668,49063.72608621845
2025-05-08,更新至6:00,59647.236793415635,59915.382593415634,3470.7658833333335,36771.69358195178,414.82825624499895,14551.474505266668,51737.99634346345
2025-05-08,更新至12:00,59647.236793415635,61398.614174279835,2713.457833333333,36771.69358195178,1521.9588097661122,11474.370797666666,49768.02318938456
2025-05-08,更新至18:00,59647.236793415635,61398.614174279835,2713.457833333333,36771.69358195178,1521.9588097661126,11474.370797666666,49768.02318938456
2025-05-09,仅0:00预报,27534.764183333333,27534.764183333333,1540.5748,14848.579843516669,0.0,5676.683173075,20525.26301659167
2025-05-09,更新至6:00,27534.764183333333,28201.808983333336,1829.8768333333364,14848.579843516669,921.4935184899975,6947.822066700009,22717.895428706674
2025-05-09,更新至12:00,27534.764183333333,28161.236583333335,1399.8413166666662,14848.579843516669,874.3930747199984,4964.095102799998,20687.068021036666
2025-05-09,更新至18:00,27534.764183333333,28161.23658333333,1399.8413166666662,14848.579843516669,874.3930747199952,4964.095102799998,20687.068021036663
2025-05-10,仅0:00预报,27881.6722125,27881.6722125,1618.6789999999994,15016.655803875417,0.0,5825.015102591664,20841.67090646708
2025-05-10,更新至6:00,27881.6722125,28711.681966666663,1217.7932833333343,15016.655803875417,1124.2280476918747,4061.0211722083377,20201.90502377563
2025-05-10,更新至12:00,27881.6722125,28398.1041825,1301.5530000000008,15016.655803875417,682.9337149888775,4433.54168386667,20133.131202730965
2025-05-10,更新至18:00,27881.6722125,28398.1041825,1301.5530000000008,15016.655803875417,682.9337149888775,4433.54168386667,20133.131202730965
2025-05-11,仅0:00预报,57725.32496851852,57725.32496851852,3872.4240833333342,36006.152112893455,0.0,15235.234871283337,51241.38698417679
2025-05-11,更新至6:00,57725.32496851852,59339.393080864196,4218.153349999999,36006.152112893455,1649.1392750479936,18021.86702653332,55677.15841447477
2025-05-11,更新至12:00,57725.32496851852,58522.914885185186,4329.663216666667,36006.152112893455,1051.6721038700018,18209.82995609999,55267.65417286345
2025-05-11,更新至18:00,57725.32496851852,58522.91488518519,4329.663216666665,36006.152112893455,1051.6721038700039,18209.829956099988,55267.65417286345
2025-05-12,仅0:00预报,50022.48526666667,50022.48526666667,6756.7068711934135,32233.20056791833,0.0,27369.875596973565,59603.0761648919
2025-05-12,更新至6:00,50022.48526666667,57790.698639934155,3122.536333333333,32233.20056791833,6501.477478690112,12695.920819466666,51430.59886607511
2025-05-12,更新至12:00,50022.48526666667,55726.16648725926,3412.1040500000054,32233.20056791833,4697.448718836964,13808.855309016686,50739.504595771985
2025-05-12,更新至18:00,50022.48526666667,55726.16648725926,3412.104050000002,32233.20056791833,4697.448718836964,13808.855309016679,50739.50459577197
2025-05-13,仅0:00预报,59342.747999794236,59342.747999794236,2094.245716666666,36306.320898890735,0.0,7358.2245235916635,43664.5454224824
2025-05-13,更新至6:00,59342.747999794236,60324.13640144033,3434.742450000001,36306.320898890735,1243.0562911946288,14746.19621714167,52295.57340722703
2025-05-13,更新至12:00,59342.747999794236,60660.14145082304,3341.213366666668,36306.320898890735,1484.469657016015,14453.091366641673,52243.881922548426
2025-05-13,更新至18:00,59342.747999794236,60660.14145082304,3341.213366666668,36306.320898890735,1484.4696570160152,14453.091366641673,52243.881922548426
2025-05-14,仅0:00预报,56853.58923580247,56853.58923580247,5608.345750000001,36094.00110976933,0.0,24333.60607464167,60427.607184411
2025-05-14,更新至6:00,56853.58923580247,60629.23339444444,2876.046716666666,36094.00110976933,2558.0897865383326,12201.865412283329,50853.95630859099
2025-05-14,更新至12:00,56853.58923580247,58676.31716111111,2993.0559833333327,36094.00110976933,1252.4498702183328,12678.42015200833,50024.87113199599
2025-05-14,更新至18:00,56853.58923580247,58676.31716111111,2993.0559833333327,36094.00110976933,1252.449870218336,12678.42015200833,50024.87113199599
2025-05-15,仅0:00预报,54603.68201399176,54603.68201399176,6555.788799999999,35353.722413329335,0.0,26232.990369225,61586.712782554336
2025-05-15,更新至6:00,54603.68201399176,60089.29360925925,3975.3767500000004,35353.722413329335,4151.574106647586,17361.689273891665,56866.98579386859
2025-05-15,更新至12:00,54603.68201399176,56324.647285802464,4050.590733333333,35353.722413329335,1238.1253592296298,17680.21167843333,54272.059450992296
2025-05-15,更新至18:00,54603.68201399176,56324.647285802464,4050.590733333333,35353.722413329335,1238.125359229635,17680.21167843333,54272.059450992296
2025-05-16,仅0:00预报,27775.1501,27775.1501,1265.2157290123462,15135.6357699,0.0,4167.151473944447,19302.787243844446
2025-05-16,更新至6:00,27775.1501,27775.1501,1327.3689744855963,15135.6357699,0.0,4409.8206913086415,19545.45646120864
2025-05-16,更新至12:00,27775.1501,27775.1501,1250.2044078189294,15135.6357699,0.0,4087.607683725307,19223.243453625306
2025-05-16,更新至18:00,27775.1501,27775.150100000006,1250.2044078189294,15135.6357699,1.5011301002232357e-11,4087.607683725307,19223.24345362532
2025-05-17,仅0:00预报,28112.20871666666,28112.20871666666,1209.1059666666665,15329.08569541,0.0,4019.691517166666,19348.777212576664
2025-05-17,更新至6:00,28112.20871666666,28112.20871666666,1358.317633333333,15329.08569541,0.0,4566.945785008333,19896.031480418333
2025-05-17,更新至12:00,28112.20871666666,28210.58484423868,1327.4558833333315,15329.08569541,79.19290170055869,4362.938389191657,19771.216986302214
2025-05-17,更新至18:00,28112.20871666666,28210.58484423868,1327.4558833333313,15329.08569541,79.19290170055869,4362.938389191656,19771.216986302214
2025-05-18,仅0:00预报,60831.84254032921,60831.84254032921,2367.9733500000007,37108.396964718886,0.0,10011.86548816667,47120.26245288555
2025-05-18,更新至6:00,60831.84254032921,61129.56354032922,2258.1801333333324,37108.396964718886,430.5957546650003,9629.645207266662,47168.637926650554
2025-05-18,更新至12:00,60831.84254032921,60895.638540329215,2266.627716666665,37108.396964718886,98.69400690000039,9685.222107149992,46892.31307876887
2025-05-18,更新至18:00,60831.84254032921,60895.63854032921,2266.627716666666,37108.396964718886,98.69400690000137,9685.222107149995,46892.313078768886
2025-05-19,仅0:00预报,53166.88165864197,53166.88165864197,2917.829333333335,33553.974062133515,0.0,11946.80787239167,45500.781934525185
2025-05-19,更新至6:00,53166.88165864197,53867.62372764197,3237.8151833333322,33553.974062133515,809.0405389299027,13486.99841468333,47850.01301574675
2025-05-19,更新至12:00,53166.88165864197,53882.275928641975,3239.439833333332,33553.974062133515,821.8448096520005,13497.00057240833,47872.81944419385
2025-05-19,更新至18:00,53166.88165864197,53882.275928641975,3239.439833333334,33553.974062133515,821.8448096520015,13497.000572408333,47872.81944419385
2025-05-20,仅0:00预报,53180.63677448559,53180.63677448559,6408.535566666667,33787.8997906708,0.0,24258.158794391675,58046.05858506248
2025-05-20,更新至6:00,53180.63677448559,58459.880473687226,3323.5377499999995,33787.8997906708,4250.914579439642,13888.076748499998,51926.89111861044
2025-05-20,更新至12:00,53180.63677448559,57438.206976337446,3408.337199999999,33787.8997906708,3184.9048846180585,14172.465525783331,51145.27020107219
2025-05-20,更新至18:00,53180.63677448559,57438.206976337446,3408.337199999999,33787.8997906708,3184.9048846180604,14172.465525783331,51145.27020107219
2025-05-21,仅0:00预报,50132.75421666666,50132.75421666666,6797.073231687243,32470.650729484994,0.0,26491.617464613475,58962.26819409847
2025-05-21,更新至6:00,50132.75421666666,57380.18510185185,2761.369716666666,32470.650729484994,6489.216377427438,10710.210526491664,49670.0776334041
2025-05-21,更新至12:00,50132.75421666666,55511.17362942385,2888.1567833333324,32470.650729484994,4850.701519867188,11062.642736849997,48383.994986202175
2025-05-21,更新至18:00,50132.75421666666,55511.17362942385,2888.1567833333324,32470.650729484994,4850.701519867191,11062.642736849997,48383.99498620219
2025-05-22,仅0:00预报,52569.15881666666,52569.15881666666,5280.779333333331,33679.34974437333,0.0,17536.557376699995,51215.907121073324
2025-05-22,更新至6:00,52569.15881666666,53436.41435596706,4256.7594,33679.34974437333,796.7262084640704,16438.143698516666,50914.21965135406
2025-05-22,更新至12:00,52569.15881666666,53548.86256975308,3819.40485,33679.34974437333,627.6205978237067,15129.335202333334,49436.30554453037
2025-05-22,更新至18:00,52569.15881666666,53548.862569753095,3819.40485,33679.34974437333,627.6205978237114,15129.335202333334,49436.305544530376
2025-05-23,仅0:00预报,26827.518406999996,26827.518406999996,1794.3683,14308.069376026364,0.0,6565.219898525001,20873.289274551364
2025-05-23,更新至6:00,26827.518406999996,26939.09413116667,1369.2998150000003,14308.069376026364,147.45864029338213,4704.503906243334,19160.03192256308
2025-05-23,更新至12:00,26827.518406999996,28867.44384449999,1208.4124983333338,14308.069376026364,1932.7009023968676,4066.3134543766687,20307.0837327999
2025-05-23,更新至18:00,26827.518406999996,28867.443844499994,1208.4124983333336,14308.069376026364,1932.7009023968737,4066.3134543766673,20307.083732799903
2025-05-24,仅0:00预报,27542.757805999994,27542.757805999994,1632.8237666666685,14896.212525117799,0.0,5749.749045333338,20645.961570451138
2025-05-24,更新至6:00,27542.757805999994,27542.757805999994,1260.4630000000013,14896.212525117799,0.0,4220.431173708336,19116.643698826134
2025-05-24,更新至12:00,27542.757805999994,27542.757805999994,1160.4892166666677,14896.212525117799,0.0,3798.2616392166688,18694.474164334468
2025-05-24,更新至18:00,27542.757805999994,27542.757806,1160.4892166666677,14896.212525117799,4.1698058339534324e-13,3798.2616392166688,18694.474164334468
2025-05-25,仅0:00预报,53811.81399465021,53811.81399465021,2768.8180500000003,33832.22675982741,0.0,11013.719815166667,44845.94657499408
2025-05-25,更新至6:00,53811.81399465021,54826.54481028806,2853.667883333334,33832.22675982741,1068.074538414285,11306.11146409167,46206.41276233337
2025-05-25,更新至12:00,53811.81399465021,54493.66319465021,3033.8418323045153,33832.22675982741,797.6616601974999,12018.186846868795,46648.075266893706
2025-05-25,更新至18:00,53811.81399465021,54493.66319465021,3033.8418323045153,33832.22675982741,797.6616601975022,12018.186846868795,46648.07526689371
2025-05-26,仅0:00预报,50781.680116166666,50781.680116166666,9599.701066666665,32821.470160050565,0.0,36063.23642399999,68884.70658405055
2025-05-26,更新至6:00,50781.680116166666,56591.098256084355,4082.2274166666675,32821.470160050565,4701.862273584995,14687.650637800003,52210.98307143556
2025-05-26,更新至12:00,50781.680116166666,58532.10996369753,3296.53745,32821.470160050565,6467.9283424093765,11834.439045816664,51123.8375482766
2025-05-26,更新至18:00,50781.680116166666,58532.10996369753,3296.53745,32821.470160050565,6467.9283424093765,11834.439045816664,51123.8375482766
2025-05-27,仅0:00预报,49639.91035,49639.91035,6432.47843,32128.43226151166,0.0,25745.325894908336,57873.75815641999
2025-05-27,更新至6:00,49639.91035,56821.84208861935,4013.1823166666672,32128.43226151166,5990.412827279599,17152.621773483334,55271.466862274596
2025-05-27,更新至12:00,49639.91035,53425.26310816666,4037.940583333334,32128.43226151166,2885.841744048948,17263.488606608335,52277.762612168946
2025-05-27,更新至18:00,49639.91035,53425.26310816666,4037.940583333334,32128.43226151166,2885.841744048951,17263.488606608335,52277.762612168946
2025-05-28,仅0:00预报,55991.97219485596,55991.97219485596,3209.5456666666664,34699.63402232247,0.0,11466.052281116667,46165.686303439135
2025-05-28,更新至6:00,55991.97219485596,57172.824065637855,3247.237083333334,34699.63402232247,1245.6415129183022,11383.214903825003,47328.490439065776
2025-05-28,更新至12:00,55991.97219485596,56911.80391363785,3037.561033333334,34699.63402232247,1028.9976647940973,10863.43174264167,46592.06342975824
2025-05-28,更新至18:00,55991.97219485596,56911.80391363785,3037.561033333334,34699.63402232247,1028.9976647940975,10863.43174264167,46592.06342975824
2025-05-29,仅0:00预报,55561.944492181065,55561.944492181065,4754.121916666665,35027.8061073322,0.0,17353.002520508326,52380.808627840524
2025-05-29,更新至6:00,55561.944492181065,61810.36949504526,2570.2863333333335,35027.8061073322,4811.681345264187,10551.878983566667,50391.36643616306
2025-05-29,更新至12:00,55561.944492181065,58850.39247536625,2941.7767000000003,35027.8061073322,2319.3303398278613,11504.185893975,48851.32234113506
2025-05-29,更新至18:00,55561.944492181065,58850.39247536624,2941.7767000000003,35027.8061073322,2319.330339827863,11504.185893975,48851.32234113507
2025-05-30,仅0:00预报,26833.58398333333,26833.58398333333,1508.2474111111128,14390.978354576662,0.0,5344.112636480562,19735.090991057223
2025-05-30,更新至6:00,26833.58398333333,27208.80138333333,1452.4191469135808,14390.978354576662,502.4010321150048,5001.365925492903,19894.745312184572
2025-05-30,更新至12:00,26833.58398333333,27064.558783333327,1427.019763580247,14390.978354576662,308.3810532600031,4963.609806459568,19662.969214296234
2025-05-30,更新至18:00,26833.58398333333,27064.558783333334,1427.019763580247,14390.978354576662,308.3810532600072,4963.609806459568,19662.969214296238
2025-05-31,仅0:00预报,28935.77141666667,28935.77141666667,994.4010500002141,15721.821683371669,0.0,2815.1208182671826,18536.942501638852
2025-05-31,更新至6:00,28935.77141666667,28935.771416666663,960.7846000000025,15721.821683371669,2.411366040178109e-12,3048.9796132750034,18770.801296646674
2025-05-31,更新至12:00,28935.77141666667,28935.77141666667,947.2207500000025,15721.821683371669,0.0,3005.4982794750044,18727.319962846672
2025-05-31,更新至18:00,28935.77141666667,28935.771416666663,947.2207500000025,15721.821683371669,9.729546945891342e-13,3005.4982794750044,18727.319962846675
2025-06-01,仅0:00预报,79091.90448415637,79091.90448415637,3410.910233333335,49645.6376701867,0.0,14254.748035358338,63900.385705545035
2025-06-01,更新至6:00,79091.90448415637,79091.90448415637,1865.6006333333344,49645.6376701867,0.0,6733.130657508335,56378.768327695034
2025-06-01,更新至12:00,79091.90448415637,79091.90448415637,2159.1379333333343,49645.6376701867,1.4244619706005322e-12,8152.914049291668,57798.55171947837
2025-06-01,更新至18:00,79091.90448415637,79091.90448415637,2159.1379333333343,49645.6376701867,2.856040737242438e-13,8152.914049291668,57798.55171947837
2025-06-02,仅0:00预报,80682.46415946502,80682.46415946502,1911.853583333333,50708.18156477845,0.0,7932.574708016666,58640.756272795115
2025-06-02,更新至6:00,80682.46415946502,80697.23235946501,2365.710733333332,50708.18156477845,22.846774605000196,10413.482849624994,61144.51118900845
2025-06-02,更新至12:00,80682.46415946502,80693.58285946501,2223.0069166666663,50708.18156477845,17.200906867499985,9855.78073050833,60581.16320215429
2025-06-02,更新至18:00,80682.46415946502,80693.58285946501,2223.0069166666663,50708.18156477845,17.200906867500926,9855.78073050833,60581.16320215429
2025-06-03,仅0:00预报,74157.96425555555,74157.96425555555,1986.031916666668,46305.75601110368,0.0,7839.786333391672,54145.54234449535
2025-06-03,更新至6:00,74157.96425555555,77740.02716255143,1875.1478166666673,46305.75601110368,3951.089898554567,7611.892220108334,57868.73812976658
2025-06-03,更新至12:00,74157.96425555555,75136.13490720163,1950.933116666667,46305.75601110368,870.0149925954615,7898.522890941667,55074.29389464081
2025-06-03,更新至18:00,74157.96425555555,75136.13490720163,1950.933116666667,46305.75601110368,870.0149925954615,7898.522890941667,55074.29389464081
2025-06-04,仅0:00预报,85182.42934917693,85182.42934917693,1108.2961333333346,53061.699301178516,0.0,3760.3322055500003,56822.03150672852
2025-06-04,更新至6:00,85182.42934917693,85183.92124917693,3235.577500000001,53061.699301178516,2.3080065975013975,14063.147193233337,67127.15450100935
2025-06-04,更新至12:00,85182.42934917693,88212.23381283332,1451.3957333333346,53061.699301178516,3694.999014199886,6096.420282041669,62853.11859742007
2025-06-04,更新至18:00,85182.42934917693,88212.23381283334,1451.3957333333344,53061.699301178516,3694.9990141998915,6096.420282041669,62853.11859742008
2025-06-05,仅0:00预报,73994.61224053496,73994.61224053496,3693.500866666667,45940.4498936088,0.0,15039.716209225,60980.1661028338
2025-06-05,更新至6:00,73994.61224053496,76314.21296975308,2695.2138833333347,45940.4498936088,2619.0007501023147,10975.014245433336,59534.46488914445
2025-06-05,更新至12:00,73994.61224053496,76268.25579588478,2530.6063166666663,45940.4498936088,2523.3360740436733,10424.843655458333,58888.629623110806
2025-06-05,更新至18:00,73994.61224053496,76268.25579588478,2530.6063166666663,45940.4498936088,2523.3360740436733,10424.843655458333,58888.629623110806
2025-06-06,仅0:00预报,36977.75285,36977.75285,2059.865116666665,22247.651657588332,0.0,7522.070056216661,29769.721713804993
2025-06-06,更新至6:00,36977.75285,36997.73054999999,3074.700233333333,22247.651657588332,24.97412276999943,10492.730793508332,32765.356573866666
2025-06-06,更新至12:00,36977.75285,37471.85695,2496.964333333334,22247.651657588332,317.4864052500025,8582.809079716668,31147.947142555
2025-06-06,更新至18:00,36977.75285,37471.85695,2496.964333333334,22247.651657588332,317.4864052500053,8582.809079716668,31147.947142555007
2025-06-07,仅0:00预报,38886.57917674897,38886.57917674897,1276.3242666666665,22398.390941596896,0.0,4766.993688566667,27165.384630163564
2025-06-07,更新至6:00,38886.57917674897,38886.57917674897,1689.0892049382728,22398.390941596896,1.2050804798491299e-14,5802.782099286117,28201.17304088301
2025-06-07,更新至12:00,38886.57917674897,41111.25973847737,1036.5217382716057,22398.390941596896,1881.2312199838889,3332.9090581361156,27612.5312197169
2025-06-07,更新至18:00,38886.57917674897,41111.25973847736,1036.5217382716057,22398.390941596896,1881.23121998389,3332.9090581361156,27612.5312197169
2025-06-08,仅0:00预报,70803.31296769547,70803.31296769547,3391.449599999999,44413.465537797405,0.0,12882.326029566662,57295.79156736407
2025-06-08,更新至6:00,70803.31296769547,73670.09743806583,2343.009687833335,44413.465537797405,3077.9308124332056,8972.911191103673,56464.30754133429
2025-06-08,更新至12:00,70803.31296769547,73149.39956719341,2304.420921166668,44413.465537797405,2394.0079646316553,8893.846236803673,55701.31973923273
2025-06-08,更新至18:00,70803.31296769547,73149.39956719341,2304.420921166668,44413.465537797405,2394.007964631659,8893.846236803673,55701.319739232735
2025-06-09,仅0:00预报,80124.81107339711,80124.81107339711,1897.5859999999993,50602.17979097673,0.0,8103.759545749996,58705.93933672672
2025-06-09,更新至6:00,80124.81107339711,80124.81107339711,1921.9594681666651,50602.17979097673,0.0,8623.020302378995,59225.20009335572
2025-06-09,更新至12:00,80124.81107339711,80425.81554808846,1894.2434848333319,50602.17979097673,256.54611377944553,8482.700517653995,59341.42642241017
2025-06-09,更新至18:00,80124.81107339711,80425.81554808847,1894.2434848333319,50602.17979097673,256.5461137794567,8482.700517653995,59341.42642241018
2025-06-10,仅0:00预报,73090.75557263373,73090.75557263373,4645.04135,46005.76367548255,0.0,19037.616546683334,65043.380222165884
2025-06-10,更新至6:00,73090.75557263373,73483.0986393004,4238.79725866667,46005.76367548255,532.2661292949992,16385.956458753015,62923.98626353056
2025-06-10,更新至12:00,73090.75557263373,75349.48316069957,3417.4013920000034,46005.76367548255,2223.7919348343507,13806.593340511346,62036.14895082825
2025-06-10,更新至18:00,73090.75557263373,75349.48316069957,3417.4013920000034,46005.76367548255,2223.791934834351,13806.593340511346,62036.14895082825
2025-06-11,仅0:00预报,79541.80516666666,79541.80516666666,5961.927133333333,50590.62464644229,0.0,25031.225173491664,75621.84981993395
2025-06-11,更新至6:00,79541.80516666666,81056.97010288064,3043.4003833333327,50590.62464644229,1228.1583614910164,12919.242007716664,64738.02501564997
2025-06-11,更新至12:00,79541.80516666666,82248.71286337037,2450.3471333333327,50590.62464644229,2452.3443048734334,10404.300408349996,63447.26935966572
2025-06-11,更新至18:00,79541.80516666666,82248.71286337037,2450.3471333333327,50590.62464644229,2452.3443048734343,10404.300408349996,63447.26935966572
2025-06-12,仅0:00预报,77149.3650936214,77149.3650936214,2917.800499999998,48698.37537439971,0.0,12013.150690183325,60711.526064583035
2025-06-12,更新至6:00,77149.3650936214,77737.11117179424,2716.460050000001,48698.37537439971,667.557083672134,11785.726555800005,61151.659013871846
2025-06-12,更新至12:00,77149.3650936214,77180.12117745473,2722.775250000001,48698.37537439971,26.213410251151334,11825.703891916672,60550.29267656753
2025-06-12,更新至18:00,77149.3650936214,77180.16645912139,2722.7666333333345,48698.37537439971,26.304426401142052,11825.645875900007,60550.32567670086
2025-06-13,仅0:00预报,34800.564783333335,34800.564783333335,2476.7948500000252,20658.879093465,0.0,7906.497752208435,28565.376845673432
2025-06-13,更新至6:00,34800.564783333335,34905.23588333333,2380.956083333332,20658.879093465,131.0850282074943,8307.946999516664,29097.911121189158
2025-06-13,更新至12:00,34800.564783333335,36978.094783333334,1628.541716666665,20658.879093465,1822.068688345003,5257.451415783329,27738.39919759333
2025-06-13,更新至18:00,34800.564783333335,36978.01948333334,1628.542666666665,20658.879093465,1821.9273935425122,5257.457812133329,27738.26429914084
2025-06-14,仅0:00预报,35219.80121666667,35219.80121666667,1581.4385999999988,20912.845550023336,0.0,5518.307521899995,26431.15307192333
2025-06-14,更新至6:00,35219.80121666667,35370.74721666667,2088.7326999999996,20912.845550023336,188.89718993999963,6275.811853141666,27377.554593105
2025-06-14,更新至12:00,35219.80121666667,35370.74721666667,2015.1505166666657,20912.845550023336,188.89718993999963,6433.453160833331,27535.195900796665
2025-06-14,更新至18:00,35219.80121666667,35370.835910333335,2015.1300166666656,20912.845550023336,189.06378325410225,6433.31513433333,27535.22446761077
2025-06-15,仅0:00预报,70740.30508847735,70740.30508847735,7444.585483333335,45052.770540350946,0.0,29341.250782533338,74394.02132288428
2025-06-15,更新至6:00,70740.30508847735,75464.94982510287,2764.577183333333,45052.770540350946,3342.8465252229666,11203.763410566664,59599.38047614058
2025-06-15,更新至12:00,70740.30508847735,75820.00575226336,2719.167466666666,45052.770540350946,3628.76330716685,11028.713572041663,59710.24741955946
2025-06-15,更新至18:00,70740.30508847735,75820.00575226336,2719.167466666666,45052.770540350946,3628.76330716685,11028.713572041663,59710.24741955946
2025-06-16,仅0:00预报,74371.55470596708,74371.55470596708,5816.340933333334,47082.57300441073,0.0,25652.961653833336,72735.53465824407
2025-06-16,更新至6:00,74371.55470596708,77584.83882592592,2872.1825499999995,47082.57300441073,2327.426918609262,11933.224657449997,61343.22458046999
2025-06-16,更新至12:00,74371.55470596708,77449.43039259259,2956.9314166666663,47082.57300441073,2201.209391489259,12305.338735366666,61589.12113126666
2025-06-16,更新至18:00,74371.55470596708,77449.9507925926,2956.8446833333333,47082.57300441073,2202.203641709266,12304.754759833331,61589.531405953334
2025-06-17,仅0:00预报,75623.37222901234,75623.37222901234,5636.272416666667,48104.94278391777,0.0,24839.019280725,72943.96206464278
2025-06-17,更新至6:00,75623.37222901234,80480.12493405349,2928.9452833333335,48104.94278391777,4099.597471946987,12259.610732575,64464.15098843976
2025-06-17,更新至12:00,75623.37222901234,79015.30061552263,3168.4315666666675,48104.94278391777,2524.222600875004,13450.261063233338,64079.42644802612
2025-06-17,更新至18:00,75623.37222901234,79015.45337802262,3168.401316666667,48104.94278391777,2524.529653500007,13450.057389983333,64079.529827401115
2025-06-18,仅0:00预报,75670.52144609053,75670.52144609053,3932.6466333333365,47669.69105758924,0.0,16699.264972025005,64368.956029614244
2025-06-18,更新至6:00,75670.52144609053,80554.86067358436,2513.5252666666697,47669.69105758924,4162.681286016599,9932.393488808344,61764.76583241418
2025-06-18,更新至12:00,75670.52144609053,78496.48996367489,2561.9994166666756,47669.69105758924,2087.0905274433044,10128.99863075837,59885.78021579091
2025-06-18,更新至18:00,75670.52144609053,78496.07786367489,2561.9994166666756,47669.69105758924,2086.303189788304,10128.99863075837,59884.99287813591
2025-06-19,仅0:00预报,72359.70071028806,72359.70071028806,2944.9560833333335,45084.545129457714,0.0,11126.92067315,56211.465802607716
2025-06-19,更新至6:00,72359.70071028806,74352.58751596708,3339.9355166666664,45084.545129457714,2088.060473341849,13533.396314833333,60706.0019176329
2025-06-19,更新至12:00,72359.70071028806,76177.56102962964,2960.59055,45084.545129457714,4149.6606619349395,12279.74909645,61513.95488784266
2025-06-19,更新至18:00,72359.70071028806,76178.05122962962,2960.50885,45084.545129457714,4150.59721354494,12279.19901035,61514.341353352655
2025-06-20,仅0:00预报,34048.50863333333,34048.50863333333,1152.5346166666718,20090.001151156666,0.0,4043.573253158359,24133.574404315026
2025-06-20,更新至6:00,34048.50863333333,34048.50863333333,1142.1812499999985,20090.001151156666,0.0,3972.5904145833274,24062.591565739993
2025-06-20,更新至12:00,34048.50863333333,34048.50863333333,1148.3194499999981,20090.001151156666,0.0,3922.397987574993,24012.39913873166
2025-06-20,更新至18:00,34048.50863333333,34048.50863333333,1148.3194499999981,20090.001151156666,0.0,3922.397987574993,24012.39913873166
2025-06-21,仅0:00预报,33899.991716666664,33899.991716666664,1670.831083333333,19522.167056405,0.0,6273.298203683331,25795.46526008833
2025-06-21,更新至6:00,33899.991716666664,33989.54571666666,1082.0087666666664,19522.167056405,138.6401415899973,3910.803772741665,23571.610970736663
2025-06-21,更新至12:00,33899.991716666664,34542.32331666666,1081.070016666666,19522.167056405,439.9868607674925,3908.6857187499977,23870.83963592249
2025-06-21,更新至18:00,33899.991716666664,34542.15811666666,1081.070016666666,19522.167056405,439.67687535749764,3908.6857187499977,23870.529650512497
2025-06-22,仅0:00预报,68775.11743209875,68775.11743209875,4568.83075,42937.49650231111,0.0,18907.880240766666,61845.37674307777
2025-06-22,更新至6:00,68775.11743209875,72261.99350061727,3354.8604,42937.49650231111,4161.118123812497,14297.99349645,61396.608122573605
2025-06-22,更新至12:00,68775.11743209875,71305.96314855966,3409.6213333333335,42937.49650231111,3031.5940766322483,14444.856999416668,60413.94757836002
2025-06-22,更新至18:00,68775.11743209875,71305.96314855966,3409.6213333333335,42937.49650231111,3031.594076632249,14444.856999416668,60413.94757836003
2025-06-23,仅0:00预报,70319.97864135802,70319.97864135802,3673.199883333333,44910.80333188307,0.0,12842.386730625,57753.190062508074
2025-06-23,更新至6:00,70319.97864135802,72612.3166020576,2399.40215,44910.80333188307,1959.4541145025282,10061.446246250001,56931.7036926356
2025-06-23,更新至12:00,70319.97864135802,71686.35403806582,2649.7883999999995,44910.80333188307,930.785208696661,11279.875673316665,57121.4642138964
2025-06-23,更新至18:00,70319.97864135802,71686.35403806582,2649.7883999999995,44910.80333188307,930.785208696661,11279.875673316665,57121.4642138964
2025-06-24,仅0:00预报,82715.2343057613,82715.2343057613,3591.7626166666664,51907.55116950203,0.0,15680.522951174999,67588.07412067703
2025-06-24,更新至6:00,82715.2343057613,83176.59938909464,3002.523733333332,51907.55116950203,535.5208726725007,12674.069600949992,65117.14164312453
2025-06-24,更新至12:00,82715.2343057613,83176.59938909464,2719.6247166666662,51907.55116950203,535.5208726725007,11440.580771849995,63883.65281402453
2025-06-24,更新至18:00,82715.2343057613,83176.59938909464,2719.6247166666662,51907.55116950203,535.5208726725007,11440.580771849995,63883.65281402453
2025-06-25,仅0:00预报,72672.91446794444,72672.91446794444,4179.650266666666,44827.78580892173,0.0,15458.031282741664,60285.8170916634
2025-06-25,更新至6:00,72672.91446794444,75012.37444601028,2888.2138166666655,44827.78580892173,2505.2079799437515,11280.015870324996,58613.00965919048
2025-06-25,更新至12:00,72672.91446794444,75894.64763940328,2763.649116666666,44827.78580892173,3553.5620643911802,10746.079611908332,59127.42748522125
2025-06-25,更新至18:00,72672.91446794444,75894.64763940328,2763.649116666666,44827.78580892173,3553.5620643911802,10746.079611908332,59127.42748522125
2025-06-26,仅0:00预报,69629.27009526748,69629.27009526748,4967.395700000003,43789.072874791724,0.0,18412.56163956668,62201.634514358404
2025-06-26,更新至6:00,69629.27009526748,72855.83137716049,2443.436083333332,43789.072874791724,2333.757634388525,9940.258771274996,56063.08928045524
2025-06-26,更新至12:00,69629.27009526748,73289.24604958847,2297.726966666666,43789.072874791724,2835.0567736034345,9268.336369749999,55892.46601814516
2025-06-26,更新至18:00,69629.27009526748,73289.24604958847,2297.726966666666,43789.072874791724,2835.0567736034345,9268.336369749999,55892.46601814516
2025-06-27,仅0:00预报,34143.13211666666,34143.13211666666,1496.6869833333349,19955.796205736664,0.0,4454.87257481667,24410.668780553333
2025-06-27,更新至6:00,34143.13211666666,34143.347916666666,1007.941633333335,19955.796205736664,0.4049325150018189,3441.0826013250025,23397.28373957667
2025-06-27,更新至12:00,34143.13211666666,34143.44291666667,1169.8026166666687,19955.796205736664,0.5831928900002682,4048.747293050004,24005.12669167667
2025-06-27,更新至18:00,34143.13211666666,34143.32771666667,1169.8088500000017,19955.796205736664,0.36702873000482916,4048.7892620833372,24004.952496550006
2025-06-28,仅0:00预报,33274.711169,33274.711169,2040.7041166666618,19309.246863759898,0.0,6833.95117812499,26143.198041884887
2025-06-28,更新至6:00,33274.711169,33462.15646666667,1535.2992833333328,19309.246863759898,235.43402356529944,4977.465359766666,24522.146247091863
2025-06-28,更新至12:00,33274.711169,33462.15646666667,1525.9033499999996,19309.246863759898,235.43402356529944,4918.459727516666,24463.140614841865
2025-06-28,更新至18:00,33274.711169,33462.15646666667,1525.9033499999996,19309.246863759898,235.43402356529944,4918.459727516666,24463.140614841865
2025-06-29,仅0:00预报,67909.47646790123,67909.47646790123,6672.926199999999,42223.17854116907,0.0,26436.101306749995,68659.27984791907
2025-06-29,更新至6:00,67909.47646790123,71422.00304711933,4451.318300000001,42223.17854116907,3780.284659098455,18335.070742641667,64338.5339429092
2025-06-29,更新至12:00,67909.47646790123,72215.12623786008,3743.467116666667,42223.17854116907,4247.233845386228,15740.231266858334,62210.64365341363
2025-06-29,更新至18:00,67909.47646790123,72215.19663786008,3743.45895,42223.17854116907,4247.368348106229,15740.176280691667,62210.723169966965
2025-06-30,仅0:00预报,73533.86457572016,73533.86457572016,4180.451716666667,45710.32767067636,0.0,17199.96067284167,62910.28834351803
2025-06-30,更新至6:00,73533.86457572016,74183.52054238682,3928.1180166666663,45710.32767067636,902.1590376874999,15962.673573441663,62575.160281805525
2025-06-30,更新至12:00,73533.86457572016,74867.27856172838,3202.772100000001,45710.32767067636,1271.4728461482098,13302.545587866669,60284.346104691234
2025-06-30,更新至18:00,73533.86457572016,74867.18586172839,3202.776166666668,45710.32767067636,1271.29573816321,13302.572968733335,60284.1963775729
2025-07-01,仅0:00预报,79694.95762901235,79694.95762901235,5778.908916666666,50678.63927435377,0.0,20131.81402510833,70810.4532994621
2025-07-01,更新至6:00,79694.95762901235,82454.0321855967,3429.3976999999995,50678.63927435377,2344.2232958358004,12405.86645525,65428.72902543957
2025-07-01,更新至12:00,79694.95762901235,83199.07757407406,3033.382066666667,50678.63927435377,3003.664903423547,10956.115455566669,64638.41963334399
2025-07-01,更新至18:00,79694.95762901235,83199.07837407407,3033.382066666667,50678.63927435377,3003.666431863547,10956.115455566669,64638.42116178399
2025-07-02,仅0:00预报,75016.90407016462,75016.90407016462,5012.281533333331,48621.09532823472,0.0,19673.22763284999,68294.3229610847
2025-07-02,更新至6:00,75016.90407016462,75509.78404444444,4263.507933333333,48621.09532823472,319.29605000123564,18595.44040465833,67535.83178289428
2025-07-02,更新至12:00,75016.90407016462,75341.63704320988,4223.099166666666,48621.09532823472,208.22121065956497,18413.831119316663,67243.14765821095
2025-07-02,更新至18:00,75016.90407016462,75341.63704320988,4223.099166666666,48621.09532823472,208.22121065956827,18413.831119316663,67243.14765821095
2025-07-03,仅0:00预报,84354.99929444444,84354.99929444444,3617.8216833333317,53899.6152315567,0.0,13802.305215108327,67701.92044666503
2025-07-03,更新至6:00,84354.99929444444,87061.70707421398,1691.005616666667,53899.6152315567,2258.241354171052,6709.088428016668,62866.94501374442
2025-07-03,更新至12:00,84354.99929444444,85997.96912839505,1804.6493166666673,53899.6152315567,1260.4650782743456,7104.69335526667,62264.77366509772
2025-07-03,更新至18:00,84354.99929444444,85997.96912839505,1804.6493166666673,53899.6152315567,1260.4650782743456,7104.69335526667,62264.77366509772
2025-07-04,仅0:00预报,41997.11276666667,41997.11276666667,2951.376600000021,25458.681738126666,0.0,11270.087816900046,36728.76955502671
2025-07-04,更新至6:00,41997.11276666667,43041.38693066666,1276.9581999999991,25458.681738126666,1225.9881828343946,4247.86885975833,30932.53878071939
2025-07-04,更新至12:00,41997.11276666667,42256.82193066666,1353.8651333333328,25458.681738126666,285.70043205329426,4575.200281599997,30319.582451779956
2025-07-04,更新至18:00,41997.11276666667,42256.82193066666,1353.8651333333328,25458.681738126666,285.70043205329625,4575.200281599997,30319.582451779963
2025-07-05,仅0:00预报,42501.46667,42501.46667,2811.126283333323,25761.014849329335,0.0,9907.78833750831,35668.80318683764
2025-07-05,更新至6:00,42501.46667,42501.46667,1651.0734666666644,25761.014849329335,0.0,5531.222922674991,31292.237772004326
2025-07-05,更新至12:00,42501.46667,42657.87678566667,1590.7880666666665,25761.014849329335,168.62392434654728,5500.367288816664,31430.006062492546
2025-07-05,更新至18:00,42501.46667,42657.87678566667,1590.7880666666665,25761.014849329335,168.6239243465477,5500.367288816664,31430.006062492546
2025-07-06,仅0:00预报,77620.07463271605,77620.07463271605,8172.057966666665,50640.22940281311,0.0,34876.747611349994,85516.9770141631
2025-07-06,更新至6:00,77620.07463271605,86004.04811337448,2489.556566666668,50640.22940281311,6598.58670401793,10269.453645866668,67508.2697526977
2025-07-06,更新至12:00,77620.07463271605,86434.7826936214,2363.405466666668,50640.22940281311,6989.040843530894,9689.898404666668,67319.16865101067
2025-07-06,更新至18:00,77620.07463271605,86434.7826936214,2363.405466666666,50640.22940281311,6989.040843530895,9689.898404666665,67319.16865101067
2025-07-07,仅0:00预报,78666.67386934155,78666.67386934155,3677.8878000000027,50561.1330796837,0.0,15576.253494425013,66137.3865741087
2025-07-07,更新至6:00,78666.67386934155,78666.67386934155,3478.2730833333335,50561.1330796837,0.0,14400.637461258335,64961.77054094203
2025-07-07,更新至12:00,78666.67386934155,80961.94443319339,3145.9642999999996,50561.1330796837,2290.4027943323617,12912.690554966668,65764.22642898273
2025-07-07,更新至18:00,78666.67386934155,80961.94443319339,3145.9642999999996,50561.1330796837,2290.4027943323645,12912.690554966668,65764.22642898273
2025-07-08,仅0:00预报,82291.90077613169,82291.90077613169,3083.7438500000007,52499.92736753413,0.0,12872.961980625003,65372.88934815914
2025-07-08,更新至6:00,82291.90077613169,82507.10897613168,3168.0830333333342,52499.92736753413,332.9324656049999,13335.074928216669,66167.9347613558
2025-07-08,更新至12:00,82291.90077613169,84030.54023374488,2847.1615666666676,52499.92736753413,1868.6942829816544,11941.0729205,66309.69457101579
2025-07-08,更新至18:00,82291.90077613169,84030.54023374488,2847.1615666666676,52499.92736753413,1868.6942829816546,11941.0729205,66309.69457101579
2025-07-09,仅0:00预报,81912.25714341563,81912.25714341563,2463.581966666666,52234.031872918764,0.0,10453.194144199999,62687.226017118766
2025-07-09,更新至6:00,81912.25714341563,81912.25714341563,2408.0718833333326,52234.031872918764,0.0,10281.956400991663,62515.98827391043
2025-07-09,更新至12:00,81912.25714341563,82363.71944341564,2344.983416666666,52234.031872918764,653.0651719675004,9958.92111485833,62846.01815974459
2025-07-09,更新至18:00,81912.25714341563,82363.71944341564,2344.983416666666,52234.031872918764,653.0651719675006,9958.92111485833,62846.01815974459
2025-07-10,仅0:00预报,74446.9925644033,74446.9925644033,5708.995016666667,48643.71513715426,0.0,25432.854010525,74076.56914767926
2025-07-10,更新至6:00,74446.9925644033,76193.32675884773,4777.430583333331,48643.71513715426,1819.0728787266648,18930.645008883326,69393.43302476425
2025-07-10,更新至12:00,74446.9925644033,75618.69333024691,4538.944583333332,48643.71513715426,891.2321940798395,18307.82069840833,67842.76802964244
2025-07-10,更新至18:00,74446.9925644033,75618.69333024691,4538.944583333332,48643.71513715426,891.2321940798407,18307.82069840833,67842.76802964244
2025-07-11,仅0:00预报,43507.417466666666,43507.417466666666,1942.5475999999992,26493.348733034996,0.0,7313.462553566663,33806.81128660166
2025-07-11,更新至6:00,43507.417466666666,43507.417466666666,1533.523516666666,26493.348733034996,0.0,5550.427304691665,32043.77603772666
2025-07-11,更新至12:00,43507.417466666666,43507.417466666666,1663.3733833333335,26493.348733034996,0.0,6130.3338616750025,32623.68259471
2025-07-11,更新至18:00,43507.417466666666,43507.417466666666,1663.3733833333335,26493.348733034996,3.2130458293977426e-13,6130.3338616750025,32623.68259471
2025-07-12,仅0:00预报,42068.13423333333,42068.13423333333,2894.738949999999,25394.081060679997,0.0,10113.858147824998,35507.93920850499
2025-07-12,更新至6:00,42068.13423333333,42883.306033333334,1580.3427333333325,25394.081060679997,1037.9251816925016,5314.79755360833,31746.803795980828
2025-07-12,更新至12:00,42068.13423333333,43955.03143333334,1455.6692666666668,25394.081060679997,1842.747491850006,4970.798142625,32207.626695155002
2025-07-12,更新至18:00,42068.13423333333,43955.03143333334,1455.6692666666668,25394.081060679997,1842.7474918500056,4970.798142625,32207.626695155002
2025-07-13,仅0:00预报,79750.25873057201,79750.25873057201,3295.9451666666673,52258.500587173425,0.0,12901.256088583337,65159.75667575676
2025-07-13,更新至6:00,79750.25873057201,79750.25873057201,2060.242732390941,52258.500587173425,0.0,7899.847574882388,60158.348162055816
2025-07-13,更新至12:00,79750.25873057201,79750.25873057202,2136.602549057608,52258.500587173425,2.5245299184462057e-13,8244.473165499056,60502.97375267248
2025-07-13,更新至18:00,79750.25873057201,79750.25873057205,2136.602549057608,52258.500587173425,7.434256303895381e-11,8244.473165499056,60502.97375267255
2025-07-14,仅0:00预报,76369.86240658436,76369.86240658436,3039.8520833333373,49099.27847600302,0.0,12695.496354741676,61794.7748307447
2025-07-14,更新至6:00,76369.86240658436,77441.31948415638,3408.4522833333317,49099.27847600302,1102.9443329811095,13969.758629474993,64171.98143845912
2025-07-14,更新至12:00,76369.86240658436,77810.30526399176,3272.6739333333353,49099.27847600302,1647.081520651324,13373.087379083334,64119.447375737676
2025-07-14,更新至18:00,76369.86240658436,77810.30526399176,3272.6739333333353,49099.27847600302,1647.0815206513244,13373.087379083334,64119.447375737676
2025-07-15,仅0:00预报,78149.83115802468,78149.83115802468,3001.833416666666,50012.80100141094,0.0,12284.7174475,62297.51844891094
2025-07-15,更新至6:00,78149.83115802468,78354.84275802468,3978.5546833333337,50012.80100141094,306.1598917374987,16605.3771568,66924.33804994845
2025-07-15,更新至12:00,78149.83115802468,78270.41231604938,3376.2944166666666,50012.80100141094,161.44425138694137,14069.393247091666,64243.63849988955
2025-07-15,更新至18:00,78149.83115802468,78270.41231604938,3376.2944166666666,50012.80100141094,161.44425138694268,14069.393247091666,64243.63849988955
2025-07-16,仅0:00预报,76254.0887654321,76254.0887654321,4643.9898,49760.3636962524,0.0,16437.900367541668,66198.26406379408
2025-07-16,更新至6:00,76254.0887654321,76254.0887654321,4474.89355,49760.3636962524,8.692438768775901e-13,17536.16014904166,67296.52384529407
2025-07-16,更新至12:00,76254.0887654321,78507.93949691358,3374.303899999998,49760.3636962524,1579.3379077004001,13900.195969558323,65239.89757351112
2025-07-16,更新至18:00,76254.0887654321,78507.93949691358,3374.303899999998,49760.3636962524,1579.3379077004001,13900.195969558323,65239.89757351112
2025-07-17,仅0:00预报,73438.22498950617,73438.22498950617,4754.985316666667,47401.34948915578,0.0,19218.47691549167,66619.82640464745
2025-07-17,更新至6:00,73438.22498950617,76712.67240024486,4199.078633333335,47401.34948915578,3170.7267036682856,18125.814252400007,68697.89044522407
2025-07-17,更新至12:00,73438.22498950617,75971.33649609053,4181.014166666669,47401.34948915578,2713.532195634819,18031.65982773334,68146.54151252394
2025-07-17,更新至18:00,73438.22498950617,75971.33649609053,4181.014166666669,47401.34948915578,2713.5321956348193,18031.65982773334,68146.54151252394
2025-07-18,仅0:00预报,42673.82877921811,42673.82877921811,2264.8087500000006,25954.02015243562,0.0,8668.46100781667,34622.48116025229
2025-07-18,更新至6:00,42673.82877921811,42702.5684262181,1548.1649666666665,25954.02015243562,35.90820154395066,5306.116459333332,31296.044813312903
2025-07-18,更新至12:00,42673.82877921811,42692.815279218106,1789.5614833332538,25954.02015243562,23.735023649999263,6389.182721608005,32366.937897693624
2025-07-18,更新至18:00,42673.82877921811,42692.815279218106,1789.5614833332538,25954.02015243562,23.7350236499998,6389.182721608005,32366.937897693624
2025-07-19,仅0:00预报,43695.44126668107,43695.44126668107,1857.9614500000012,27025.249915204142,0.0,6971.573902375006,33996.82381757915
2025-07-19,更新至6:00,43695.44126668107,43724.76966668107,2557.506016666687,27025.249915204142,45.37176800999981,9564.920870808392,36635.54255402253
2025-07-19,更新至12:00,43695.44126668107,44096.55969116666,1475.8827999999999,27025.249915204142,365.8449183583884,5044.481749133333,32435.576582695863
2025-07-19,更新至18:00,43695.44126668107,44096.55969116666,1475.8827999999999,27025.249915204142,365.84491835838855,5044.481749133333,32435.576582695863
2025-07-20,仅0:00预报,78235.91900185184,78235.91900185184,3743.5131000000006,49650.75455384499,0.0,16454.169383041666,66104.92393688665
2025-07-20,更新至6:00,78235.91900185184,79000.72866090533,3147.8354833333324,49650.75455384499,918.8284843108629,13609.307558408329,64178.89059656418
2025-07-20,更新至12:00,78235.91900185184,78898.38949423868,3147.078199999999,49650.75455384499,895.0557016081179,13589.193269049996,64135.0035245031
2025-07-20,更新至18:00,78235.91900185184,78898.38949423868,3147.078199999999,49650.75455384499,895.0557016081182,13589.193269049996,64135.0035245031
2025-07-21,仅0:00预报,78651.03611502057,78651.03611502057,3485.0864500000007,50431.39012083547,0.0,14685.502061650004,65116.89218248548
2025-07-21,更新至6:00,78651.03611502057,78664.85721502057,3883.755900000001,50431.39012083547,21.38158722750019,16170.054320583335,66622.8260286463
2025-07-21,更新至12:00,78651.03611502057,81406.19323333334,2652.3267000000005,50431.39012083547,2907.506335008774,10926.011553941667,64264.90800978591
2025-07-21,更新至18:00,78651.03611502057,81406.19323333334,2652.3267000000005,50431.39012083547,2907.506335008774,10926.011553941667,64264.90800978591
2025-07-22,仅0:00预报,75458.20690679012,75458.20690679012,5093.7618999999995,48829.796311179685,0.0,19585.332940300003,68415.1292514797
2025-07-22,更新至6:00,75458.20690679012,85498.58666773251,2839.9792333333326,48829.796311179685,8839.341330364892,11590.063500616663,69259.20114216124
2025-07-22,更新至12:00,75458.20690679012,80102.28326506584,2851.251049999999,48829.796311179685,3270.1749543597934,11652.69380148333,63752.665067022805
2025-07-22,更新至18:00,75458.20690679012,80102.28326506584,2851.251049999999,48829.796311179685,3270.1749543597934,11652.69380148333,63752.665067022805
2025-07-23,仅0:00预报,86309.89440969135,86309.89440969135,1707.5830166666665,55191.64554488261,0.0,6591.374047858333,61783.019592740944
2025-07-23,更新至6:00,86309.89440969135,86309.89440969135,2209.2878499999997,55191.64554488261,0.0,9740.338093058332,64931.98363794094
2025-07-23,更新至12:00,86309.89440969135,86476.29437779835,2168.091816666666,55191.64554488261,221.52661631009488,9561.62490928333,64974.79707047604
2025-07-23,更新至18:00,86309.89440969135,86476.29437779835,2168.091816666666,55191.64554488261,221.5266163100962,9561.62490928333,64974.79707047604
2025-07-24,仅0:00预报,84572.01764465022,84572.01764465022,1822.184066666667,54250.18237539839,0.0,7058.854271716667,61309.03664711506
2025-07-24,更新至6:00,84572.01764465022,84572.01764465022,1931.9694333333339,54250.18237539839,0.0,7667.709419675001,61917.891795073396
2025-07-24,更新至12:00,84572.01764465022,84572.01764465022,1967.5880500000005,54250.18237539839,0.0,7849.510341441668,62099.69271684006
2025-07-24,更新至18:00,84572.01764465022,84572.0176446502,1967.5880500000005,54250.18237539839,2.2851054382044825e-13,7849.510341441668,62099.69271684006
2025-07-25,仅0:00预报,40454.63678233333,40454.63678233333,1973.9637333333349,24510.544733478866,0.0,6885.475517808338,31396.020251287206
2025-07-25,更新至6:00,40454.63678233333,40795.39948333333,1615.2805333333338,24510.544733478866,453.4281373175988,5673.615951875002,30637.588822671467
2025-07-25,更新至12:00,40454.63678233333,40651.67998333333,1660.8784333333335,24510.544733478866,266.81384658509904,5869.038139566668,30646.396719630633
2025-07-25,更新至18:00,40454.63678233333,40651.67998333333,1660.8784333333335,24510.544733478866,266.8138465850991,5869.038139566668,30646.396719630633
2025-07-26,仅0:00预报,40571.445672999995,40571.445672999995,1669.963766666667,24373.30062954673,0.0,5888.779087341666,30262.0797168884
2025-07-26,更新至6:00,40571.445672999995,41113.90338333333,1870.8453333333327,24373.30062954673,741.5055429624013,6186.614953666666,31301.4211261758
2025-07-26,更新至12:00,40571.445672999995,40936.838272999994,1874.5992999999999,24373.30062954673,523.8794046150006,6201.382253258334,31098.562287420064
2025-07-26,更新至18:00,40571.445672999995,40936.838272999994,1874.5992999999999,24373.30062954673,523.8794046150012,6201.382253258334,31098.562287420064
2025-07-27,仅0:00预报,76807.70519341563,76807.70519341563,3370.1119499999995,48401.82787942209,0.0,14536.565931058336,62938.393810480426
2025-07-27,更新至6:00,76807.70519341563,78386.33737901234,3153.6103999999996,48401.82787942209,1869.8730695942895,13510.631708724999,63782.332657741375
2025-07-27,更新至12:00,76807.70519341563,79285.33888251027,2809.0306,48401.82787942209,2683.7361677854615,12041.037115408333,63126.60116261589
2025-07-27,更新至18:00,76807.70519341563,79285.33888251027,2809.0306,48401.82787942209,2683.7361677854624,12041.037115408333,63126.60116261589
2025-07-28,仅0:00预报,79707.7222674897,79707.7222674897,5175.3609166666665,50706.132163658636,0.0,23059.816030583333,73765.94819424197
2025-07-28,更新至6:00,79707.7222674897,81678.14426625513,4005.9419000000016,50706.132163658636,2292.7942254401787,17452.073265583338,70450.99965468215
2025-07-28,更新至12:00,79707.7222674897,81005.81896625513,4015.1449530864356,50706.132163658636,1407.9208828476803,17525.5503048519,69639.60335135822
2025-07-28,更新至18:00,79707.7222674897,81005.81896625513,4015.1449530864356,50706.132163658636,1407.9208828476803,17525.5503048519,69639.60335135822
2025-07-29,仅0:00预报,76325.38235077572,76325.38235077572,6714.862066666667,49122.87327349156,0.0,25684.9830204,74807.85629389156
2025-07-29,更新至6:00,76325.38235077572,82015.3919137757,2440.1827000000003,49122.87327349156,4097.851496080543,9279.801856775,62500.5266263471
2025-07-29,更新至12:00,76325.38235077572,82950.70378079834,2370.3085333333343,49122.87327349156,5132.572758503117,8926.713072408336,63182.15910440302
2025-07-29,更新至18:00,76325.38235077572,82950.70378079834,2370.3085333333343,49122.87327349156,5132.572758503117,8926.713072408336,63182.15910440302
2025-07-30,仅0:00预报,69431.69387674896,69431.69387674896,9696.228716666667,45294.43603177203,0.0,36944.231368425,82238.66740019702
2025-07-30,更新至6:00,69431.69387674896,78953.20393703703,3580.449866666665,45294.43603177203,7990.644921582721,13442.692258499996,66727.77321185474
2025-07-30,更新至12:00,69431.69387674896,79966.46518703703,3350.9719333333323,45294.43603177203,8854.118893627783,12795.61214650833,66944.16707190814
2025-07-30,更新至18:00,69431.69387674896,79966.46518703703,3350.9719333333323,45294.43603177203,8854.118893627783,12795.61214650833,66944.16707190814
2025-07-31,仅0:00预报,72838.80353683127,72838.80353683127,6986.29265,46985.55174257658,0.0,29212.49052059167,76198.04226316824
2025-07-31,更新至6:00,72838.80353683127,76802.97838539095,4195.776849999999,46985.55174257658,3207.051366063212,18183.37595120833,68375.97905984812
2025-07-31,更新至12:00,72838.80353683127,77979.36354567902,3823.2879999999996,46985.55174257658,4499.90478176346,16657.04971163333,68142.50623597337
2025-07-31,更新至18:00,72838.80353683127,77979.363545679,3823.2879999999996,46985.55174257658,4499.90478176346,16657.04971163333,68142.50623597337
2025-08-01,仅0:00预报,40902.11177999999,40902.11177999999,1458.5553166666666,24985.830178112334,0.0,4874.672294083333,29860.502472195665
2025-08-01,更新至6:00,40902.11177999999,40914.03206616666,2020.0364166666668,24985.830178112334,15.500863156950494,7347.660023583334,32348.99106485262
2025-08-01,更新至12:00,40902.11177999999,40912.01366616666,1456.7455999999997,24985.830178112334,12.378347896950627,4877.21424095,29875.422766959284
2025-08-01,更新至18:00,40902.11177999999,40912.01366616666,1456.7455999999997,24985.830178112334,12.378347896950842,4877.21424095,29875.422766959287
2025-08-02,仅0:00预报,40506.074016666666,40506.074016666666,1400.9496833333362,24700.34771747333,0.0,4836.950476525007,29537.298193998337
2025-08-02,更新至6:00,40506.074016666666,40506.074016666666,1623.7243666666695,24700.34771747333,0.0,5778.65170548334,30478.999422956673
2025-08-02,更新至12:00,40506.074016666666,40544.10181666666,1905.232133333335,24700.34771747333,58.829957295000455,6975.531474833335,31734.709149601666
2025-08-02,更新至18:00,40506.074016666666,40544.10181666667,1905.232133333335,24700.34771747333,58.82995729501355,6975.531474833335,31734.70914960168
2025-08-03,仅0:00预报,64525.7089,64525.7089,4804.568116666661,43203.41252014667,0.0,17930.49158619164,61133.904106338305
2025-08-03,更新至6:00,64525.7089,66620.26413168723,4947.664166666668,43203.41252014667,2242.634768467871,20453.532103708334,65899.57939232286
2025-08-03,更新至12:00,64525.7089,64607.1676,4968.859333333336,43203.41252014667,90.64579900499983,20708.905693900004,64002.964013051664
2025-08-03,更新至18:00,64525.7089,64607.167599999986,4968.859333333336,43203.41252014667,90.64579900500175,20708.905693900004,64002.96401305168
2025-08-04,仅0:00预报,69034.37046296295,69034.37046296295,4947.315399999999,45912.424613101255,0.0,21343.75983209166,67256.18444519292
2025-08-04,更新至6:00,69034.37046296295,72618.09147399176,3207.534733333332,45912.424613101255,2488.1040562045146,13700.435558899993,62100.96422820576
2025-08-04,更新至12:00,69034.37046296295,70809.51355082303,3430.608049999999,45912.424613101255,1224.1269694165703,14626.801726749994,61763.35330926782
2025-08-04,更新至18:00,69034.37046296295,70809.51355082303,3430.608049999999,45912.424613101255,1224.1269694165746,14626.801726749994,61763.353309267826
2025-08-05,仅0:00预报,65848.49826008231,65848.49826008231,6672.369533333332,43552.66120221239,0.0,25854.725591158323,69407.38679337071
2025-08-05,更新至6:00,65848.49826008231,69848.91506913581,3967.7889499999997,43552.66120221239,3000.6771450863894,16019.604464366666,62572.942811665445
2025-08-05,更新至12:00,65848.49826008231,67906.89012201646,4052.3799,43552.66120221239,1398.6567643874064,16381.2236524,61332.54161899979
2025-08-05,更新至18:00,65848.49826008231,67906.89012201646,4052.3799,43552.66120221239,1398.6567643874068,16381.2236524,61332.54161899979
2025-08-06,仅0:00预报,73485.66221790123,73485.66221790123,5797.276483333335,49012.962245920324,0.0,25144.29360668334,74157.25585260366
2025-08-06,更新至6:00,73485.66221790123,73485.66221790123,3466.2226763380127,49012.962245920324,2.4277824195451102e-14,14333.29707574551,63346.259321665835
2025-08-06,更新至12:00,73485.66221790123,74139.92669938214,3353.3028763380125,49012.962245920324,431.7743269023956,13818.169907145508,63262.906479968224
2025-08-06,更新至18:00,73485.66221790123,74139.92669938214,3353.3028763380125,49012.962245920324,431.77432690239976,13818.169907145508,63262.90647996823
2025-08-07,仅0:00预报,75908.02334423868,75908.02334423868,2186.12165,48053.512451479284,0.0,8485.452239066666,56538.96469054595
2025-08-07,更新至6:00,75908.02334423868,77136.10837469136,2789.4143443333314,48053.512451479284,1530.2632632906436,11491.772296499492,61075.54801126942
2025-08-07,更新至12:00,75908.02334423868,76912.45857757202,2799.4388776666647,48053.512451479284,1301.0956209724993,11533.268852232824,60887.876924684606
2025-08-07,更新至18:00,75908.02334423868,76912.45857757202,2799.4388776666647,48053.512451479284,1301.0956209724993,11533.268852232824,60887.876924684606
2025-08-08,仅0:00预报,39207.025299999994,39207.025299999994,1491.4242,23540.46642690833,0.0,5363.457750225001,28903.924177133333
2025-08-08,更新至6:00,39207.025299999994,39429.1584,1385.2403666666664,23540.46642690833,316.60565649000085,4966.433558466666,28823.505641864995
2025-08-08,更新至12:00,39207.025299999994,39312.6472,1383.1709166666665,23540.46642690833,142.8046218875011,4961.108576024999,28644.37962482083
2025-08-08,更新至18:00,39207.025299999994,39312.6472,1383.1709166666665,23540.46642690833,142.8046218875018,4961.108576024999,28644.37962482083
2025-08-09,仅0:00预报,39588.54283333333,39588.54283333333,1642.9139666666667,23844.259031828333,0.0,6058.648925099999,29902.90795692833
2025-08-09,更新至6:00,39588.54283333333,39605.95593333333,1758.9351000000001,23844.259031828333,21.76811630999927,6561.097248383335,30427.124396521667
2025-08-09,更新至12:00,39588.54283333333,40079.42794938271,1631.9011666666675,23844.259031828333,326.9797505842564,6009.496257783337,30180.735040195927
2025-08-09,更新至18:00,39588.54283333333,40079.42794938271,1631.9011666666675,23844.259031828333,326.97975058425743,6009.496257783337,30180.735040195927
2025-08-10,仅0:00预报,69106.44536687242,69106.44536687242,5917.123733333334,45694.62374911827,0.0,27043.850602241666,72738.47435135994
2025-08-10,更新至6:00,69106.44536687242,69106.44536687242,4818.192550000002,45694.62374911827,0.0,21239.03278976667,66933.65653888494
2025-08-10,更新至12:00,69106.44536687242,69106.44536687242,4876.652433333335,45694.62374911827,7.232188181660604e-14,21481.22002900834,67175.84377812661
2025-08-10,更新至18:00,69106.44536687242,69106.44536687242,4876.652433333335,45694.62374911827,3.3035234991984907e-12,21481.22002900834,67175.84377812661
2025-08-11,仅0:00预报,67391.02075205761,67391.02075205761,3954.9061500000007,43802.33768334432,0.0,16198.221517200003,60000.55920054432
2025-08-11,更新至6:00,67391.02075205761,69795.1644674897,3292.4045500000007,43802.33768334432,2386.168159367997,13729.756114633337,59918.261957345654
2025-08-11,更新至12:00,67391.02075205761,69928.62667037036,3177.342933333334,43802.33768334432,2472.6817473473416,13241.509230683336,59516.52866137499
2025-08-11,更新至18:00,67391.02075205761,69928.62667037037,3177.342933333334,43802.33768334432,2472.6817473473443,13241.509230683336,59516.52866137499
2025-08-12,仅0:00预报,74098.53157263374,74098.53157263374,3190.7862499999987,47631.923363917726,0.0,12851.643683483331,60483.567047401055
2025-08-12,更新至6:00,74098.53157263374,75946.17113148147,2547.055207333339,47631.923363917726,2188.4334739740148,9312.081408378692,59132.43824627043
2025-08-12,更新至12:00,74098.53157263374,75027.08029506172,2547.055207333339,47631.923363917726,1131.5632888224427,9312.081408378692,58075.56806111886
2025-08-12,更新至18:00,74098.53157263374,75027.08029506172,2547.055207333339,47631.923363917726,1131.563288822443,9312.081408378692,58075.56806111886
2025-08-13,仅0:00预报,66280.71684423868,66280.71684423868,5461.888450000001,43343.96564471259,0.0,23497.39989353334,66841.36553824593
2025-08-13,更新至6:00,66280.71684423868,68917.87118477366,4105.054666666667,43343.96564471259,1901.2146144744443,17253.72969936667,62498.909958553704
2025-08-13,更新至12:00,66280.71684423868,69513.86921502058,4014.935633333334,43343.96564471259,2714.685390723884,16906.13348161667,62964.784517053144
2025-08-13,更新至18:00,66280.71684423868,69513.86921502058,4014.935633333334,43343.96564471259,2714.685390723884,16906.13348161667,62964.784517053144
2025-08-14,仅0:00预报,67776.45853065843,67776.45853065843,6383.70825,45227.896972032344,0.0,28261.301954558323,73489.19892659067
2025-08-14,更新至6:00,67776.45853065843,72807.6168418251,3101.335516666667,45227.896972032344,3867.6897172584704,13866.942524691665,62962.52921398248
2025-08-14,更新至12:00,67776.45853065843,71194.97240390946,3101.335516666667,45227.896972032344,2774.1229816115374,13866.942524691665,61868.96247833555
2025-08-14,更新至18:00,67776.45853065843,71194.97240390946,3101.335516666667,45227.896972032344,2774.1229816115374,13866.942524691665,61868.96247833555
2025-08-15,仅0:00预报,40458.251116666666,40458.251116666666,1571.50585,24484.209825231665,0.0,5698.470737266667,30182.68056249833
2025-08-15,更新至6:00,40458.251116666666,40550.410116666666,1509.310883333333,24484.209825231665,115.2079658999992,5368.507714908334,29967.92550604
2025-08-15,更新至12:00,40458.251116666666,40550.410116666666,1743.7091833333338,24484.209825231665,115.2079658999992,6119.322974275003,30718.74076540667
2025-08-15,更新至18:00,40458.251116666666,40550.410116666666,1743.7091833333338,24484.209825231665,115.20796589999992,6119.322974275003,30718.74076540667
2025-08-16,仅0:00预报,41611.8004065,41611.8004065,1838.6189000000002,25683.46430030643,0.0,6660.053533925,32343.517834231432
2025-08-16,更新至6:00,41611.8004065,41786.19898333333,1932.0336000000007,25683.46430030643,218.61694863404972,7068.783540775003,32970.86478971549
2025-08-16,更新至12:00,41611.8004065,41786.19898333333,1673.0368666666673,25683.46430030643,218.61694863404972,5935.881867491668,31837.96311643215
2025-08-16,更新至18:00,41611.8004065,41786.198983333335,1673.0368666666673,25683.46430030643,218.61694863405057,5935.881867491668,31837.96311643215
2025-08-17,仅0:00预报,70972.1548584362,70972.1548584362,3136.4651833333337,45754.62642968737,0.0,13146.725558733335,58901.351988420705
2025-08-17,更新至6:00,70972.1548584362,71344.0078584362,3258.0669333333326,45754.62642968737,496.8908252650004,14177.445670216664,60428.962925169035
2025-08-17,更新至12:00,70972.1548584362,71672.0424584362,3265.2879166666794,45754.62642968737,958.7252112275007,14199.490529283386,60912.84217019826
2025-08-17,更新至18:00,70972.1548584362,71672.04245843622,3265.2879166666794,45754.62642968737,958.7252112275195,14199.490529283386,60912.84217019827
2025-08-18,仅0:00预报,68632.60725658436,68632.60725658436,3966.0197833333336,45267.59327669678,0.0,16921.991776325,62189.58505302179
2025-08-18,更新至6:00,68632.60725658436,69880.48513703702,3568.0688833333406,45267.59327669678,913.7784250417603,15385.589183758348,61566.96088549689
2025-08-18,更新至12:00,68632.60725658436,68957.84727325103,3589.8902833333323,45267.59327669678,216.2195630800071,15467.34325610833,60951.15609588512
2025-08-18,更新至18:00,68632.60725658436,68957.84727325103,3589.8902833333323,45267.59327669678,216.21956308000327,15467.34325610833,60951.15609588512
2025-08-19,仅0:00预报,67150.77162633745,67150.77162633745,4122.040499999998,44312.31751212401,0.0,16033.97383086666,60346.29134299068
2025-08-19,更新至6:00,67150.77162633745,67150.77162633745,3959.1766628333394,44312.31751212401,0.0,16899.252842628608,61211.57035475262
2025-08-19,更新至12:00,67150.77162633745,68606.65199876542,3637.5416128333395,44312.31751212401,1008.9133623011949,15558.295782128609,60879.52665655382
2025-08-19,更新至18:00,67150.77162633745,68606.65199876542,3637.5416128333395,44312.31751212401,1008.9133623012015,15558.295782128609,60879.526656553826
2025-08-20,仅0:00预报,75843.9992483539,75843.9992483539,4564.186016666667,48561.75304905915,0.0,20428.83647654166,68990.58952560081
2025-08-20,更新至6:00,75843.9992483539,76599.8748483539,2897.077266666667,48561.75304905915,1017.4534886849983,11705.795234633335,61285.00177237749
2025-08-20,更新至12:00,75843.9992483539,76650.70990596694,2644.3395833333334,48561.75304905915,906.9876534560929,10747.8610069,60216.60170941524
2025-08-20,更新至18:00,75843.9992483539,76650.70990596694,2644.3395833333334,48561.75304905915,906.9876534560938,10747.8610069,60216.60170941525
2025-08-21,仅0:00预报,71906.03910246912,71906.03910246912,2799.63115,46346.37082553167,0.0,11625.439573241667,57971.810398773334
2025-08-21,更新至6:00,71906.03910246912,72855.81578580246,2789.0338,46346.37082553167,1240.6910275200003,10993.479532608331,58580.54138566
2025-08-21,更新至12:00,71906.03910246912,73392.45215124279,2275.008599999999,46346.37082553167,1180.221451009494,9150.651010258329,56677.24328679949
2025-08-21,更新至18:00,71906.03910246912,73392.45215124279,2275.008599999999,46346.37082553167,1180.221451009494,9150.651010258329,56677.24328679949
2025-08-22,仅0:00预报,40796.21363333333,40796.21363333333,1597.8734833333333,24910.829081689993,0.0,5909.016407483334,30819.845489173327
2025-08-22,更新至6:00,40796.21363333333,40906.029533333334,2050.826399999999,24910.829081689993,137.57505777000074,7772.078223691662,32820.482363151656
2025-08-22,更新至12:00,40796.21363333333,41674.05176666666,1620.3318333333332,24910.829081689993,732.3867641999938,6026.417345549999,31669.633191439985
2025-08-22,更新至18:00,40796.21363333333,41674.05176666666,1620.3318333333332,24910.829081689993,732.3867642000004,6026.417345549999,31669.633191439993
2025-08-23,仅0:00预报,39317.04806666666,39317.04806666666,1706.2995666666593,23443.54289285,0.0,6062.69901206665,29506.24190491665
2025-08-23,更新至6:00,39317.04806666666,40093.84078333333,1891.4908333333362,23443.54289285,1078.4430292099996,7057.3032719666735,31579.289194026675
2025-08-23,更新至12:00,39317.04806666666,40598.60298333333,1149.8680166666697,23443.54289285,1400.9475940075004,4053.81078435834,28898.301271215838
2025-08-23,更新至18:00,39317.04806666666,40598.60298333334,1149.8680166666697,23443.54289285,1400.9475940075083,4053.81078435834,28898.30127121585
2025-08-24,仅0:00预报,67799.47353683127,67799.47353683127,4883.9877,45116.394629038725,0.0,21110.29463044167,66226.6892594804
2025-08-24,更新至6:00,67799.47353683127,68313.76953683127,3586.16798744858,45116.394629038725,602.9177100624997,14499.768612582044,60219.08095168327
2025-08-24,更新至12:00,67799.47353683127,72021.42641152264,2775.685433333354,45116.394629038725,3991.404688707655,10969.948090000049,60077.74740774643
2025-08-24,更新至18:00,67799.47353683127,72021.42641152264,2775.685433333354,45116.394629038725,3991.404688707656,10969.948090000049,60077.74740774643
2025-08-25,仅0:00预报,89209.30098045267,89209.30098045267,2115.7967,56584.87680594247,0.0,8448.8698472,65033.74665314247
2025-08-25,更新至6:00,89209.30098045267,89419.92768045267,1548.5242666666652,56584.87680594247,292.7578286274988,6812.20553924166,63689.84017381163
2025-08-25,更新至12:00,89209.30098045267,89209.30098045267,1581.5131666666648,56584.87680594247,0.0,6952.546405566658,63537.42321150913
2025-08-25,更新至18:00,89209.30098045267,89209.30098045267,1581.5131666666648,56584.87680594247,0.0,6952.546405566658,63537.42321150913
2025-08-26,仅0:00预报,68495.5381930041,68495.5381930041,5448.78683333333,45731.74929859166,0.0,22425.65991875832,68157.40921734998
2025-08-26,更新至6:00,68495.5381930041,71047.17516893003,4591.720483333334,45731.74929859166,1679.996553083337,20124.936233200002,67536.682084875
2025-08-26,更新至12:00,68495.5381930041,69124.23333703703,4591.720483333334,45731.74929859166,403.03257320861223,20124.936233200002,66259.71810500027
2025-08-26,更新至18:00,68495.5381930041,69124.23333703703,4591.720483333334,45731.74929859166,403.0325732086162,20124.936233200002,66259.71810500027
2025-08-27,仅0:00预报,68780.39686851851,68780.39686851851,5510.904166666666,44942.46966887895,0.0,20212.962354433334,65155.432023312285
2025-08-27,更新至6:00,68780.39686851851,76619.39483395062,3198.997983333333,44942.46966887895,6730.146039598424,13980.462220974998,65653.07792945237
2025-08-27,更新至12:00,68780.39686851851,73668.20584053498,3202.7688499999995,44942.46966887895,4025.8463036601597,14001.275216891663,62969.59118943077
2025-08-27,更新至18:00,68780.39686851851,73668.20584053498,3202.7688499999995,44942.46966887895,4025.8463036601597,14001.275216891663,62969.59118943077
2025-08-28,仅0:00预报,68561.39238395062,68561.39238395062,7115.019016666667,44385.51837810088,0.0,27164.371058675,71549.88943677588
2025-08-28,更新至6:00,68561.39238395062,75713.28342263374,4484.9325,44385.51837810088,6810.144407030242,18073.856111608333,69269.51889673945
2025-08-28,更新至12:00,68561.39238395062,74324.96099958847,4397.175083333333,44385.51837810088,5299.53843691799,17870.08339010833,67555.1402051272
2025-08-28,更新至18:00,68561.39238395062,74324.96099958847,4397.175083333333,44385.51837810088,5299.53843691799,17870.08339010833,67555.1402051272
2025-08-29,仅0:00预报,41344.97131666666,41344.97131666666,1486.5566000000003,25146.841695006668,0.0,5653.4626833166685,30800.304378323337
2025-08-29,更新至6:00,41344.97131666666,41344.97131666666,1918.9312333333328,25146.841695006668,0.0,7530.217073091665,32677.058768098334
2025-08-29,更新至12:00,41344.97131666666,41344.97131666666,1511.1133333333328,25146.841695006668,0.0,5757.752355049998,30904.594050056665
2025-08-29,更新至18:00,41344.97131666666,41344.97131666667,1511.1133333333328,25146.841695006668,3.0385645999331245e-12,5757.752355049998,30904.59405005667
2025-08-30,仅0:00预报,41137.986212076125,41137.986212076125,1250.8823666666667,25012.60100969061,0.0,4746.8004144666675,29759.401424157277
2025-08-30,更新至6:00,41137.986212076125,41361.83231207613,1290.0906251666665,25012.60100969061,305.2647129999965,4844.410325005668,30162.276047696276
2025-08-30,更新至12:00,41137.986212076125,41137.986212076125,1274.1419918333331,25012.60100969061,0.0,4837.978359222334,29850.579368912942
2025-08-30,更新至18:00,41137.986212076125,41137.986212076125,1274.1419918333331,25012.60100969061,6.961599297028442e-13,4837.978359222334,29850.579368912942
2025-08-31,仅0:00预报,67138.36693580246,67138.36693580246,7562.771250000001,44863.622653534025,0.0,32481.504698166667,77345.12735170069
2025-08-31,更新至6:00,67138.36693580246,70167.10019053497,3559.5999833333317,44863.622653534025,2223.4844989163867,14961.099399808329,62048.206552258736
2025-08-31,更新至12:00,67138.36693580246,70350.59479650206,3570.738616666665,44863.622653534025,2385.819748107133,14961.531829949996,62210.97423159116
2025-08-31,更新至18:00,67138.36693580246,70350.59479650206,3570.738616666665,44863.622653534025,2385.8197481071393,14961.531829949996,62210.97423159116
2025-09-01,仅0:00预报,64809.37382489711,64809.37382489711,1601.0867666666663,39967.32140555864,0.0,6315.664933941664,46282.986339500305
2025-09-01,更新至6:00,64809.37382489711,64809.37382489711,1662.2865499999984,39967.32140555864,0.0,6916.251810058325,46883.57321561697
2025-09-01,更新至12:00,64809.37382489711,66868.91342209053,971.9300999999997,39967.32140555864,2086.214795475793,4016.5268713583305,46070.06307239277
2025-09-01,更新至18:00,64809.37382489711,66868.91342209053,971.9300999999997,39967.32140555864,2086.214795475794,4016.5268713583305,46070.06307239277
2025-09-02,仅0:00预报,55691.47249567901,55691.47249567901,4418.120766666665,35617.674189226105,0.0,18529.239547124995,54146.913736351096
2025-09-02,更新至6:00,55691.47249567901,61453.71571893004,3336.8333,35617.674189226105,4661.456262608518,14908.520484791665,55187.65093662629
2025-09-02,更新至12:00,55691.47249567901,58726.181994855964,3468.5390999999995,35617.674189226105,2483.991928637687,15364.876916999998,53466.54303486379
2025-09-02,更新至18:00,55691.47249567901,58726.181994855964,3468.5390999999995,35617.674189226105,2483.9919286376876,15364.876916999998,53466.54303486379
2025-09-03,仅0:00预报,60363.588582510274,60363.588582510274,3404.349483333335,38405.44548897427,0.0,14467.801949675006,52873.247438649276
2025-09-03,更新至6:00,60363.588582510274,61068.48773251028,3009.0629333333336,38405.44548897427,868.6460226850002,11845.415742291669,51119.50725395094
2025-09-03,更新至12:00,60363.588582510274,61422.186181275705,2880.473266666667,38405.44548897427,1029.1328317935167,11330.978372608335,50765.55669337612
2025-09-03,更新至18:00,60363.588582510274,61422.186181275705,2880.473266666667,38405.44548897427,1029.132831793519,11330.978372608335,50765.55669337612
2025-09-04,仅0:00预报,57951.09717098765,57951.09717098765,4518.359000000001,37715.52868011994,0.0,20121.071335225006,57836.60001534494
2025-09-04,更新至6:00,57951.09717098765,58517.10950432098,3896.1520056666573,37715.52868011994,667.6657899199998,15808.25737261712,54191.45184265706
2025-09-04,更新至12:00,57951.09717098765,58106.719257320976,3868.31788899999,37715.52868011994,172.04872243284532,15772.248993400452,53659.826395953234
2025-09-04,更新至18:00,57951.09717098765,58106.719257320976,3868.317888999991,37715.52868011994,172.0487224328439,15772.248993400455,53659.82639595324
2025-09-05,仅0:00预报,31172.460483333332,31172.460483333332,1771.960749999996,17809.11030049833,0.0,6760.25505492499,24569.36535542332
2025-09-05,更新至6:00,31172.460483333332,31331.146683333332,1456.4613,17809.11030049833,198.37361862000006,5833.363361358333,23840.847280476664
2025-09-05,更新至12:00,31172.460483333332,31331.146683333332,1456.0169333333336,17809.11030049833,198.37361862000006,5842.031466408334,23849.515385526665
2025-09-05,更新至18:00,31172.460483333332,31331.146683333332,1456.016933333337,17809.11030049833,198.37361862000006,5842.031466408354,23849.515385526684
2025-09-06,仅0:00预报,31248.377549999997,31248.377549999997,1397.4674666666665,17637.755323395,0.0,5541.089532383332,23178.84485577833
2025-09-06,更新至6:00,31248.377549999997,31325.863849999998,1329.9124166666663,17637.755323395,96.86562363000077,5252.058487749998,22986.679434774996
2025-09-06,更新至12:00,31248.377549999997,31325.863849999998,1345.900816666666,17637.755323395,96.86562363000077,5321.17604858333,23055.79699560833
2025-09-06,更新至18:00,31248.377549999997,31325.86384999999,1345.9008166666727,17637.755323395,96.8656236300048,5321.17604858337,23055.796995608373
2025-09-07,仅0:00预报,54967.96407345679,54967.96407345679,6224.3935999999985,35752.40647418283,0.0,28128.486301374996,63880.89277555783
2025-09-07,更新至6:00,54967.96407345679,61795.147968491765,3351.08055,35752.40647418283,5443.514032355477,15208.661763233333,56404.58226977165
2025-09-07,更新至12:00,54967.96407345679,58974.54451129012,3479.4937666666665,35752.40647418283,3390.815851458348,15738.960211366666,54882.182537007844
2025-09-07,更新至18:00,54967.96407345679,58974.54451129012,3479.4937666666665,35752.40647418283,3390.8158514583497,15738.960211366666,54882.182537007844
2025-09-08,仅0:00预报,64329.2872,64329.2872,2966.8291,40238.63052021284,0.0,12846.026668666666,53084.65718887951
2025-09-08,更新至6:00,64329.2872,65252.444387654316,2748.8251666666674,40238.63052021284,950.718724309128,12434.30674465,53623.655989171966
2025-09-08,更新至12:00,64329.2872,66473.71736831276,2572.468266666669,40238.63052021284,2024.6771504581711,11635.400362325012,53898.70803299602
2025-09-08,更新至18:00,64329.2872,66473.71736831276,2572.468266666669,40238.63052021284,2024.6771504581718,11635.400362325012,53898.70803299602
2025-09-09,仅0:00预报,55527.48897962963,55527.48897962963,4880.240666666664,36157.516622568146,0.0,19484.650429191646,55642.167051759796
2025-09-09,更新至6:00,55527.48897962963,59378.49078036008,4499.192483333334,36157.516622568146,3814.9211267611936,19979.385524516667,59951.82327384601
2025-09-09,更新至12:00,55527.48897962963,57325.80069835391,4517.934616666667,36157.516622568146,1920.7882905910508,20065.1160794,58143.4209925592
2025-09-09,更新至18:00,55527.48897962963,57325.80069835391,4517.934616666667,36157.516622568146,1920.7882905910535,20065.116079400002,58143.4209925592
2025-09-10,仅0:00预报,66016.09970987654,66016.09970987654,3266.5699500000014,40699.258418341225,0.0,14464.611249175006,55163.869667516235
2025-09-10,更新至6:00,66016.09970987654,66016.09970987654,4373.920133333334,40699.258418341225,3.199147613486275e-12,18970.451650716666,59669.710069057895
2025-09-10,更新至12:00,66016.09970987654,68665.80178995473,3412.12285,40699.258418341225,2675.6742918311115,14877.014942391666,58251.947652564006
2025-09-10,更新至18:00,66016.09970987654,68665.80178995473,3412.12285,40699.258418341225,2675.674291831113,14877.014942391666,58251.947652564006
2025-09-11,仅0:00预报,64631.59346358023,64631.59346358023,4521.208883333334,40966.96924358544,0.0,20930.22777233333,61897.19701591877
2025-09-11,更新至6:00,64631.59346358023,64631.59346358023,2262.7118166666683,40966.96924358544,0.0,9477.198763791674,50444.16800737711
2025-09-11,更新至12:00,64631.59346358023,64838.50578662551,2169.3160333333353,40966.96924358544,138.51745466265842,9023.62523480834,50129.11193305644
2025-09-11,更新至18:00,64631.59346358023,64838.505786625516,2169.3160333333353,40966.96924358544,138.51745466265794,9023.62523480834,50129.11193305644
2025-09-12,仅0:00预报,32100.70212683333,32100.70212683333,1633.400749999999,18098.23650671895,0.0,6535.277104283331,24633.51361100228
2025-09-12,更新至6:00,32100.70212683333,32100.70212683333,1827.1348999999982,18098.23650671895,0.0,7442.770711341659,25541.007218060608
2025-09-12,更新至12:00,32100.70212683333,32248.849270166662,1316.8882333333322,18098.23650671895,166.05347238614803,5165.0457416583295,23429.33572076343
2025-09-12,更新至18:00,32100.70212683333,32248.849270166662,1316.8882333333322,18098.23650671895,166.05347238615178,5165.0457416583295,23429.335720763433
2025-09-13,仅0:00预报,31750.373633333336,31750.373633333336,1238.7416333333335,17908.956791413337,0.0,5113.120444408334,23022.07723582167
2025-09-13,更新至6:00,31750.373633333336,31819.609133333335,1210.6310666666668,17908.956791413337,86.55129855000047,5002.399815141667,22997.907905105003
2025-09-13,更新至12:00,31750.373633333336,31819.609133333335,1169.2314166666667,17908.956791413337,86.55129855000047,4809.201925708334,22804.71001567167
2025-09-13,更新至18:00,31750.373633333336,31819.609133333335,1169.2314166666667,17908.956791413337,86.55129855000047,4809.201925708334,22804.71001567167
2025-09-14,仅0:00预报,70494.23443950617,70494.23443950617,1421.2500833333324,43739.193493505736,0.0,6229.65593503333,49968.84942853906
2025-09-14,更新至6:00,70494.23443950617,70494.23443950617,1538.1589166666618,43739.193493505736,0.0,6957.303499333314,50696.49699283905
2025-09-14,更新至12:00,70494.23443950617,70494.23443950617,1465.0870333333287,43739.193493505736,2.4107293938868678e-14,6655.801355899981,50394.99484940572
2025-09-14,更新至18:00,70494.23443950617,70494.23443950617,1465.0870333333285,43739.193493505736,1.4994213870522799e-12,6655.801355899981,50394.99484940572
2025-09-15,仅0:00预报,57788.3383691358,57788.3383691358,4835.978229835389,37290.697391290494,0.0,20398.04937200493,57688.74676329542
2025-09-15,更新至6:00,57788.3383691358,58518.46168280247,4103.235041152266,37290.697391290494,851.787122186194,18038.695021827993,56181.17953530468
2025-09-15,更新至12:00,57788.3383691358,58783.83977942387,4036.904724485599,37290.697391290494,1073.4474891820348,17761.46347934466,56125.60835981719
2025-09-15,更新至18:00,57788.3383691358,58783.83977942387,4036.904724485599,37290.697391290494,1073.4474891820369,17761.46347934466,56125.60835981719
2025-09-16,仅0:00预报,70307.67232674896,70307.67232674896,2568.942666666668,43971.598262606625,0.0,11771.916999375007,55743.515261981636
2025-09-16,更新至6:00,70307.67232674896,70540.89632674896,1220.9508166666665,43971.598262606625,310.9207934349992,5867.967122858333,50150.486178899955
2025-09-16,更新至12:00,70307.67232674896,70503.82212674896,1200.6561666666664,43971.598262606625,262.86938683999864,5790.676724149999,50025.144373596624
2025-09-16,更新至18:00,70307.67232674896,70503.82212674896,1200.6561666666664,43971.598262606625,262.8693868399995,5790.676724149999,50025.144373596624
2025-09-17,仅0:00预报,65387.27965534979,65387.27965534979,5324.060500000001,41535.11528547645,0.0,21864.577222125008,63399.69250760146
2025-09-17,更新至6:00,65387.27965534979,65387.27965534979,3860.2677166666663,41535.11528547645,0.0,15200.041374258331,56735.156659734785
2025-09-17,更新至12:00,65387.27965534979,65387.27965534979,3515.1402166666658,41535.11528547645,0.0,13938.076463424997,55473.191748901445
2025-09-17,更新至18:00,65387.27965534979,65387.27965534979,3515.1402166666658,41535.11528547645,5.426818461273797e-12,13938.076463424997,55473.19174890146
2025-09-18,仅0:00预报,58726.393771810704,58726.393771810704,6791.153816666665,38134.81758947531,0.0,28398.647182374993,66533.4647718503
2025-09-18,更新至6:00,58726.393771810704,66572.21013209877,2916.1733166666663,38134.81758947531,6143.68435863818,13347.847625933331,57626.34957404682
2025-09-18,更新至12:00,58726.393771810704,64735.92865928395,2918.2582499999994,38134.81758947531,4699.664728201386,13353.814681133332,56188.29699881002
2025-09-18,更新至18:00,58726.393771810704,64735.92865928395,2918.2582500000008,38134.81758947531,4699.664728201387,13353.814681133337,56188.29699881003
2025-09-19,仅0:00预报,32597.2033,32597.2033,1639.3420000000017,18517.792150771667,0.0,6806.218330050004,25324.01048082167
2025-09-19,更新至6:00,32597.2033,33080.530475,1700.1527000000015,18517.792150771667,581.5439597050034,6505.642050683337,25604.97816116001
2025-09-19,更新至12:00,32597.2033,32732.302300000003,1407.5957738683107,18517.792150771667,168.88725990000123,5763.7855970665605,24450.465007738232
2025-09-19,更新至18:00,32597.2033,32732.302300000003,1407.5957738683123,18517.792150771667,168.8872599000002,5763.785597066564,24450.465007738232
2025-09-20,仅0:00预报,32685.185283333325,32685.185283333325,1619.4088999999815,18600.512837754995,0.0,6540.157976741623,25140.670814496618
2025-09-20,更新至6:00,32685.185283333325,32792.85988333333,1373.4866166666666,18600.512837754995,134.8429530075038,5756.947133258334,24492.302924020834
2025-09-20,更新至12:00,32685.185283333325,32792.309583333335,1443.4365833333327,18600.512837754995,133.9916251500006,6052.872297274998,24787.376760179992
2025-09-20,更新至18:00,32685.185283333325,32792.309583333335,1443.4365833333327,18600.512837754995,133.99162515000435,6052.872297274998,24787.37676018
2025-09-21,仅0:00预报,64908.7148761255,64908.7148761255,2528.441066666667,41012.24885283777,0.0,11064.021166016668,52076.27001885444
2025-09-21,更新至6:00,64908.7148761255,65793.88045266872,2604.9131166666666,41012.24885283777,623.4824541197261,12287.7124983,53923.4438052575
2025-09-21,更新至12:00,64908.7148761255,65035.14939279217,2743.3293833333328,41012.24885283777,107.55439798000133,12713.535164458332,53833.3384152761
2025-09-21,更新至18:00,64908.7148761255,65035.14939279217,2743.3293833333328,41012.24885283777,107.55439798000455,12713.535164458332,53833.338415276114
2025-09-22,仅0:00预报,69956.78973765431,69956.78973765431,3704.629816666666,44351.58599132629,0.0,17508.341321549997,61859.92731287629
2025-09-22,更新至6:00,69956.78973765431,69956.78973765431,2657.5431283333264,44351.58599132629,0.0,11287.372327269974,55638.95831859626
2025-09-22,更新至12:00,69956.78973765431,69956.78973765431,2564.132694999993,44351.58599132629,0.0,11007.895232003306,55359.481223329596
2025-09-22,更新至18:00,69956.78973765431,69956.78973765431,2564.132694999993,44351.58599132629,2.1420305529318284e-12,11007.895232003306,55359.481223329596
2025-09-23,仅0:00预报,68149.93810955966,68149.93810955966,3500.2885500000007,43341.14766613098,0.0,15243.816230966668,58584.963897097645
2025-09-23,更新至6:00,68149.93810955966,68149.93810955966,3194.4340570000036,43341.14766613098,0.0,13843.875454603516,57185.02312073449
2025-09-23,更新至12:00,68149.93810955966,68149.93810955966,3215.93822366667,43341.14766613098,0.0,13942.825262545182,57283.97292867616
2025-09-23,更新至18:00,68149.93810955966,68149.93810955966,3215.9382236666725,43341.14766613098,1.5708224054833408e-12,13942.825262545199,57283.97292867618
2025-09-24,仅0:00预报,60304.49460349794,60304.49460349794,7263.415500000001,38275.24968757765,0.0,25777.02811493333,64052.27780251098
2025-09-24,更新至6:00,60304.49460349794,62586.846118312744,4805.7206166666665,38275.24968757765,1648.7170693008306,21049.59007155833,60973.556828436806
2025-09-24,更新至12:00,60304.49460349794,64217.133629835385,4199.090433333333,38275.24968757765,3182.1555561990726,19138.289917266666,60595.69516104339
2025-09-24,更新至18:00,60304.49460349794,64217.133629835385,4199.090433333333,38275.24968757765,3182.155556199075,19138.289917266666,60595.69516104339
2025-09-25,仅0:00预报,64208.18388806583,64208.18388806583,3659.381283333334,40556.65664025265,0.0,16622.150581,57178.80722125265
2025-09-25,更新至6:00,64208.18388806583,68069.3468265432,2310.6056666666673,40556.65664025265,2852.482737619351,10722.337392483338,54131.47677035534
2025-09-25,更新至12:00,64208.18388806583,67369.84713251029,2327.048233333334,40556.65664025265,2436.9053250417574,10768.549304083337,53762.11126937775
2025-09-25,更新至18:00,64208.18388806583,67369.84713251029,2327.0482333333334,40556.65664025265,2436.905325041776,10768.549304083335,53762.11126937777
2025-09-26,仅0:00预报,32778.32818333333,32778.32818333333,1360.4902000000002,18527.11001101333,0.0,5606.474457900001,24133.58446891333
2025-09-26,更新至6:00,32778.32818333333,32778.32818333333,1552.5075000000002,18527.11001101333,0.0,6217.399751708335,24744.509762721667
2025-09-26,更新至12:00,32778.32818333333,32778.32818333333,1654.5177166666604,18527.11001101333,0.0,6471.948081524986,24999.05809253832
2025-09-26,更新至18:00,32778.32818333333,32778.32818333333,1654.5177166666608,18527.11001101333,0.0,6471.94808152499,24999.05809253832
2025-09-27,仅0:00预报,33321.8168275,33321.8168275,3377.4807999999994,18888.163941352,0.0,13151.839162816665,32040.003104168663
2025-09-27,更新至6:00,33321.8168275,34525.61635,1250.5121999999992,18888.163941352,1398.1626940945002,5146.104975541664,25432.431610988162
2025-09-27,更新至12:00,33321.8168275,33804.16515,1299.9627833333325,18888.163941352,567.0698333095011,5345.874725641665,24801.108500303166
2025-09-27,更新至18:00,33321.8168275,33804.16515,1299.9627833333325,18888.163941352,567.0698333095011,5345.874725641665,24801.108500303166
2025-09-28,仅0:00预报,64435.38725622221,64435.38725622221,5257.291116666668,40269.9597190622,0.0,22144.962968383337,62414.922687445534
2025-09-28,更新至6:00,64435.38725622221,72578.91912470781,2532.8866166666667,40269.9597190622,6642.943852363384,11717.781876916668,58630.68544834226
2025-09-28,更新至12:00,64435.38725622221,69983.79394799177,2550.6466666666665,40269.9597190622,4303.703571519354,11767.028853983335,56340.69214456489
2025-09-28,更新至18:00,64435.38725622221,69983.7939479917,2550.646666666734,40269.9597190622,4303.703571519396,11767.028853983755,56340.69214456535
2025-09-29,仅0:00预报,68978.52173148148,68978.52173148148,3734.545766666667,43534.59984090719,0.0,16645.983488283335,60180.58332919053
2025-09-29,更新至6:00,68978.52173148148,68978.52173148148,3699.386841975318,43534.59984090719,0.0,15342.9235984778,58877.52343938499
2025-09-29,更新至12:00,68978.52173148148,69709.69806728393,3130.0583586419843,43534.59984090719,649.282483119255,12986.122912894467,57170.005236920915
2025-09-29,更新至18:00,68978.52173148148,69709.69806728393,3130.0583586419843,43534.59984090719,649.2824831192563,12986.122912894467,57170.005236920915
2025-09-30,仅0:00预报,67128.0995925926,67128.0995925926,8438.243766666666,42958.52387968075,0.0,35436.41420842499,78394.93808810574
2025-09-30,更新至6:00,67128.0995925926,68894.2114286008,4686.796183333333,42958.52387968075,1195.7699867790118,20467.632045016664,64621.92591147643
2025-09-30,更新至12:00,67128.0995925926,69793.76531131685,4497.264783333333,42958.52387968075,1916.3414962857628,19777.592011566667,64652.457387533184
2025-09-30,更新至18:00,67128.0995925926,69793.76531131685,4497.264783333333,42958.52387968075,1916.3414962857632,19777.592011566667,64652.457387533184
2025-10-01,仅0:00预报,59597.897480041145,59597.897480041145,3200.694400000006,36860.2555262616,0.0,15019.83407786668,51880.08960412828
2025-10-01,更新至6:00,59597.897480041145,60060.56838786008,2631.5949499999992,36860.2555262616,544.4004944934909,12413.268844916662,49817.924865671754
2025-10-01,更新至12:00,59597.897480041145,59674.50348004115,2631.5949499999992,36860.2555262616,101.56423480000436,12413.268844916662,49375.088605978264
2025-10-01,更新至18:00,59597.897480041145,59674.503480041145,2631.594950000007,36860.2555262616,101.56423480000457,12413.268844916684,49375.088605978286
2025-10-02,仅0:00预报,67103.99937510287,67103.99937510287,1826.1959500000003,40943.204018168,0.0,8239.217541283335,49182.42155945134
2025-10-02,更新至6:00,67103.99937510287,67103.99937510287,1348.7406999999985,40943.204018168,0.0,6630.399640958326,47573.603659126326
2025-10-02,更新至12:00,67103.99937510287,67103.99937510287,1364.1106999999986,40943.204018168,0.0,6701.593480958327,47644.797499126325
2025-10-02,更新至18:00,67103.99937510287,67103.99937510287,1364.1106999999986,40943.204018168,8.568122211727314e-13,6701.593480958327,47644.797499126325
2025-10-03,仅0:00预报,28898.461983333335,28898.461983333335,1294.6958666666665,15209.936491556666,0.0,5528.130473358333,20738.066964915
2025-10-03,更新至6:00,28898.461983333335,29033.302483333333,1775.8822333333337,15209.936491556666,175.41019751999937,7680.638162391668,23065.984851468333
2025-10-03,更新至12:00,28898.461983333335,29113.72708333333,1244.0147500000003,15209.936491556666,282.0371321999991,5329.386917266667,20821.360541023332
2025-10-03,更新至18:00,28898.461983333335,29113.72708333333,1244.0147500000003,15209.936491556666,282.0371321999991,5329.386917266667,20821.360541023332
2025-10-04,仅0:00预报,30871.075549999994,30871.075549999994,1247.4410333333358,16442.834283146665,0.0,5294.175917916672,21737.010201063338
2025-10-04,更新至6:00,30871.075549999994,30871.075549999994,1320.2612666666666,16442.834283146665,1.5184014046099037e-12,5444.287848825001,21887.122131971664
2025-10-04,更新至12:00,30871.075549999994,30871.075549999994,1422.5685333333356,16442.834283146665,0.0,5866.281222950005,22309.11550609667
2025-10-04,更新至18:00,30871.075549999994,30871.075549999994,1422.5685333333356,16442.834283146665,1.0051394383481238e-12,5866.281222950005,22309.11550609667
2025-10-05,仅0:00预报,66777.31795823044,66777.31795823044,1451.2263833333332,40278.39140958061,0.0,6764.447781941665,47042.839191522275
2025-10-05,更新至6:00,66777.31795823044,66928.19452489712,1560.7648833333321,40278.39140958061,176.72824887000058,7509.437244066661,47964.55690251727
2025-10-05,更新至12:00,66777.31795823044,67703.91793024688,1376.4191333333322,40278.39140958061,917.2213058611324,6729.262996849995,47924.87571229174
2025-10-05,更新至18:00,66777.31795823044,67703.9179302469,1376.4191333333322,40278.39140958061,917.2213058611376,6729.262996849995,47924.875712291745
2025-10-06,仅0:00预报,57490.62678991769,57490.62678991769,7020.647633333334,36213.599333222344,0.0,28338.722134950003,64552.32146817235
2025-10-06,更新至6:00,57490.62678991769,60146.337185185184,4330.8059,36213.599333222344,2177.02993664685,19554.42898088334,57945.05825075254
2025-10-06,更新至12:00,57490.62678991769,59782.20319135802,4384.432100000001,36213.599333222344,1939.3532482067262,19800.095007225005,57953.04758865407
2025-10-06,更新至18:00,57490.62678991769,59782.20319135803,4384.432100000001,36213.599333222344,1939.3532482067296,19800.095007225005,57953.04758865408
2025-10-07,仅0:00预报,59897.02492263375,59897.02492263375,4371.524983333331,36603.925243704776,0.0,20011.380266291657,56615.30550999643
2025-10-07,更新至6:00,59897.02492263375,60943.42647572016,3626.532633333333,36603.925243704776,845.5001129214476,16264.358884149999,53713.78424077622
2025-10-07,更新至12:00,59897.02492263375,62610.2641436214,3314.2043833333337,36603.925243704776,2497.762212877838,14995.727258125,54097.414714707615
2025-10-07,更新至18:00,59897.02492263375,62610.2641436214,3314.2043833333337,36603.925243704776,2497.7622128778416,14995.727258125,54097.414714707615
2025-10-08,仅0:00预报,58082.19890041152,58082.19890041152,5682.321566666666,36139.018787237204,0.0,26232.851639925,62371.870427162205
2025-10-08,更新至6:00,58082.19890041152,58279.774912102876,5005.026766666665,36139.018787237204,182.82278220898732,21831.022837024993,58152.864406471184
2025-10-08,更新至12:00,58082.19890041152,58981.23629876954,4501.439383333333,36139.018787237204,671.3458574605771,20308.112170866665,57118.47681556444
2025-10-08,更新至18:00,58082.19890041152,58981.23629876955,4501.439383333333,36139.018787237204,671.3458574605963,20308.112170866665,57118.47681556447
2025-10-09,仅0:00预报,68569.43597736626,68569.43597736626,2103.2480166666674,41896.60672963658,0.0,9867.672185833337,51764.27891546991
2025-10-09,更新至6:00,68569.43597736626,68569.43597736626,2180.9848500000003,41896.60672963658,0.0,10797.948977941667,52694.55570757825
2025-10-09,更新至12:00,68569.43597736626,68937.82961872428,2077.5205333333333,41896.60672963658,315.0843317021318,10358.088114916667,52569.77917625538
2025-10-09,更新至18:00,68569.43597736626,68937.82961872428,2077.5205333333333,41896.60672963658,315.0843317021348,10358.088114916667,52569.77917625538
2025-10-10,仅0:00预报,31385.860533333333,31385.860533333333,1360.4741999999997,16902.28760008,0.0,5671.920939925,22574.208540005
2025-10-10,更新至6:00,31385.860533333333,31436.13163333333,1345.6247166666674,16902.28760008,66.64942438000091,5547.20794964167,22516.14497410167
2025-10-10,更新至12:00,31385.860533333333,31385.860533333333,1388.1732833333335,16902.28760008,0.0,5711.774015900001,22614.06161598
2025-10-10,更新至18:00,31385.860533333333,31385.860533333333,1388.1732833333335,16902.28760008,0.0,5711.774015900001,22614.06161598
2025-10-11,仅0:00预报,30799.857799999998,30799.857799999998,1493.3336166666672,16533.32560032833,0.0,6260.687999350002,22794.013599678336
2025-10-11,更新至6:00,30799.857799999998,31209.484999999997,1601.9738500000012,16533.32560032833,483.1567624224998,6172.9815251666705,23189.4638879175
2025-10-11,更新至12:00,30799.857799999998,30799.857799999998,1562.488733333335,16533.32560032833,0.0,6079.672675366673,22612.998275695005
2025-10-11,更新至18:00,30799.857799999998,30799.857799999998,1562.4887333333352,16533.32560032833,0.0,6079.672675366673,22612.998275695005
2025-10-12,仅0:00预报,62135.33609238683,62135.33609238683,3124.5208000000002,37908.1691064429,0.0,14423.299677924999,52331.4687843679
2025-10-12,更新至6:00,62135.33609238683,63066.205444032916,3634.28045,37908.1691064429,824.8638126893427,17222.408713983335,55955.44163311558
2025-10-12,更新至12:00,62135.33609238683,62460.944030041144,3705.1213000000002,37908.1691064429,329.78851413249424,17536.692941583333,55774.65056215873
2025-10-12,更新至18:00,62135.33609238683,62460.944030041144,3705.1213000000002,37908.1691064429,329.78851413249697,17536.692941583333,55774.65056215873
2025-10-13,仅0:00预报,64128.38205020575,64128.38205020575,4289.167649999999,39601.803754934066,0.0,20161.486769183335,59763.2905241174
2025-10-13,更新至6:00,64128.38205020575,64128.38205020575,2665.9941742798374,39601.803754934066,0.0,12262.873608262966,51864.67736319703
2025-10-13,更新至12:00,64128.38205020575,64321.42432572016,2582.938257613171,39601.803754934066,131.78030937990556,11944.189956479631,51677.77402079361
2025-10-13,更新至18:00,64128.38205020575,64321.42432572016,2582.9382576131725,39601.803754934066,131.7803093799091,11944.189956479642,51677.774020793615
2025-10-14,仅0:00预报,67516.15979979423,67516.15979979423,4687.949566666666,41602.33182611222,0.0,22208.821129399992,63811.15295551221
2025-10-14,更新至6:00,67516.15979979423,67516.15979979423,3786.27357263374,41602.33182611222,0.0,17346.644764459554,58948.97659057177
2025-10-14,更新至12:00,67516.15979979423,69220.14931975308,2620.809022633739,41602.33182611222,1736.1945223891662,12441.279849701215,55779.8061982026
2025-10-14,更新至18:00,67516.15979979423,69220.14931975308,2620.809022633739,41602.33182611222,1736.1945223891694,12441.279849701215,55779.8061982026
2025-10-15,仅0:00预报,70029.20143539093,70029.20143539093,4002.4258333333346,43004.71795576919,0.0,18765.575332225002,61770.293287994195
2025-10-15,更新至6:00,70029.20143539093,70029.20143539093,2639.8440833333334,43004.71795576919,0.0,12142.627636700001,55147.345592469195
2025-10-15,更新至12:00,70029.20143539093,71064.17210288064,2267.6629500000004,43004.71795576919,986.1003463222132,10638.464418583335,54629.282720674746
2025-10-15,更新至18:00,70029.20143539093,71064.17210288064,2267.6629500000004,43004.71795576919,986.1003463222179,10638.464418583335,54629.282720674746
2025-10-16,仅0:00预报,66647.06827246296,66647.06827246296,5777.288983333331,41242.009540702966,0.0,25357.82372746666,66599.83326816963
2025-10-16,更新至6:00,66647.06827246296,67017.09183271605,3843.646866666665,41242.009540702966,286.1399733022599,16874.12211830833,58402.271632313554
2025-10-16,更新至12:00,66647.06827246296,67515.52755246914,3745.420549999998,41242.009540702966,710.9567372478128,16466.56133823333,58419.5276161841
2025-10-16,更新至18:00,66647.06827246296,67515.52755246914,3745.420549999998,41242.009540702966,710.9567372478184,16466.56133823333,58419.52761618412
2025-10-17,仅0:00预报,30083.088,30083.088,3763.749699999975,15967.492324814999,0.0,15839.435191499942,31806.927516314943
2025-10-17,更新至6:00,30083.088,30866.682616666665,1929.65502037037,15967.492324814999,973.3564751174996,7757.875114055554,24698.72391398805
2025-10-17,更新至12:00,30083.088,32343.88191666666,1455.2237537037056,15967.492324814999,2138.512711279996,6041.024359938899,24147.029396033893
2025-10-17,更新至18:00,30083.088,32343.88191666666,1455.2237537037054,15967.492324814999,2138.512711279996,6041.024359938898,24147.02939603389
2025-10-18,仅0:00预报,31930.251599999996,31930.251599999996,1652.9556499999999,17325.745270323336,0.0,6787.8976923499995,24113.642962673337
2025-10-18,更新至6:00,31930.251599999996,31991.2281,1542.796043621399,17325.745270323336,76.22672264999956,6370.26102022932,23772.233013202655
2025-10-18,更新至12:00,31930.251599999996,31991.2281,1560.2778769547322,17325.745270323336,76.22672264999956,6437.7660454793195,23839.738038452655
2025-10-18,更新至18:00,31930.251599999996,31991.2281,1560.2778769547322,17325.745270323336,76.22672264999956,6437.7660454793195,23839.738038452655
2025-10-19,仅0:00预报,68651.97656337448,68651.97656337448,4426.261433333331,42516.062158590736,0.0,20286.40443613332,62802.46659472406
2025-10-19,更新至6:00,68651.97656337448,68651.97656337448,4213.548251166666,42516.062158590736,0.0,19164.92001936466,61680.9821779554
2025-10-19,更新至12:00,68651.97656337448,68651.97656337448,4213.548251166666,42516.062158590736,0.0,19164.92001936466,61680.9821779554
2025-10-19,更新至18:00,68651.97656337448,68651.97656337448,4213.548251166666,42516.062158590736,0.0,19164.92001936466,61680.9821779554
2025-10-20,仅0:00预报,72612.9579010288,72612.9579010288,3008.518666666668,45050.58427757749,0.0,13017.507120950004,58068.09139852749
2025-10-20,更新至6:00,72612.9579010288,72612.9579010288,2125.076283333335,45050.58427757749,6.519712769659236e-13,10361.766267833338,55412.35054541082
2025-10-20,更新至12:00,72612.9579010288,72612.9579010288,2125.076283333334,45050.58427757749,8.676579454913735e-13,10361.766267833334,55412.35054541082
2025-10-20,更新至18:00,72612.9579010288,72612.9579010288,2125.0762833333374,45050.58427757749,1.356619350190158e-12,10361.76626783335,55412.35054541084
2025-10-21,仅0:00预报,71392.3163728395,71392.3163728395,5290.4514500000005,43651.4233942658,0.0,24232.661118633332,67884.08451289914
2025-10-21,更新至6:00,71392.3163728395,71751.02650617284,3609.2759549382636,43651.4233942658,381.116498467499,16714.248839816315,60746.78873254961
2025-10-21,更新至12:00,71392.3163728395,71751.02650617284,3607.8293549382634,43651.4233942658,381.116498467499,16707.548188616314,60740.08808134962
2025-10-21,更新至18:00,71392.3163728395,71751.02650617284,3607.829354938265,43651.4233942658,381.11649846750214,16707.548188616325,60740.08808134963
2025-10-22,仅0:00预报,68373.20716358024,68373.20716358024,5366.090516666667,42224.052494822274,0.0,22132.272225941666,64356.324720763936
2025-10-22,更新至6:00,68373.20716358024,68565.12563224691,3887.91065000001,42224.052494822274,239.9172776802008,17013.305641175022,59477.2754136775
2025-10-22,更新至12:00,68373.20716358024,71153.98684994238,2961.05880000001,42224.052494822274,2766.9245475737134,13444.340544891687,58435.317587287675
2025-10-22,更新至18:00,68373.20716358024,71153.98684994238,2961.05880000001,42224.052494822274,2766.924547573714,13444.340544891687,58435.317587287675
2025-10-23,仅0:00预报,78729.32113230453,78729.32113230453,1136.6684500000001,48302.935579694175,0.0,4872.151765016667,53175.08734471084
2025-10-23,更新至6:00,78729.32113230453,78897.91823230452,1502.0424833333325,48302.935579694175,203.7464481000002,7559.181977316661,56065.86400511084
2025-10-23,更新至12:00,78729.32113230453,79430.68837386831,1372.7021333333328,48302.935579694175,794.9415642798731,7023.108848258329,56120.985992232374
2025-10-23,更新至18:00,78729.32113230453,79430.68837386831,1372.7021333333328,48302.935579694175,794.9415642798734,7023.108848258329,56120.985992232374
2025-10-24,仅0:00预报,32213.863599999993,32213.863599999993,2350.2487833333334,17467.94773890333,0.0,9756.446708491669,27224.394447395
2025-10-24,更新至6:00,32213.863599999993,32508.715499999995,1732.6325666666667,17467.94773890333,337.81129966999947,6825.674041133334,24631.433079706665
2025-10-24,更新至12:00,32213.863599999993,32813.202799999985,1638.0196666666666,17467.94773890333,455.7733866749975,6464.134426075001,24387.85555165333
2025-10-24,更新至18:00,32213.863599999993,32813.20279999999,1638.0196666666661,17467.94773890333,455.7733866749974,6464.134426074998,24387.855551653327
2025-10-25,仅0:00预报,31921.456749999994,31921.456749999994,1493.94495,17267.578568804995,0.0,6168.2977955333345,23435.876364338328
2025-10-25,更新至6:00,31921.456749999994,31980.035849999993,1904.5766500000025,17267.578568804995,77.6641707799979,7264.638278383344,24609.881017968335
2025-10-25,更新至12:00,31921.456749999994,32702.37384999999,1518.778366666668,17267.578568804995,616.1749855824942,6090.807152250006,23974.560706637494
2025-10-25,更新至18:00,31921.456749999994,32702.37384999999,1518.7783666666676,17267.578568804995,616.1749855824942,6090.807152250003,23974.56070663749
2025-10-26,仅0:00预报,72965.22435658435,72965.22435658435,1303.2211166666666,44756.15700897423,0.0,5757.386966158334,50513.54397513256
2025-10-26,更新至6:00,72965.22435658435,73127.93775658435,1803.1671166666658,44756.15700897423,215.72542572000043,9177.023776191661,54148.90621088589
2025-10-26,更新至12:00,72965.22435658435,73787.99519053496,1572.5537166666659,44756.15700897423,942.6741150747789,8231.70872378333,53930.53984783233
2025-10-26,更新至18:00,72965.22435658435,73787.99519053496,1572.5537166666659,44756.15700897423,942.674115074785,8231.70872378333,53930.53984783235
2025-10-27,仅0:00预报,66729.7808074074,66729.7808074074,3832.7338999999997,41118.79094530214,0.0,18142.145582358335,59260.93652766048
2025-10-27,更新至6:00,66729.7808074074,71442.89615349793,3011.0305666666677,41118.79094530214,4141.987899958787,14297.681771491669,59558.4606167526
2025-10-27,更新至12:00,66729.7808074074,70114.58998900822,3010.9562333333342,41118.79094530214,2933.246255258403,14297.04129461667,58349.078495177215
2025-10-27,更新至18:00,66729.7808074074,70114.58998900822,3010.956233333335,41118.79094530214,2933.246255258403,14297.041294616674,58349.07849517722
2025-10-28,仅0:00预报,66285.21035390945,66285.21035390945,5518.516366666669,40940.87678864067,0.0,22719.89254306667,63660.76933170734
2025-10-28,更新至6:00,66285.21035390945,69830.45904238684,4274.692833333334,40940.87678864067,3242.7388172996357,19443.06967520833,63626.68528114864
2025-10-28,更新至12:00,66285.21035390945,69632.48458621399,4244.346100000001,40940.87678864067,2938.744052602223,19317.449372575,63197.0702138179
2025-10-28,更新至18:00,66285.21035390945,69632.48458621399,4244.346100000001,40940.87678864067,2938.744052602228,19317.449372575,63197.0702138179
2025-10-29,仅0:00预报,75088.82136847943,75088.82136847943,3591.764566666667,46211.59694010187,0.0,17098.788537633332,63310.385477735195
2025-10-29,更新至6:00,75088.82136847943,75838.11518231276,2513.220116666667,46211.59694010187,943.6436422098525,11765.015140024998,58920.25572233672
2025-10-29,更新至12:00,75088.82136847943,75820.47533231277,2485.876283333332,46211.59694010187,918.3053141198544,11651.825341941661,58781.727596163386
2025-10-29,更新至18:00,75088.82136847943,75820.47533231277,2485.876283333335,46211.59694010187,918.3053141198532,11651.82534194167,58781.72759616339
2025-10-30,仅0:00预报,65277.2293936214,65277.2293936214,5413.190999999999,40380.52942714513,0.0,22928.66473805833,63309.19416520346
2025-10-30,更新至6:00,65277.2293936214,67071.12606790123,4860.552177333332,40380.52942714513,1893.850139441945,21991.813536389658,64266.19310297673
2025-10-30,更新至12:00,65277.2293936214,67379.66313436214,4809.483993999998,40380.52942714513,2147.285940053763,21744.773470106324,64272.588837305215
2025-10-30,更新至18:00,65277.2293936214,67379.66313436214,4809.483993999998,40380.52942714513,2147.2859400537664,21744.773470106324,64272.588837305215
2025-10-31,仅0:00预报,33366.58563930041,33366.58563930041,1912.1036666666664,18263.175839014937,0.0,7027.867029066667,25291.042868081604
2025-10-31,更新至6:00,33366.58563930041,33366.58563930041,1511.430533333334,18263.175839014937,0.0,6141.535740091672,24404.71157910661
2025-10-31,更新至12:00,33366.58563930041,33366.58563930041,1537.0495166666683,18263.175839014937,0.0,6149.654414233341,24412.830253248278
2025-10-31,更新至18:00,33366.58563930041,33366.58563930041,1537.0495166666678,18263.175839014937,0.0,6149.65441423334,24412.830253248278
2025-11-01,仅0:00预报,32824.374599999996,32824.374599999996,1611.4510666666538,17694.644050709998,0.0,6331.785416983301,24026.4294676933
2025-11-01,更新至6:00,32824.374599999996,32832.003099999994,1653.3821166666664,17694.644050709998,7.894353225000561,6871.533204608331,24574.07160854333
2025-11-01,更新至12:00,32824.374599999996,33966.872683333335,1348.6711000000003,17694.644050709998,785.5550496925007,5540.797655625001,24020.996756027496
2025-11-01,更新至18:00,32824.374599999996,33966.872683333335,1348.6711,17694.644050709998,785.5550496925007,5540.797655625,24020.996756027496
2025-11-02,仅0:00预报,72268.45998127572,72268.45998127572,5828.12035,44908.29762630796,0.0,25192.87699860833,70101.1746249163
2025-11-02,更新至6:00,72268.45998127572,76396.86021090535,3178.2239833333333,44908.29762630796,3555.0465895699945,14899.583519383334,63362.92773526129
2025-11-02,更新至12:00,72268.45998127572,74760.18426460905,3178.2239833333333,44908.29762630796,2202.430260222499,14899.583519383334,62010.311405913795
2025-11-02,更新至18:00,72268.45998127572,74760.18426460905,3178.2239833333333,44908.29762630796,2202.4302602225002,14899.583519383334,62010.311405913795
2025-11-03,仅0:00预报,77015.47173583538,77015.47173583538,2394.0091999999995,47177.69467329906,0.0,11195.240017799997,58372.93469109906
2025-11-03,更新至6:00,77015.47173583538,77232.92531916872,2576.0288606666663,47177.69467329906,237.77482939000058,12876.489954434664,60291.959457123725
2025-11-03,更新至12:00,77015.47173583538,77037.27013583538,2576.0288606666663,47177.69467329906,28.900318719997657,12876.489954434664,60083.084946453724
2025-11-03,更新至18:00,77015.47173583538,77037.27013583538,2576.0288606666663,47177.69467329906,28.900318719998086,12876.489954434664,60083.084946453724
2025-11-04,仅0:00预报,70778.07035823044,70778.07035823044,3828.0114166666663,43751.21927147446,0.0,16198.904855541665,59950.124127016126
2025-11-04,更新至6:00,70778.07035823044,72993.91884582098,3146.1139166666676,43751.21927147446,2146.7464277799354,13112.29253664167,59010.258235896064
2025-11-04,更新至12:00,70778.07035823044,72322.31132236418,3202.987950000001,43751.21927147446,1463.7933322602723,13345.51377901667,58560.5263827514
2025-11-04,更新至18:00,70778.07035823044,72322.31132236418,3202.987950000001,43751.21927147446,1463.793332260275,13345.51377901667,58560.526382751406
2025-11-05,仅0:00预报,79542.0623346008,79542.0623346008,2692.100766666667,49018.54982575001,0.0,12650.992126158337,61669.541951908344
2025-11-05,更新至6:00,79542.0623346008,79542.0623346008,2526.890966666667,49018.54982575001,0.0,12120.846818974998,61139.396644725006
2025-11-05,更新至12:00,79542.0623346008,80308.98123439505,2368.620033333333,49018.54982575001,859.1436483470297,11468.494403833332,61346.18787793037
2025-11-05,更新至18:00,79542.0623346008,80308.98123439505,2368.620033333333,49018.54982575001,859.1436483470305,11468.494403833332,61346.18787793037
2025-11-06,仅0:00预报,74426.47199533333,74426.47199533333,4325.446566666667,45727.54299387206,0.0,20160.07984433333,65887.6228382054
2025-11-06,更新至6:00,74426.47199533333,76339.05445823044,3285.388133333332,45727.54299387206,2177.7343230683546,15339.005322724994,63244.28263966541
2025-11-06,更新至12:00,74426.47199533333,76246.2407419753,3281.2300166666655,45727.54299387206,2070.227007178848,15325.08810624166,63122.85810729257
2025-11-06,更新至18:00,74426.47199533333,76246.24074197531,3281.2300166666655,45727.54299387206,2070.2270071788525,15325.08810624166,63122.85810729257
2025-11-07,仅0:00预报,33534.68220658436,33534.68220658436,1602.0729333333334,18000.255836173106,0.0,6613.6829005166655,24613.93873668977
2025-11-07,更新至6:00,33534.68220658436,33906.704806584356,1303.8225224279836,18000.255836173106,427.3290659675006,5792.10655946893,24219.69146160954
2025-11-07,更新至12:00,33534.68220658436,33893.444406584356,1311.1678724279834,18000.255836173106,412.76262354750025,5808.30672889393,24221.325188614537
2025-11-07,更新至18:00,33534.68220658436,33893.444406584356,1311.1678724279832,18000.255836173106,412.76262354750025,5808.306728893928,24221.325188614534
2025-11-08,仅0:00预报,33527.25693168724,33527.25693168724,1197.6245500000002,18117.575714663806,0.0,4685.315573450001,22802.891288113806
2025-11-08,更新至6:00,33527.25693168724,33681.24533168724,1325.4425166666667,18117.575714663806,186.60836125749785,5185.115896716667,23489.29997263797
2025-11-08,更新至12:00,33527.25693168724,34905.23783168724,1081.8572000000006,18117.575714663806,979.2980001325001,4162.387971408337,23259.261686204645
2025-11-08,更新至18:00,33527.25693168724,34905.23783168724,1081.8572000000001,18117.575714663806,979.2980001325001,4162.387971408334,23259.26168620464
2025-11-09,仅0:00预报,76591.68048937037,76591.68048937037,2928.460166666667,47423.084887928126,0.0,13551.488263675,60974.57315160312
2025-11-09,更新至6:00,76591.68048937037,76656.92848937036,2591.7477310000017,47423.084887928126,80.67698303999997,11983.927535965675,59487.6894069338
2025-11-09,更新至12:00,76591.68048937037,77406.87239801235,2475.391081,47423.084887928126,909.3205848458327,11492.772246499,59825.17771927296
2025-11-09,更新至18:00,76591.68048937037,77406.87239801235,2475.391081,47423.084887928126,909.3205848458359,11492.772246499,59825.177719272964
2025-11-10,仅0:00预报,77986.26309650205,77986.26309650205,4735.5368,48472.04114260203,0.0,21538.310613249996,70010.35175585203
2025-11-10,更新至6:00,77986.26309650205,80966.31089814813,2371.0106666666666,48472.04114260203,2881.947854917871,11195.24532520833,62549.23432272823
2025-11-10,更新至12:00,77986.26309650205,80566.65449814814,2454.851766666671,48472.04114260203,2619.103832047876,11397.990775358343,62489.13575000825
2025-11-10,更新至18:00,77986.26309650205,80566.65449814814,2454.851766666671,48472.04114260203,2619.1038320478774,11397.990775358343,62489.13575000825
2025-11-11,仅0:00预报,79817.39081021192,79817.39081021192,1560.3103500000016,49764.41355749186,0.0,7176.315786275003,56940.72934376686
2025-11-11,更新至6:00,79817.39081021192,79969.49523140534,1855.6927499997596,49764.41355749186,169.54304749722525,9543.678033715478,59477.63463870456
2025-11-11,更新至12:00,79817.39081021192,79817.39081021192,1855.6927499997596,49764.41355749186,0.0,9543.678033715478,59308.09159120734
2025-11-11,更新至18:00,79817.39081021192,79817.39081021192,1855.6927499997596,49764.41355749186,1.285218331759097e-12,9543.678033715478,59308.09159120734
2025-11-12,仅0:00预报,75762.19559135802,75762.19559135802,3890.1369333333337,46790.62556618475,0.0,18492.865961291667,65283.49152747642
2025-11-12,更新至6:00,75762.19559135802,79446.87536684773,2394.086016666666,46790.62556618475,4035.418730946761,11269.577606974995,62095.621904106505
2025-11-12,更新至12:00,75762.19559135802,77868.12646602468,2425.2460333333343,46790.62556618475,2203.1397432375015,11399.55581221667,60393.321121638925
2025-11-12,更新至18:00,75762.19559135802,77868.12646602468,2425.2460333333356,46790.62556618475,2203.1397432375034,11399.555812216679,60393.32112163893
2025-11-13,仅0:00预报,74007.05132674897,74007.05132674897,4607.2589333333335,46005.38550965827,0.0,17660.198045274996,63665.58355493327
2025-11-13,更新至6:00,74007.05132674897,75501.44663806583,3245.773366666667,46005.38550965827,1494.9201292086739,14624.909185333332,62125.21482420027
2025-11-13,更新至12:00,74007.05132674897,76152.94373209875,3029.4428166666657,46005.38550965827,2205.01356844901,13765.893314741663,61976.29239284894
2025-11-13,更新至18:00,74007.05132674897,76152.94373209875,3029.4428166666694,46005.38550965827,2205.0135684490124,13765.893314741683,61976.29239284896
2025-11-14,仅0:00预报,33907.31608333333,33907.31608333333,2271.898866666666,18506.858381624996,0.0,8057.796496358332,26564.65487798333
2025-11-14,更新至6:00,33907.31608333333,33907.31608333333,3028.145783333335,18506.858381624996,0.0,10871.207997775005,29378.0663794
2025-11-14,更新至12:00,33907.31608333333,36271.740249999995,1783.9661500000025,18506.858381624996,1806.9814219774985,6548.957220733343,26862.79702433584
2025-11-14,更新至18:00,33907.31608333333,36271.740249999995,1783.9661500000022,18506.858381624996,1806.9814219774985,6548.957220733342,26862.797024335836
2025-11-15,仅0:00预报,35589.32198189301,35589.32198189301,1414.4305666666667,19224.520029237596,0.0,6375.521842825,25600.041872062597
2025-11-15,更新至6:00,35589.32198189301,35589.32198189301,1196.8181347736536,19224.520029237596,0.0,5317.858920635143,24542.37894987274
2025-11-15,更新至12:00,35589.32198189301,35589.32198189301,1205.033168106987,19224.520029237596,0.0,5352.960948910143,24577.480978147738
2025-11-15,更新至18:00,35589.32198189301,35589.32198189301,1205.033168106987,19224.520029237596,0.0,5352.960948910142,24577.480978147738
2025-11-16,仅0:00预报,77053.95078309876,77053.95078309876,3862.863133333334,48008.327812010684,0.0,16372.367805799999,64380.695617810685
2025-11-16,更新至6:00,77053.95078309876,80282.38160314814,2758.026733333335,48008.327812010684,3611.6732423997255,11572.876168458337,63192.877222868745
2025-11-16,更新至12:00,77053.95078309876,79564.74453936215,2773.0756833333344,48008.327812010684,2815.3365384025064,11634.973025633337,62458.63737604653
2025-11-16,更新至18:00,77053.95078309876,79564.74453936215,2773.0756833333353,48008.327812010684,2815.3365384025096,11634.973025633337,62458.63737604653
2025-11-17,仅0:00预报,72633.16636028807,72633.16636028807,6287.744900000001,45090.00440334683,0.0,26182.428798133333,71272.43320148016
2025-11-17,更新至6:00,72633.16636028807,80120.04413031069,2423.423483333335,45090.00440334683,7066.254514534909,11375.627179658339,63531.886097540075
2025-11-17,更新至12:00,72633.16636028807,78754.08414985801,2426.924933333335,45090.00440334683,5770.824593345655,11390.12143193334,62250.95042862582
2025-11-17,更新至18:00,72633.16636028807,78754.08414985801,2426.924933333335,45090.00440334683,5770.824593345662,11390.12143193334,62250.95042862583
2025-11-18,仅0:00预报,77389.07288216666,77389.07288216666,5227.9048833333345,47941.62638930604,0.0,22697.80904735,70639.43543665604
2025-11-18,更新至6:00,77389.07288216666,78037.69121666666,4155.671922839507,47941.62638930604,804.2754910459511,17790.5818342642,66536.48371461619
2025-11-18,更新至12:00,77389.07288216666,79596.60519633332,3457.590122839508,47941.62638930604,2467.0647317891458,15351.607793689205,65760.29891478439
2025-11-18,更新至18:00,77389.07288216666,79596.60519633332,3457.590122839508,47941.62638930604,2467.0647317891458,15351.607793689205,65760.29891478439
2025-11-19,仅0:00预报,76818.70161149793,76818.70161149793,5346.155250000001,47726.778430838225,0.0,23821.880178525,71548.65860936322
2025-11-19,更新至6:00,76818.70161149793,82985.71749259258,1824.8945166666667,47726.778430838225,6291.799595812661,8567.705944775,62586.28397142589
2025-11-19,更新至12:00,76818.70161149793,81991.42848930041,1809.3868166666666,47726.778430838225,5457.487805686274,8505.238053899999,61689.5042904245
2025-11-19,更新至18:00,76818.70161149793,81991.42848930041,1809.3868166666666,47726.778430838225,5457.487805686277,8505.238053899999,61689.504290424506
2025-11-20,仅0:00预报,76363.98499341564,76363.98499341564,4601.877016666666,47394.5747270364,0.0,20052.26981020833,67446.84453724473
2025-11-20,更新至6:00,76363.98499341564,78449.81046872426,3153.830816666667,47394.5747270364,2039.7699970237516,14761.877985608335,64196.22270966849
2025-11-20,更新至12:00,76363.98499341564,79287.66198580246,2976.1923333333334,47394.5747270364,2917.558282529864,14051.421079466667,64363.55408903293
2025-11-20,更新至18:00,76363.98499341564,79287.66198580246,2976.1923333333334,47394.5747270364,2917.558282529864,14051.421079466667,64363.55408903293
2025-11-21,仅0:00预报,34830.56773209876,34830.56773209876,2829.5560333333333,18814.472542424937,0.0,10117.54371975,28932.016262174937
2025-11-21,更新至6:00,34830.56773209876,34981.96666209876,1643.1441084362123,18814.472542424937,162.33946388500135,7382.250949196906,26359.062955506844
2025-11-21,更新至12:00,34830.56773209876,35117.85539009876,1782.3486417695526,18814.472542424937,314.0491304960008,7640.097385646922,26768.61905856786
2025-11-21,更新至18:00,34830.56773209876,35117.85539009876,1782.3486417695526,18814.472542424937,314.0491304959997,7640.097385646921,26768.61905856786
2025-11-22,仅0:00预报,36975.90498353909,36975.90498353909,1517.7038166666669,19865.448046384074,0.0,6965.095024075003,26830.543070459076
2025-11-22,更新至6:00,36975.90498353909,36975.90498353909,932.3608286563772,19865.448046384074,0.0,4445.067235461916,24310.51528184599
2025-11-22,更新至12:00,36975.90498353909,37228.94693353909,903.8015953230442,19865.448046384074,173.33647329249592,4324.257887603586,24363.042407280154
2025-11-22,更新至18:00,36975.90498353909,37228.94693353909,903.8015953230436,19865.448046384074,173.33647329249592,4324.257887603582,24363.042407280154
2025-11-23,仅0:00预报,76703.16016502057,76703.16016502057,5590.2577833333335,47692.49383810207,0.0,24165.93017105833,71858.4240091604
2025-11-23,更新至6:00,76703.16016502057,81065.39217345678,2920.326400000001,47692.49383810207,4980.693165010216,12472.078275175001,65145.26527828728
2025-11-23,更新至12:00,76703.16016502057,79836.94804567902,2965.6176166666673,47692.49383810207,3601.0268088892008,12664.888334025003,63958.40898101627
2025-11-23,更新至18:00,76703.16016502057,79836.948045679,2965.6176166666673,47692.49383810207,3601.026808889201,12664.888334025003,63958.40898101628
2025-11-24,仅0:00预报,75923.64062704732,75923.64062704732,4566.217200000002,47162.70319953884,0.0,19180.15950143334,66342.86270097218
2025-11-24,更新至6:00,75923.64062704732,78081.4285419753,3563.146349999998,47162.70319953884,2279.7036731476655,15518.334155849992,64960.741028536504
2025-11-24,更新至12:00,75923.64062704732,77944.6583127572,3414.327033333332,47162.70319953884,2042.2443933262753,15092.928558649994,64297.87615151511
2025-11-24,更新至18:00,75923.64062704732,77944.6583127572,3414.3270333333335,47162.70319953884,2042.244393326279,15092.928558650003,64297.87615151512
2025-11-25,仅0:00预报,86891.25811995883,86891.25811995883,1589.0809499999993,54597.44064707532,0.0,7410.900735733331,62008.34138280865
2025-11-25,更新至6:00,86891.25811995883,86891.25811995883,1667.4582029999956,54597.44064707532,0.0,8495.727575815981,63093.1682228913
2025-11-25,更新至12:00,86891.25811995883,86891.25811995883,1667.4582029999956,54597.44064707532,0.0,8495.727575815981,63093.1682228913
2025-11-25,更新至18:00,86891.25811995883,86891.25811995883,1667.4582029999956,54597.44064707532,2.1420305529318284e-12,8495.727575815981,63093.1682228913
2025-11-26,仅0:00预报,82073.64296666667,82073.64296666667,3564.013566666666,51101.18093811333,0.0,16990.69387395833,68091.87481207166
2025-11-26,更新至6:00,82073.64296666667,83931.40576707818,1777.8593166666662,51101.18093811333,2219.0776554349063,8331.291180574999,61651.54977412323
2025-11-26,更新至12:00,82073.64296666667,83641.85331666666,1798.6271666666646,51101.18093811333,1948.0329424875015,8418.624835524992,61467.83871612582
2025-11-26,更新至18:00,82073.64296666667,83641.85331666666,1798.6271666666646,51101.18093811333,1948.0329424875151,8418.624835524992,61467.838716125836
2025-11-27,仅0:00预报,79121.7086120967,79121.7086120967,3654.842433333335,49357.9587614724,0.0,16252.110662075003,65610.06942354741
2025-11-27,更新至6:00,79121.7086120967,81741.3951409465,2082.9195333333346,49357.9587614724,2737.367919251938,9643.017451800006,61738.34413252435
2025-11-27,更新至12:00,79121.7086120967,81449.25273744855,2059.2787000000008,49357.9587614724,2479.0208535724973,9564.566838483335,61401.54645352823
2025-11-27,更新至18:00,79121.7086120967,81449.25273744855,2059.2787000000008,49357.9587614724,2479.020853572504,9564.566838483335,61401.54645352824
2025-11-28,仅0:00预报,35580.75739012345,35580.75739012345,2315.9686393004176,19362.231166619073,0.0,8587.838953488714,27950.070120107786
2025-11-28,更新至6:00,35580.75739012345,35934.69911090946,2328.7800166666666,19362.231166619073,311.88997190802564,11133.840457016666,30807.961595543762
2025-11-28,更新至12:00,35580.75739012345,35642.96442412345,2554.2304,19362.231166619073,68.95958177549696,11676.018419049999,31107.20916744457
2025-11-28,更新至18:00,35580.75739012345,35642.96442412345,2554.2304,19362.231166619073,68.95958177549696,11676.018419049999,31107.20916744457
2025-11-29,仅0:00预报,43527.26037633745,43527.26037633745,1141.477133333333,22754.80153382969,0.0,5292.631923374998,28047.433457204686
2025-11-29,更新至6:00,43527.26037633745,43527.26037633745,389.1880166666667,22754.80153382969,0.0,1730.4905339166667,24485.292067746355
2025-11-29,更新至12:00,43527.26037633745,44603.80194526749,204.29134999999997,22754.80153382969,972.6580505127847,1025.777578916666,24753.237163259142
2025-11-29,更新至18:00,43527.26037633745,44603.80194526749,204.29134999999997,22754.80153382969,972.6580505127847,1025.777578916666,24753.237163259142
2025-11-30,仅0:00预报,82877.99106316871,82877.99106316871,3628.6019833333357,51673.1008667587,0.0,17097.219905841674,68770.32077260037
2025-11-30,更新至6:00,82877.99106316871,86232.79119234774,2347.861083333334,51673.1008667587,3905.8101430347288,11277.154720633333,66856.06573042677
2025-11-30,更新至12:00,82877.99106316871,85397.51470016666,2404.5599,51673.1008667587,2963.084761135905,11425.766731374997,66061.9523592696
2025-11-30,更新至18:00,82877.99106316871,85397.51470016666,2404.5599000000016,51673.1008667587,2963.0847611359086,11425.766731375006,66061.9523592696
2025-12-01,仅0:00预报,93631.13710925926,93631.13710925926,2142.5259166666665,59383.23003655592,0.0,10114.553661458334,69497.78369801426
2025-12-01,更新至6:00,93631.13710925926,94120.27343539093,2451.0393833333337,59383.23003655592,577.9162599464187,12409.927119666667,72371.073416169
2025-12-01,更新至12:00,93631.13710925926,93639.81280925925,2460.858616666667,59383.23003655592,11.502243059999342,12457.815520633332,71852.54780024925
2025-12-01,更新至18:00,93631.13710925926,93639.81280925925,2460.858616666667,59383.23003655592,11.502243059999866,12457.815520633332,71852.54780024925
2025-12-02,仅0:00预报,96996.18376666665,96996.18376666665,1923.5863166666654,61744.82370623166,0.0,9202.490596791662,70947.31430302332
2025-12-02,更新至6:00,96996.18376666665,97068.38914999997,2033.5698144999947,61744.82370623166,99.8362245124992,10061.66078557531,71906.32071631947
2025-12-02,更新至12:00,96996.18376666665,97027.23231666666,2034.7522311666612,61744.82370623166,51.24487082750305,10066.24061120031,71862.30918825947
2025-12-02,更新至18:00,96996.18376666665,97027.23231666666,2034.7522311666628,61744.82370623166,51.244870827500975,10066.24061120032,71862.30918825949
2025-12-03,仅0:00预报,86336.52605472428,86336.52605472428,6697.420783333332,53970.72820205917,0.0,27042.96235232499,81013.69055438416
2025-12-03,更新至6:00,86336.52605472428,92422.46483600822,2446.2965999999988,53970.72820205917,6108.837621724146,11729.84800863333,71809.41383241664
2025-12-03,更新至12:00,86336.52605472428,92949.63807057613,2363.301683333332,53970.72820205917,6731.913316976827,11355.28957283333,72057.93109186932
2025-12-03,更新至18:00,86336.52605472428,92949.63807057613,2363.301683333332,53970.72820205917,6731.913316976828,11355.28957283333,72057.93109186932
2025-12-04,仅0:00预报,94634.67931666665,94634.67931666665,3834.723333333331,60311.09533343832,0.0,18347.933811783325,78659.02914522165
2025-12-04,更新至6:00,94634.67931666665,95015.53136533333,2850.6622166666666,60311.09533343832,494.6813313706966,13653.423342575,74459.20000738402
2025-12-04,更新至12:00,94634.67931666665,95015.53136533333,2848.1619499999997,60311.09533343832,494.6813313706966,13643.353518575,74449.13018338403
2025-12-04,更新至18:00,94634.67931666665,95015.53136533331,2848.1619499999997,60311.09533343832,494.68133137069805,13643.353518575,74449.13018338403
2025-12-05,仅0:00预报,45437.791192946504,45437.791192946504,2212.9090333333324,23859.358753099626,0.0,9897.033115449998,33756.391868549625
2025-12-05,更新至6:00,45437.791192946504,46735.73214644444,1892.5937166666663,23859.358753099626,1007.4369021642522,9048.964423733332,33915.76007899721
2025-12-05,更新至12:00,45437.791192946504,46918.77890117695,1874.779549999991,23859.358753099626,1248.2710869319399,9002.966106274956,34110.59594630652
2025-12-05,更新至18:00,45437.791192946504,46918.77890117695,1874.779549999991,23859.358753099626,1248.2710869319399,9002.966106274956,34110.59594630652
2025-12-06,仅0:00预报,48716.48333374485,48716.48333374485,1909.0426333333335,25638.63330190006,0.0,8675.433459299997,34314.066761200054
2025-12-06,更新至6:00,48716.48333374485,48716.48333374485,1327.0029833333326,25638.63330190006,0.0,6429.673589583331,32068.30689148339
2025-12-06,更新至12:00,48716.48333374485,49320.407094238675,1141.158366666666,25638.63330190006,527.3894921338824,5661.477344749998,31827.50013878394
2025-12-06,更新至18:00,48716.48333374485,49320.407094238675,1141.158366666666,25638.63330190006,527.3894921338824,5661.477344749998,31827.50013878394
2025-12-07,仅0:00预报,96755.26288333333,96755.26288333333,1626.0745999999997,61724.20157535165,0.0,7686.505934908332,69410.70751025999
2025-12-07,更新至6:00,96755.26288333333,96762.7878333333,1773.3801840000056,61724.20157535165,13.112601622501025,8941.664682311033,70678.97885928518
2025-12-07,更新至12:00,96755.26288333333,97388.11057263373,1648.5966006666727,61724.20157535165,746.294186749563,8385.5798537277,70856.07561582892
2025-12-07,更新至18:00,96755.26288333333,97388.11057263374,1648.5966006666727,61724.20157535165,746.294186749568,8385.5798537277,70856.07561582892
2025-12-08,仅0:00预报,95730.8817,95730.8817,1329.7518499999999,60858.26919584666,0.0,5985.776536258334,66844.04573210499
2025-12-08,更新至6:00,95730.8817,96650.58812199795,1819.5099499999994,60858.26919584666,1069.0780490679545,8692.16695705833,70619.51420197294
2025-12-08,更新至12:00,95730.8817,95806.02474599998,1815.7411166666661,60858.26919584666,89.81668122449615,8676.308312899999,69624.39418997115
2025-12-08,更新至18:00,95730.8817,95806.02474600001,1815.7411166666661,60858.26919584666,89.8166812245004,8676.308312899999,69624.39418997116
2025-12-09,仅0:00预报,95093.91214999999,95093.91214999999,1635.7078999999997,60695.480439189996,0.0,7802.6033198666655,68498.08375905667
2025-12-09,更新至6:00,95093.91214999999,95224.71304999999,1585.7542999999994,60695.480439189996,155.92447789999977,8157.958328349996,69009.36324543999
2025-12-09,更新至12:00,95093.91214999999,95180.27154999999,1565.770266666666,60695.480439189996,102.9169064000005,8034.691464574996,68833.08881016499
2025-12-09,更新至18:00,95093.91214999999,95180.27155,1565.770266666666,60695.480439189996,102.91690640000263,8034.691464574996,68833.08881016499
2025-12-10,仅0:00预报,90986.47525596707,90986.47525596707,4997.780083333333,57278.14975112726,0.0,21654.125615658333,78932.27536678559
2025-12-10,更新至6:00,90986.47525596707,94547.24052448559,2598.1600500000004,57278.14975112726,3688.098255317779,12383.450566983336,73349.69857342838
2025-12-10,更新至12:00,90986.47525596707,93404.63177633744,2587.454733333335,57278.14975112726,2469.7317331319473,12340.491883275006,72088.37336753422
2025-12-10,更新至18:00,90986.47525596707,93404.63177633745,2587.454733333335,57278.14975112726,2469.731733131955,12340.491883275006,72088.37336753422
2025-12-11,仅0:00预报,93621.52330185185,93621.52330185185,2076.9218666666666,59283.84558060185,0.0,9850.63119245,69134.47677305185
2025-12-11,更新至6:00,93621.52330185185,93622.86531851851,1764.0860263333366,59283.84558060185,2.3385311425057993,8767.961122181343,68054.1452339257
2025-12-11,更新至12:00,93621.52330185185,94041.70351616666,1697.8773430000035,59283.84558060185,476.7269676265275,8468.854586073012,68229.42713430138
2025-12-11,更新至18:00,93621.52330185185,94041.70351616666,1697.8773430000037,59283.84558060185,476.7269676265337,8468.854586073012,68229.4271343014
2025-12-12,仅0:00预报,46655.290626337446,46655.290626337446,2490.230316666667,24404.96866890185,0.0,11847.778096758331,36252.74676566018
2025-12-12,更新至6:00,46655.290626337446,49274.06844320987,1631.9861166666665,24404.96866890185,1966.7488442425001,7791.9292696916655,34163.64678283602
2025-12-12,更新至12:00,46655.290626337446,49763.151582098755,1537.1064333333334,24404.96866890185,2522.421887867499,7409.887270733333,34337.27782750268
2025-12-12,更新至18:00,46655.290626337446,49763.151582098755,1537.1064333333334,24404.96866890185,2522.421887867499,7409.887270733333,34337.27782750268
2025-12-13,仅0:00预报,47974.92523744856,47974.92523744856,1715.8242000000005,24987.657978449755,0.0,7794.33375815,32781.99173659975
2025-12-13,更新至6:00,47974.92523744856,49968.413497325106,2000.849066666667,24987.657978449755,2042.2418643145388,9753.010651833332,36782.91049459763
2025-12-13,更新至12:00,47974.92523744856,48843.19759958848,2003.7646500000005,24987.657978449755,900.5461616810193,9762.769109249999,35650.973249380775
2025-12-13,更新至18:00,47974.92523744856,48843.19759958848,2003.7646500000005,24987.657978449755,900.5461616810193,9762.769109249999,35650.973249380775
2025-12-14,仅0:00预报,89854.05804320986,89854.05804320986,5407.480816666667,56762.403799502645,0.0,22668.694493441668,79431.09829294431
2025-12-14,更新至6:00,89854.05804320986,93877.53348399999,2532.5641,56762.403799502645,4172.456655767822,12030.626218508332,72965.4866737788
2025-12-14,更新至12:00,89854.05804320986,94167.67251666666,2510.2709333333332,56762.403799502645,4519.07768530022,11940.840489758331,73222.3219745612
2025-12-14,更新至18:00,89854.05804320986,94167.67251666666,2510.2709333333332,56762.403799502645,4519.077685300223,11940.840489758331,73222.3219745612
2025-12-15,仅0:00预报,89557.90171666666,89557.90171666666,6336.300966666665,56356.832862646654,0.0,26266.449245275,82623.28210792165
2025-12-15,更新至6:00,89557.90171666666,95168.17564999999,2166.287783333333,56356.832862646654,5883.9610771225,10393.713498883335,72634.50743865248
2025-12-15,更新至12:00,89557.90171666666,94869.74945,2194.8221999999996,56356.832862646654,5601.989260042499,10461.942083725,72420.76420641415
2025-12-15,更新至18:00,89557.90171666666,94869.74945,2194.8221999999996,56356.832862646654,5601.989260042503,10461.942083725,72420.76420641415
2025-12-16,仅0:00预报,94964.14525,94964.14525,2583.4393999999998,60610.37033911833,0.0,10914.889884091666,71525.26022321
2025-12-16,更新至6:00,94964.14525,95127.93959999998,2153.1603000005853,60610.37033911833,225.15640715499828,9653.479581176363,70489.0063274497
2025-12-16,更新至12:00,94964.14525,95194.71829259253,2020.0544333339196,60610.37033911833,268.13696461606537,9211.4252259097,70089.9325296441
2025-12-16,更新至18:00,94964.14525,95194.71829259253,2020.0544333339196,60610.37033911833,268.1369646160679,9211.4252259097,70089.9325296441
2025-12-17,仅0:00预报,95584.28143683125,95584.28143683125,1439.9152666666669,60729.53203924702,0.0,6785.044493416668,67514.57653266369
2025-12-17,更新至6:00,95584.28143683125,95584.28143683125,1595.6613411666672,60729.53203924702,0.0,8304.723175225088,69034.2552144721
2025-12-17,更新至12:00,95584.28143683125,95837.00815149999,1585.6922078333341,60729.53203924702,332.50452769157283,8253.338130608421,69315.37469754701
2025-12-17,更新至18:00,95584.28143683125,95837.00815149999,1585.6922078333341,60729.53203924702,332.50452769157636,8253.338130608421,69315.37469754701
2025-12-18,仅0:00预报,90952.190163786,90952.190163786,3120.9910333333332,57685.85457573971,0.0,13769.673241991666,71455.52781773137
2025-12-18,更新至6:00,90952.190163786,93487.79763333334,2404.095283333333,57685.85457573971,2839.9557696129377,11099.521143533333,71625.33148888597
2025-12-18,更新至12:00,90952.190163786,92726.07834465019,2409.8671999999997,57685.85457573971,1866.6507275321371,11131.332112158334,70683.83741543017
2025-12-18,更新至18:00,90952.190163786,92726.07834465019,2409.8671999999997,57685.85457573971,1866.6507275321378,11131.332112158334,70683.83741543017
2025-12-19,仅0:00预报,44480.267074897114,44480.267074897114,4329.118666666666,23752.35645288183,0.0,17100.73853365,40853.09498653183
2025-12-19,更新至6:00,44480.267074897114,48095.122392386824,2067.3306499999994,23752.35645288183,2530.2433132168826,9944.753014091664,36227.35278019038
2025-12-19,更新至12:00,44480.267074897114,47063.63533168724,2307.4447999999993,23752.35645288183,1755.4453576680871,10623.132356533331,36130.93416708325
2025-12-19,更新至18:00,44480.267074897114,47063.63533168724,2307.4447999999993,23752.35645288183,1755.4453576680871,10623.13235653333,36130.93416708325
2025-12-20,仅0:00预报,47127.776089917694,47127.776089917694,2725.475933333333,24911.975404964694,0.0,12423.901608383332,37335.87701334803
2025-12-20,更新至6:00,47127.776089917694,47127.776089917694,1997.105585999998,24911.975404964694,0.0,9487.650499891994,34399.625904856686
2025-12-20,更新至12:00,47127.776089917694,47288.12104053497,1952.8315693333316,24911.975404964694,106.63337503610656,9337.196007941995,34355.8047879428
2025-12-20,更新至18:00,47127.776089917694,47288.12104053497,1952.8315693333332,24911.975404964694,106.63337503610725,9337.196007942002,34355.804787942805
2025-12-21,仅0:00预报,93776.07118950617,93776.07118950617,2272.066866666667,59565.767032845615,0.0,9786.440797283336,69352.20783012896
2025-12-21,更新至6:00,93776.07118950617,93801.81067283949,2577.1943686666737,59565.767032845615,31.194010122501517,11674.656487955363,71271.61753092348
2025-12-21,更新至12:00,93776.07118950617,94583.89830925924,2465.5570353333387,59565.767032845615,789.8467119454631,11224.820641713686,71580.43438650477
2025-12-21,更新至18:00,93776.07118950617,94583.89830925924,2465.5570353333387,59565.767032845615,789.8467119454662,11224.820641713686,71580.43438650477
2025-12-22,仅0:00预报,92083.09539897117,92083.09539897117,3833.6061833333347,58599.300085393224,0.0,15285.83248999167,73885.1325753849
2025-12-22,更新至6:00,92083.09539897117,92973.35879997117,2740.1709166666683,58599.300085393224,665.3370963234986,11991.57016023334,71256.20734195007
2025-12-22,更新至12:00,92083.09539897117,93894.8875232222,2428.770566666666,58599.300085393224,1612.3024456844832,10866.5003655,71078.10289657771
2025-12-22,更新至18:00,92083.09539897117,93894.8875232222,2428.7705666666684,58599.300085393224,1612.302445684485,10866.500365500004,71078.10289657771
2025-12-23,仅0:00预报,93729.21863333331,93729.21863333331,1379.903166666667,59583.98001946833,0.0,6282.722315116668,65866.70233458499
2025-12-23,更新至6:00,93729.21863333331,93804.63966666666,1667.4379663333373,59583.98001946833,89.81513754499996,8476.879467113518,68150.67462412684
2025-12-23,更新至12:00,93729.21863333331,93745.7303,1594.5053496666685,59583.98001946833,19.66291824999985,8234.522550438509,67838.16548815684
2025-12-23,更新至18:00,93729.21863333331,93745.7303,1594.5053496666685,59583.98001946833,19.662918250002207,8234.522550438509,67838.16548815684
2025-12-24,仅0:00预报,92592.79113497942,92592.79113497942,2595.373349999999,58997.05706502517,0.0,11185.83667353333,70182.8937385585
2025-12-24,更新至6:00,92592.79113497942,93103.3518030864,2148.4320333333326,58997.05706502517,406.2397204427107,9619.932443699996,69023.22922916788
2025-12-24,更新至12:00,92592.79113497942,92860.16956831275,2190.1612166666655,58997.05706502517,207.5567724125015,9765.405878674994,68970.01971611266
2025-12-24,更新至18:00,92592.79113497942,92860.16956831276,2190.1612166666655,58997.05706502517,207.55677241250112,9765.405878674994,68970.01971611266
2025-12-25,仅0:00预报,89085.24219650205,89085.24219650205,5033.5799333333325,56355.39819315704,0.0,20129.981945975,76485.38013913203
2025-12-25,更新至6:00,89085.24219650205,90009.36500658435,4130.005583333332,56355.39819315704,745.36714238472,17666.953183708327,74767.71851925008
2025-12-25,更新至12:00,89085.24219650205,91891.01706460904,3318.5144999999993,56355.39819315704,2761.0064880666337,15181.883477016661,74298.28815824034
2025-12-25,更新至18:00,89085.24219650205,91891.01706460904,3318.5145000000016,56355.39819315704,2761.0064880666355,15181.883477016678,74298.28815824035
2025-12-26,仅0:00预报,44624.55745288066,44624.55745288066,4001.2125666666666,23559.681412224178,0.0,18209.553822825,41769.23523504918
2025-12-26,更新至6:00,44624.55745288066,45643.695103086415,3107.388866666666,23559.681412224178,677.7267786842867,14444.743198466665,38682.151389375125
2025-12-26,更新至12:00,44624.55745288066,46330.672236213984,2763.172,23559.681412224178,1176.3888590235406,12917.832407416667,37653.90267866438
2025-12-26,更新至18:00,44624.55745288066,46330.672236213984,2763.172,23559.681412224178,1176.3888590235406,12917.832407416667,37653.90267866438
2025-12-27,仅0:00预报,46220.78476545884,46220.78476545884,3908.772466666666,24344.426893427568,0.0,17126.969130741665,41471.39602416923
2025-12-27,更新至6:00,46220.78476545884,46986.1873629897,2995.1126333333327,24344.426893427568,622.9568256477769,12783.085218266666,37750.46893734201
2025-12-27,更新至12:00,46220.78476545884,47301.15957903909,2961.924899999999,24344.426893427568,897.8750878316703,12643.645723499998,37885.94770475924
2025-12-27,更新至18:00,46220.78476545884,47301.15957903909,2961.924899999999,24344.426893427568,897.8750878316703,12643.645723499998,37885.94770475924
2025-12-28,仅0:00预报,91362.98428333332,91362.98428333332,3452.9281499999997,57861.32156427333,0.0,15159.95145815833,73021.27302243166
2025-12-28,更新至6:00,91362.98428333332,91404.55264609054,2623.534016666665,57861.32156427333,27.63464756098922,12424.894519424994,70313.85073125931
2025-12-28,更新至12:00,91362.98428333332,91514.66356152264,2562.6230499999983,57861.32156427333,151.64223381830735,12167.62544436666,70180.58924245829
2025-12-28,更新至18:00,91362.98428333332,91514.66356152264,2562.6230499999983,57861.32156427333,151.6422338183103,12167.62544436666,70180.5892424583
2025-12-29,仅0:00预报,90500.20576460904,90500.20576460904,3732.750533333333,56818.775476986455,0.0,16909.8466879,73728.62216488646
2025-12-29,更新至6:00,90500.20576460904,93418.81222510287,2146.8731999999995,56818.775476986455,2929.563112536578,10376.057328074998,70124.39591759803
2025-12-29,更新至12:00,90500.20576460904,93797.74588366665,2132.793766666666,56818.775476986455,3450.249290831612,10324.324467208331,70593.3492350264
2025-12-29,更新至18:00,90500.20576460904,93797.74588366665,2132.7937666666667,56818.775476986455,3450.2492908316126,10324.324467208335,70593.3492350264
2025-12-30,仅0:00预报,91411.9703185185,91411.9703185185,3599.0326500000006,57721.00709022518,0.0,16992.81581706667,74713.82290729185
2025-12-30,更新至6:00,91411.9703185185,92872.17292933332,3162.643049999999,57721.00709022518,1663.9391644089246,14741.775190483328,74126.72144511744
2025-12-30,更新至12:00,91411.9703185185,91704.43093118517,3181.2065833333327,57721.00709022518,397.97863243420306,14816.539820983327,72935.52554364271
2025-12-30,更新至18:00,91411.9703185185,91704.43093118517,3181.2065833333327,57721.00709022518,397.978632434206,14816.539820983327,72935.52554364271
2025-12-31,仅0:00预报,93787.90005987654,93787.90005987654,2112.67645,59522.18106405932,0.0,9788.711594749997,69310.89265880932
2025-12-31,更新至6:00,93787.90005987654,93790.42063436215,2334.5499333333346,59522.18106405932,1.5550684288890442,11075.816430583338,70599.55256307154
2025-12-31,更新至12:00,93787.90005987654,94212.73656243208,2262.3148500000016,59522.18106405932,455.1481773346438,10815.179078291672,70792.50831968564
2025-12-31,更新至18:00,93787.90005987654,94212.73656243208,2262.3148500000016,59522.18106405932,455.1481773346444,10815.179078291672,70792.50831968564
